site_type,city_tier,quality_tier,scope_area_sqft,floors,planned_workers,total_build_area_sqft,labour_cost_inr,material_cost_inr,total_cost_inr,duration_days,machine_count
Apartment,tier2,standard,3251.0,4,32,13004.0,11147947.0,20436877.0,31584824.0,80,3
Road,tier3,standard,11936.0,1,48,11936.0,1483075.0,3917039.0,5400113.0,32,6
Apartment,tier1,basic,2141.0,1,11,2141.0,1390266.0,1721054.0,3111320.0,44,1
Hospital,tier1,basic,3026.0,1,15,3026.0,2828465.0,5425949.0,8254414.0,106,2
Home,tier3,basic,3359.0,2,18,6718.0,4421103.0,4320218.0,8741321.0,59,2
Other,tier2,premium,2200.0,2,16,4400.0,4403946.0,6265706.0,10669651.0,53,2
Apartment,tier2,standard,4490.0,2,38,8980.0,6439578.0,10801293.0,17240871.0,60,2
Apartment,tier3,basic,5605.0,1,19,5605.0,2817019.0,4198456.0,7015476.0,67,3
Home,tier3,standard,3013.0,2,18,6026.0,3604222.0,6403738.0,10007960.0,56,2
Road,tier2,standard,185896.0,1,244,185896.0,23496432.0,69098722.0,92595154.0,68,81
Road,tier3,standard,17037.0,1,40,17037.0,2002251.0,5452299.0,7454550.0,49,7
Apartment,tier2,standard,1435.0,4,14,5740.0,4642976.0,7668041.0,12311018.0,96,2
School,tier2,standard,808.0,2,3,1616.0,1231667.0,1904110.0,3135777.0,102,2
Apartment,tier2,basic,5957.0,4,82,23828.0,13716361.0,22129422.0,35845784.0,74,6
Road,tier1,standard,85424.0,1,300,85424.0,15819086.0,31441719.0,47260804.0,34,43
Office,tier1,basic,4287.0,3,37,12861.0,9189004.0,16654371.0,25843375.0,68,4
School,tier3,basic,3893.0,4,12,15572.0,7977002.0,15194368.0,23171369.0,170,5
Home,tier2,standard,1154.0,2,7,2308.0,1550843.0,2416688.0,3967531.0,61,1
Apartment,tier2,standard,1332.0,3,15,3996.0,3327954.0,5665133.0,8993087.0,71,2
School,tier2,premium,4877.0,3,52,14631.0,17006698.0,23906326.0,40913024.0,72,3
Apartment,tier1,basic,4855.0,2,24,9710.0,7798585.0,10466537.0,18265122.0,88,3
Road,tier1,standard,38454.0,1,74,38454.0,7399714.0,17601131.0,25000844.0,56,18
Other,tier3,premium,2328.0,3,31,6984.0,5928587.0,10431676.0,16360263.0,69,2
Apartment,tier2,standard,2641.0,2,20,5282.0,3082716.0,5385351.0,8468067.0,56,1
Apartment,tier1,premium,4829.0,2,25,9658.0,10657531.0,24225020.0,34882551.0,99,3
Home,tier2,premium,1499.0,2,5,2998.0,2732503.0,4768630.0,7501133.0,104,1
Road,tier2,premium,164761.0,1,300,164761.0,28900589.0,70610600.0,99511189.0,64,70
Home,tier2,premium,1956.0,2,9,3912.0,3966312.0,6836902.0,10803214.0,98,2
Home,tier3,standard,1462.0,2,11,2924.0,1628725.0,2423284.0,4052009.0,53,1
Hospital,tier2,standard,1336.0,2,9,2672.0,4044988.0,3888035.0,7933023.0,115,1
Hospital,tier2,premium,2997.0,1,17,2997.0,5606189.0,8333236.0,13939425.0,99,2
Other,tier2,premium,4898.0,3,48,14694.0,14920573.0,25006949.0,39927522.0,66,3
Office,tier2,basic,4273.0,1,24,4273.0,1816387.0,4756907.0,6573294.0,52,2
Road,tier2,basic,34622.0,1,119,34622.0,3622961.0,8640658.0,12263620.0,33,17
Road,tier1,basic,16280.0,1,42,16280.0,1955702.0,6039884.0,7995586.0,42,8
Home,tier3,premium,3031.0,3,19,9093.0,8863211.0,12062081.0,20925292.0,93,2
Home,tier2,basic,2580.0,2,12,5160.0,2946528.0,3927766.0,6874294.0,71,2
Road,tier2,basic,27720.0,1,106,27720.0,1635104.0,7414718.0,9049822.0,27,10
Office,tier1,standard,5719.0,1,20,5719.0,6513068.0,7157094.0,13670162.0,59,3
Hospital,tier3,basic,5969.0,2,14,11938.0,10703949.0,13321269.0,24025218.0,225,4
Road,tier1,premium,61731.0,1,279,61731.0,10447931.0,40648070.0,51096001.0,35,35
Apartment,tier2,standard,4831.0,2,49,9662.0,8743043.0,11312227.0,20055270.0,55,3
Hospital,tier3,basic,4520.0,1,5,4520.0,3986858.0,4594481.0,8581339.0,194,2
Office,tier2,basic,4873.0,3,66,14619.0,7975473.0,14305883.0,22281356.0,52,4
Apartment,tier3,standard,1304.0,1,7,1304.0,818791.0,1119728.0,1938519.0,58,1
Apartment,tier1,standard,5691.0,2,14,11382.0,10686524.0,18906946.0,29593470.0,148,4
Road,tier2,standard,12390.0,1,35,12390.0,1844885.0,4185849.0,6030734.0,33,5
Office,tier3,basic,4862.0,1,11,4862.0,2178313.0,4214282.0,6392595.0,70,2
Hospital,tier2,premium,3606.0,3,48,10818.0,19281834.0,29883599.0,49165433.0,118,5
Home,tier2,standard,2925.0,2,17,5850.0,4962685.0,7039285.0,12001970.0,67,1
Home,tier2,standard,1789.0,3,15,5367.0,5242708.0,5053890.0,10296598.0,60,1
Home,tier3,standard,737.0,1,3,737.0,397383.0,666080.0,1063463.0,43,1
Apartment,tier3,premium,5783.0,2,60,11566.0,9455281.0,18906018.0,28361299.0,65,3
Hospital,tier2,standard,1566.0,2,10,3132.0,3533152.0,4812984.0,8346135.0,96,2
Hospital,tier3,standard,2312.0,1,6,2312.0,2391000.0,3190097.0,5581097.0,132,2
Apartment,tier2,premium,2889.0,3,26,8667.0,9294729.0,16259178.0,25553907.0,95,2
Road,tier2,premium,58635.0,1,240,58635.0,10794328.0,26686118.0,37480446.0,34,24
School,tier2,standard,1886.0,2,7,3772.0,3333677.0,4158320.0,7491997.0,86,2
Home,tier2,standard,1607.0,3,16,4821.0,3530550.0,5453644.0,8984193.0,66,1
Home,tier3,standard,2243.0,2,10,4486.0,3081663.0,4542982.0,7624645.0,76,2
Hospital,tier2,standard,2247.0,4,17,8988.0,10592692.0,14782570.0,25375262.0,169,4
Road,tier1,basic,10842.0,1,12,10842.0,1386368.0,3097615.0,4483982.0,72,4
School,tier2,standard,2590.0,4,28,10360.0,9530761.0,12509448.0,22040209.0,80,3
Apartment,tier3,standard,3491.0,2,32,6982.0,4587261.0,7741497.0,12328757.0,59,2
School,tier3,basic,2904.0,3,9,8712.0,5685670.0,7064118.0,12749788.0,155,3
School,tier1,premium,2368.0,1,9,2368.0,4152010.0,4656785.0,8808795.0,70,1
School,tier1,basic,5536.0,1,14,5536.0,4337635.0,6784367.0,11122001.0,84,3
Office,tier2,premium,1849.0,4,15,7396.0,12446032.0,15331760.0,27777792.0,99,2
Home,tier1,basic,5121.0,1,19,5121.0,3409045.0,5368756.0,8777801.0,45,2
Road,tier3,basic,26296.0,1,128,26296.0,1884101.0,5517434.0,7401536.0,27,11
Office,tier2,basic,4052.0,2,41,8104.0,4444174.0,8664089.0,13108263.0,60,2
Road,tier2,standard,3568.0,1,13,3568.0,271714.0,1207717.0,1479430.0,34,3
Apartment,tier1,standard,5810.0,1,19,5810.0,4635944.0,9707473.0,14343417.0,63,2
Office,tier2,basic,3067.0,1,12,3067.0,1948410.0,2644615.0,4593025.0,63,2
Home,tier3,standard,3239.0,2,40,6478.0,4230808.0,6142396.0,10373204.0,37,2
Office,tier2,standard,1779.0,4,21,7116.0,6285200.0,10087234.0,16372435.0,80,3
Office,tier1,basic,3080.0,2,29,6160.0,4809825.0,7261385.0,12071210.0,56,2
Hospital,tier1,basic,4210.0,3,33,12630.0,15954977.0,20319099.0,36274076.0,106,6
School,tier3,basic,5647.0,3,40,16941.0,8356878.0,14466414.0,22823292.0,83,4
Apartment,tier3,basic,5183.0,2,56,10366.0,4515716.0,7660228.0,12175943.0,46,3
Hospital,tier1,basic,1276.0,4,17,5104.0,5396894.0,7782454.0,13179348.0,126,3
Road,tier2,standard,3616.0,1,13,3616.0,577606.0,1219857.0,1797463.0,28,1
Apartment,tier1,standard,5734.0,2,46,11468.0,8846969.0,15942057.0,24789026.0,65,3
Home,tier2,premium,4991.0,2,23,9982.0,14729860.0,17074707.0,31804566.0,80,2
Home,tier1,standard,1247.0,2,7,2494.0,2304154.0,4251314.0,6555468.0,74,1
Home,tier3,standard,5169.0,4,53,20676.0,11868630.0,17529844.0,29398473.0,58,3
Hospital,tier3,basic,4665.0,1,17,4665.0,4438371.0,4411181.0,8849552.0,132,2
Road,tier1,basic,7632.0,1,29,7632.0,1099792.0,2725551.0,3825344.0,29,4
Home,tier2,standard,1300.0,2,7,2600.0,1720798.0,2839105.0,4559904.0,63,1
Bridge,tier1,basic,37133.6,1,212,37133.6,128414668.0,195900861.0,324315529.0,150,21
Home,tier2,basic,2444.0,3,24,7332.0,4513497.0,5944999.0,10458496.0,52,2
Hospital,tier1,premium,3493.0,4,48,13972.0,38687307.0,45008422.0,83695729.0,121,5
Road,tier1,basic,41823.0,1,205,41823.0,4370365.0,13609907.0,17980272.0,25,17
Road,tier3,basic,41970.0,1,97,41970.0,5048541.0,9096491.0,14145032.0,38,18
Office,tier1,premium,4302.0,1,12,4302.0,6101883.0,10037793.0,16139675.0,84,2
School,tier3,basic,816.0,4,12,3264.0,1899465.0,2553292.0,4452757.0,69,2
Road,tier1,standard,35535.0,1,57,35535.0,5302140.0,17401467.0,22703607.0,57,12
Home,tier2,basic,1501.0,1,5,1501.0,840159.0,1368708.0,2208866.0,54,1
Home,tier2,standard,5550.0,4,127,22200.0,11574455.0,22265146.0,33839601.0,40,3
Other,tier3,premium,2903.0,3,48,8709.0,5264487.0,8590236.0,13854723.0,51,2
Apartment,tier1,standard,1440.0,3,19,4320.0,4823787.0,6529508.0,11353295.0,58,2
Hospital,tier1,standard,5750.0,2,54,11500.0,16698423.0,22202502.0,38900925.0,93,4
Office,tier2,basic,4252.0,2,33,8504.0,4532605.0,7498706.0,12031311.0,56,3
Other,tier2,standard,1381.0,2,8,2762.0,1985206.0,2692796.0,4678002.0,72,1
Apartment,tier2,standard,2385.0,1,13,2385.0,2330680.0,3519994.0,5850673.0,53,2
Hospital,tier1,basic,3417.0,2,15,6834.0,8741027.0,7356531.0,16097558.0,130,3
Road,tier1,basic,94178.0,1,300,94178.0,11415340.0,34718166.0,46133506.0,34,41
Office,tier3,standard,5989.0,3,49,17967.0,12764412.0,18938789.0,31703201.0,78,4
Home,tier2,premium,5108.0,1,14,5108.0,4785644.0,6610198.0,11395842.0,69,1
Apartment,tier2,premium,477.0,3,6,1431.0,1653199.0,2307031.0,3960229.0,64,1
Road,tier1,premium,99164.0,1,300,99164.0,21990233.0,52019789.0,74010022.0,46,31
Office,tier1,standard,663.0,2,7,1326.0,1153696.0,1883975.0,3037671.0,49,1
Office,tier3,standard,2091.0,1,8,2091.0,1350607.0,2111261.0,3461868.0,71,1
School,tier2,premium,1911.0,2,13,3822.0,4402814.0,5818216.0,10221030.0,77,2
Home,tier1,basic,1890.0,1,8,1890.0,1403086.0,1739712.0,3142797.0,35,1
Apartment,tier3,standard,1660.0,1,8,1660.0,1066538.0,1659562.0,2726100.0,64,1
Apartment,tier2,basic,2640.0,2,7,5280.0,2948166.0,4224713.0,7172879.0,131,2
Hospital,tier2,premium,3192.0,3,31,9576.0,20187113.0,24031941.0,44219055.0,145,4
Road,tier2,premium,41570.0,1,88,41570.0,6834154.0,20176990.0,27011144.0,52,23
School,tier2,premium,2754.0,1,8,2754.0,3456244.0,4407716.0,7863960.0,86,2
School,tier2,basic,532.0,3,3,1596.0,704298.0,1301609.0,2005907.0,87,1
School,tier2,premium,3668.0,2,9,7336.0,9787765.0,12412049.0,22199814.0,151,3
Home,tier2,basic,2083.0,3,11,6249.0,5161763.0,5897788.0,11059551.0,83,2
Road,tier1,basic,147776.0,1,300,147776.0,20609424.0,51176337.0,71785761.0,42,51
Home,tier3,standard,4154.0,1,17,4154.0,2638212.0,3607736.0,6245948.0,48,1
Road,tier2,standard,65058.0,1,155,65058.0,4141712.0,23469701.0,27611413.0,40,34
Office,tier2,premium,2354.0,4,22,9416.0,15359993.0,21493112.0,36853105.0,103,3
Home,tier2,basic,1602.0,3,18,4806.0,3138254.0,3692245.0,6830499.0,55,2
Home,tier2,standard,3144.0,1,12,3144.0,2102540.0,3175542.0,5278082.0,53,1
School,tier2,standard,2931.0,1,16,2931.0,2338196.0,3143720.0,5481916.0,50,1
Home,tier2,basic,5828.0,1,26,5828.0,4242407.0,5256379.0,9498786.0,44,2
Apartment,tier3,premium,586.0,3,4,1758.0,1591501.0,2761419.0,4352919.0,114,1
School,tier3,basic,1404.0,3,11,4212.0,2386161.0,3618967.0,6005129.0,81,2
Road,tier3,basic,28344.0,1,119,28344.0,2351622.0,6145475.0,8497097.0,30,14
School,tier1,standard,5710.0,2,26,11420.0,12643038.0,16713497.0,29356534.0,91,3
Home,tier2,standard,3911.0,1,12,3911.0,2795573.0,3945103.0,6740676.0,77,1
Other,tier2,premium,2170.0,4,12,8680.0,11475592.0,15529980.0,27005572.0,117,3
Road,tier1,basic,23904.0,1,43,23904.0,3578938.0,7225250.0,10804188.0,53,9
Apartment,tier3,basic,5127.0,1,25,5127.0,1710663.0,3625141.0,5335803.0,58,2
Home,tier2,premium,3769.0,2,27,7538.0,6402433.0,14762882.0,21165315.0,78,2
Road,tier1,standard,99225.0,1,258,99225.0,18896008.0,39955785.0,58851793.0,35,40
Road,tier1,standard,128450.0,1,300,128450.0,24330615.0,55676723.0,80007338.0,50,54
Apartment,tier1,basic,1232.0,3,20,3696.0,2882763.0,3927998.0,6810761.0,61,2
School,tier2,premium,5027.0,3,39,15081.0,17014060.0,27250318.0,44264377.0,94,4
Road,tier2,standard,33296.0,1,129,33296.0,5582080.0,11829034.0,17411114.0,29,10
Office,tier2,basic,5908.0,4,103,23632.0,18147328.0,30627577.0,48774906.0,68,7
Office,tier1,basic,1338.0,2,13,2676.0,1699681.0,2739479.0,4439160.0,49,2
Bridge,tier1,basic,6290.0,1,15,6290.0,19055481.0,34451792.0,53507273.0,231,6
Road,tier3,basic,25270.0,1,43,25270.0,1650286.0,5664655.0,7314941.0,56,12
Home,tier1,basic,3144.0,1,6,3144.0,1996147.0,2825554.0,4821701.0,74,2
Apartment,tier2,basic,715.0,1,3,715.0,303604.0,495548.0,799153.0,58,1
Apartment,tier2,basic,1844.0,3,31,5532.0,3746250.0,4992990.0,8739239.0,61,3
Home,tier2,standard,4874.0,3,62,14622.0,13337355.0,13463115.0,26800470.0,48,2
School,tier3,standard,4598.0,4,47,18392.0,12337354.0,20335969.0,32673323.0,79,5
Home,tier2,standard,2318.0,1,11,2318.0,1985290.0,2688925.0,4674216.0,34,1
Hospital,tier3,premium,592.0,3,5,1776.0,2531395.0,3738444.0,6269839.0,165,2
Office,tier3,basic,1286.0,1,3,1286.0,678565.0,960115.0,1638680.0,76,1
School,tier1,premium,3449.0,1,10,3449.0,4596730.0,6235570.0,10832300.0,96,2
Hospital,tier1,premium,3013.0,3,24,9039.0,19714699.0,24913114.0,44627813.0,152,3
Apartment,tier2,premium,5199.0,3,39,15597.0,21171048.0,31548811.0,52719859.0,115,5
Home,tier2,basic,3106.0,3,44,9318.0,6636068.0,7646968.0,14283036.0,48,2
Apartment,tier2,basic,2580.0,4,28,10320.0,7609460.0,10733058.0,18342519.0,67,3
Office,tier1,standard,3903.0,4,23,15612.0,18167426.0,23310598.0,41478024.0,115,4
Home,tier1,basic,5092.0,1,20,5092.0,3573182.0,5329919.0,8903101.0,50,1
School,tier2,basic,4976.0,1,11,4976.0,3094925.0,5151169.0,8246094.0,95,2
Road,tier2,basic,19782.0,1,45,19782.0,2328219.0,5205862.0,7534081.0,40,10
Apartment,tier2,standard,2744.0,4,46,10976.0,10246912.0,16438918.0,26685831.0,65,3
Apartment,tier3,premium,5542.0,3,41,16626.0,16053016.0,27281058.0,43334074.0,106,3
Office,tier1,basic,4925.0,1,14,4925.0,4185685.0,5508631.0,9694316.0,64,2
Other,tier2,premium,4832.0,3,49,14496.0,11242285.0,17989871.0,29232156.0,63,3
Office,tier3,standard,1045.0,2,6,2090.0,1431811.0,2590348.0,4022159.0,75,1
Bridge,tier2,basic,11415.2,1,32,11415.2,27294707.0,54362860.0,81657567.0,210,7
Office,tier2,standard,5059.0,3,9,15177.0,15282849.0,22733331.0,38016180.0,301,4
Apartment,tier2,basic,1131.0,2,7,2262.0,1270319.0,1800767.0,3071086.0,63,2
Home,tier1,premium,4419.0,4,92,17676.0,25705106.0,37804005.0,63509111.0,54,3
Home,tier3,standard,3314.0,3,40,9942.0,5887466.0,7800683.0,13688149.0,52,2
Road,tier2,standard,2852.0,1,8,2852.0,348416.0,799704.0,1148120.0,37,2
Other,tier2,standard,4154.0,1,16,4154.0,3005878.0,4418168.0,7424046.0,47,2
Apartment,tier2,basic,930.0,2,8,1860.0,1200205.0,1890507.0,3090711.0,60,2
Hospital,tier2,premium,1121.0,2,5,2242.0,4351322.0,6296042.0,10647364.0,162,2
Apartment,tier1,premium,2285.0,3,33,6855.0,10639519.0,15727411.0,26366929.0,70,2
Apartment,tier3,standard,5625.0,2,40,11250.0,8255622.0,14396403.0,22652025.0,63,3
Bridge,tier2,standard,8755.2,1,26,8755.2,27903209.0,47800767.0,75703977.0,180,5
Office,tier1,basic,4671.0,1,24,4671.0,4374022.0,5648039.0,10022061.0,58,2
Apartment,tier2,basic,1742.0,2,3,3484.0,1587034.0,2874252.0,4461286.0,174,2
Hospital,tier3,basic,5729.0,3,34,17187.0,9751207.0,12756212.0,22507419.0,148,6
Road,tier2,standard,2664.0,1,11,2664.0,370025.0,847142.0,1217167.0,30,2
Home,tier2,standard,2075.0,4,34,8300.0,8562614.0,7746923.0,16309538.0,54,2
Hospital,tier2,premium,4382.0,1,23,4382.0,7377529.0,10830692.0,18208222.0,106,3
Office,tier3,basic,2827.0,2,4,5654.0,2836337.0,4852038.0,7688375.0,205,2
Apartment,tier2,basic,3078.0,2,27,6156.0,3140490.0,6266942.0,9407432.0,55,2
Office,tier3,basic,1744.0,2,7,3488.0,1995503.0,3678580.0,5674083.0,77,2
Home,tier1,premium,4002.0,4,61,16008.0,24750734.0,37217371.0,61968105.0,57,3
Apartment,tier3,standard,1933.0,2,13,3866.0,2366991.0,3600365.0,5967357.0,76,1
Home,tier3,standard,5569.0,1,24,5569.0,3009071.0,3370645.0,6379717.0,44,1
Home,tier2,standard,1213.0,3,11,3639.0,2468102.0,3786960.0,6255061.0,72,1
School,tier2,standard,1809.0,3,24,5427.0,5769655.0,7403863.0,13173518.0,55,2
Apartment,tier1,basic,1101.0,2,5,2202.0,1585679.0,2269479.0,3855159.0,82,1
Home,tier2,basic,1748.0,2,11,3496.0,2370027.0,2846268.0,5216294.0,60,1
Office,tier1,basic,4156.0,4,59,16624.0,16978145.0,21502489.0,38480634.0,64,5
Apartment,tier1,basic,5695.0,2,60,11390.0,9059207.0,11822410.0,20881617.0,51,3
Other,tier3,standard,1278.0,3,17,3834.0,2117196.0,3759291.0,5876487.0,54,1
Bridge,tier1,basic,1900.8,1,7,1900.8,4572241.0,10400339.0,14972580.0,151,2
Home,tier2,standard,1147.0,2,9,2294.0,2245380.0,2980189.0,5225569.0,50,1
Home,tier2,standard,4924.0,3,68,14772.0,9031978.0,16699071.0,25731049.0,40,3
Office,tier2,standard,3393.0,2,26,6786.0,6493681.0,9909022.0,16402702.0,71,3
Home,tier2,premium,2437.0,3,16,7311.0,7546732.0,14566943.0,22113675.0,97,2
Hospital,tier2,basic,4342.0,3,53,13026.0,13240127.0,17829745.0,31069873.0,108,5
Home,tier2,standard,874.0,4,12,3496.0,2574351.0,4295836.0,6870187.0,57,1
Bridge,tier3,basic,1308.0,1,4,1308.0,2175278.0,4218845.0,6394122.0,184,2
Hospital,tier2,standard,931.0,1,3,931.0,1105002.0,1202523.0,2307525.0,123,1
School,tier3,standard,3649.0,2,29,7298.0,5600917.0,6245040.0,11845957.0,68,3
Home,tier2,basic,575.0,3,7,1725.0,1012385.0,1571512.0,2583897.0,47,1
Apartment,tier2,basic,1528.0,2,7,3056.0,1884004.0,3024636.0,4908641.0,75,1
Hospital,tier1,standard,3898.0,4,32,15592.0,21521016.0,40674563.0,62195579.0,122,5
Hospital,tier1,standard,3610.0,3,60,10830.0,17480761.0,24130928.0,41611689.0,116,4
Home,tier3,standard,2907.0,4,50,11628.0,9416590.0,12291621.0,21708211.0,46,2
Home,tier2,standard,3904.0,3,40,11712.0,7197404.0,10645536.0,17842940.0,56,2
Apartment,tier2,standard,5085.0,2,41,10170.0,6152173.0,9433437.0,15585610.0,73,3
Road,tier3,standard,93744.0,1,261,93744.0,9102677.0,23225278.0,32327955.0,40,34
Office,tier2,basic,5844.0,1,18,5844.0,4550012.0,5506184.0,10056196.0,57,2
Road,tier3,standard,78792.0,1,265,78792.0,6260073.0,19427587.0,25687660.0,31,34
Hospital,tier2,standard,5878.0,4,105,23512.0,33852380.0,38822098.0,72674479.0,114,7
Other,tier3,premium,5583.0,4,38,22332.0,17568804.0,29428306.0,46997110.0,119,5
Office,tier1,standard,2796.0,2,12,5592.0,6543932.0,8884607.0,15428539.0,87,3
Apartment,tier1,standard,937.0,3,5,2811.0,2788033.0,4254225.0,7042259.0,110,2
Home,tier2,premium,2678.0,2,23,5356.0,5580294.0,9250321.0,14830615.0,57,2
School,tier1,premium,1952.0,3,19,5856.0,10965699.0,10841600.0,21807299.0,85,2
School,tier3,basic,3644.0,2,17,7288.0,3918382.0,6379366.0,10297749.0,84,3
Home,tier2,premium,1696.0,3,16,5088.0,5557830.0,10730927.0,16288757.0,67,1
Home,tier1,basic,778.0,3,6,2334.0,1623517.0,3123811.0,4747327.0,66,1
Road,tier1,premium,65016.0,1,108,65016.0,16792379.0,37721654.0,54514033.0,69,34
Other,tier3,basic,5251.0,1,25,5251.0,2016654.0,3181837.0,5198491.0,46,2
School,tier2,standard,3210.0,3,30,9630.0,9199800.0,11811515.0,21011315.0,81,3
Apartment,tier3,premium,5167.0,1,25,5167.0,6367595.0,8122420.0,14490015.0,72,2
Apartment,tier1,basic,5756.0,1,9,5756.0,3839179.0,6359167.0,10198346.0,103,2
Road,tier3,premium,21310.0,1,84,21310.0,4622188.0,9042209.0,13664397.0,36,10
Apartment,tier2,standard,5038.0,2,17,10076.0,7607285.0,13760191.0,21367476.0,105,3
Home,tier2,basic,645.0,3,12,1935.0,1105750.0,1905151.0,3010901.0,38,1
Home,tier2,premium,4627.0,4,24,18508.0,20961022.0,39211182.0,60172204.0,129,2
Apartment,tier1,standard,5544.0,1,30,5544.0,4110249.0,7322902.0,11433152.0,59,2
Apartment,tier3,premium,1389.0,2,9,2778.0,2412795.0,3671727.0,6084522.0,95,2
Office,tier3,premium,771.0,1,3,771.0,817165.0,1187866.0,2005030.0,73,1
Bridge,tier2,basic,2683.2,1,11,2683.2,7019079.0,13320901.0,20339980.0,150,2
School,tier3,basic,5011.0,4,45,20044.0,11461796.0,20245684.0,31707480.0,86,6
Apartment,tier1,basic,4993.0,4,85,19972.0,12563117.0,26566515.0,39129632.0,65,4
School,tier1,standard,3671.0,4,64,14684.0,18887803.0,25725787.0,44613591.0,59,4
Road,tier1,basic,17940.0,1,60,17940.0,1861132.0,5871527.0,7732658.0,32,7
Road,tier2,standard,29220.0,1,106,29220.0,3868199.0,8998299.0,12866498.0,34,10
Road,tier1,premium,38544.0,1,215,38544.0,7634076.0,21442634.0,29076710.0,29,17
School,tier2,basic,5276.0,3,65,15828.0,10873430.0,14181835.0,25055265.0,64,4
Apartment,tier1,standard,5711.0,2,28,11422.0,10034893.0,17068670.0,27103564.0,74,2
Road,tier2,standard,21439.0,1,90,21439.0,3542785.0,7780518.0,11323303.0,32,10
Office,tier3,basic,3994.0,1,11,3994.0,2580049.0,3067848.0,5647897.0,84,3
Office,tier2,basic,1944.0,1,5,1944.0,1384822.0,1693583.0,3078404.0,78,2
Hospital,tier1,basic,3103.0,3,37,9309.0,11221189.0,15077841.0,26299030.0,103,4
Apartment,tier3,standard,5778.0,2,25,11556.0,7857311.0,10649187.0,18506497.0,84,5
Home,tier1,basic,3282.0,4,44,13128.0,8324371.0,11799959.0,20124330.0,50,2
Home,tier3,premium,4705.0,4,78,18820.0,14823500.0,25857479.0,40680979.0,59,3
School,tier2,premium,2967.0,2,33,5934.0,7208093.0,12003959.0,19212051.0,64,3
Home,tier2,basic,402.0,2,3,804.0,486534.0,621299.0,1107834.0,42,1
Apartment,tier1,premium,1267.0,1,3,1267.0,1804489.0,1986346.0,3790835.0,108,1
Office,tier3,premium,4164.0,2,15,8328.0,10958803.0,14400407.0,25359211.0,112,2
Home,tier3,basic,2112.0,3,34,6336.0,3567240.0,5533356.0,9100596.0,38,2
Apartment,tier2,premium,2147.0,4,22,8588.0,10345043.0,18948294.0,29293337.0,109,3
Home,tier3,basic,906.0,3,4,2718.0,1555652.0,1923072.0,3478723.0,90,1
Office,tier3,standard,4997.0,4,43,19988.0,19087054.0,21466121.0,40553175.0,86,4
Home,tier1,basic,895.0,3,11,2685.0,2110083.0,2726100.0,4836183.0,41,1
Home,tier2,premium,3409.0,3,35,10227.0,12213914.0,16813823.0,29027738.0,61,1
Home,tier2,premium,2146.0,2,18,4292.0,3900214.0,8422922.0,12323135.0,54,1
Home,tier2,premium,5475.0,2,36,10950.0,12529792.0,19142552.0,31672344.0,73,2
Home,tier1,premium,4130.0,2,17,8260.0,10906698.0,18251342.0,29158040.0,96,1
Home,tier3,basic,782.0,4,4,3128.0,949268.0,1717257.0,2666525.0,116,1
School,tier2,standard,3836.0,3,27,11508.0,12027924.0,15434236.0,27462161.0,78,3
Hospital,tier1,basic,1327.0,1,5,1327.0,1584513.0,1968353.0,3552866.0,119,1
Road,tier2,basic,47141.0,1,92,47141.0,3958346.0,10708708.0,14667054.0,43,19
Office,tier2,basic,1763.0,1,8,1763.0,1064010.0,1767704.0,2831713.0,54,1
Bridge,tier2,premium,2059.2,1,4,2059.2,9832301.0,17853145.0,27685446.0,297,2
Apartment,tier3,standard,3049.0,1,4,3049.0,1403920.0,2746726.0,4150646.0,170,1
Apartment,tier2,basic,2767.0,1,9,2767.0,1239193.0,2450417.0,3689610.0,64,2
Home,tier2,premium,5318.0,2,45,10636.0,10511381.0,15042787.0,25554168.0,69,2
Home,tier2,premium,2875.0,2,29,5750.0,5182538.0,8838087.0,14020625.0,55,2
Office,tier2,basic,1716.0,4,10,6864.0,4854331.0,7772965.0,12627296.0,96,2
Office,tier2,standard,3300.0,4,66,13200.0,8431535.0,20293267.0,28724802.0,51,4
School,tier1,standard,4935.0,1,18,4935.0,4783688.0,7668895.0,12452583.0,71,2
Road,tier1,standard,37554.0,1,98,37554.0,6400641.0,17793791.0,24194432.0,41,17
Home,tier2,standard,1981.0,4,33,7924.0,6374120.0,8702867.0,15076986.0,48,2
Road,tier3,standard,56189.0,1,276,56189.0,7940507.0,16767102.0,24707609.0,27,26
Bridge,tier2,basic,49744.8,1,68,49744.8,125399104.0,255880546.0,381279649.0,343,38
Home,tier1,standard,4601.0,1,13,4601.0,5258554.0,5969726.0,11228280.0,65,1
Apartment,tier2,basic,717.0,4,8,2868.0,1508091.0,3278850.0,4786941.0,77,2
Home,tier3,basic,1876.0,2,15,3752.0,2333184.0,2503683.0,4836868.0,47,1
Apartment,tier2,basic,3693.0,1,19,3693.0,2303937.0,3166432.0,5470369.0,54,1
Home,tier1,standard,5186.0,3,53,15558.0,14628692.0,26006641.0,40635333.0,69,3
Apartment,tier2,standard,2378.0,4,28,9512.0,6723008.0,10903414.0,17626423.0,83,3
Apartment,tier2,standard,1890.0,4,29,7560.0,5871171.0,9882800.0,15753971.0,85,3
Other,tier2,basic,5593.0,4,68,22372.0,14002887.0,18752454.0,32755342.0,59,4
Apartment,tier1,premium,3273.0,3,8,9819.0,13829085.0,22080919.0,35910004.0,233,3
Apartment,tier1,basic,1534.0,4,24,6136.0,5324595.0,9775005.0,15099600.0,69,2
School,tier2,standard,5297.0,1,24,5297.0,4710232.0,5680971.0,10391204.0,62,2
Apartment,tier2,basic,560.0,2,5,1120.0,530046.0,827367.0,1357413.0,66,1
Home,tier2,standard,4533.0,1,9,4533.0,3280011.0,4924359.0,8204370.0,77,1
Bridge,tier1,standard,24517.6,1,99,24517.6,107769514.0,190900174.0,298669688.0,145,15
Bridge,tier2,standard,45913.6,1,235,45913.6,120676376.0,256477261.0,377153637.0,157,25
Apartment,tier3,premium,5524.0,2,69,11048.0,9647687.0,17031208.0,26678895.0,67,3
Road,tier1,standard,50112.0,1,195,50112.0,8482093.0,21364999.0,29847092.0,30,23
Road,tier2,standard,130107.0,1,300,130107.0,21618462.0,40460722.0,62079185.0,46,44
School,tier2,standard,1009.0,1,3,1009.0,707165.0,1190110.0,1897275.0,72,1
Office,tier2,premium,1399.0,1,3,1399.0,2065570.0,2661677.0,4727246.0,118,1
Home,tier3,premium,4316.0,2,39,8632.0,7933232.0,16183024.0,24116255.0,53,2
Road,tier3,standard,37944.0,1,36,37944.0,4450060.0,9731428.0,14181488.0,88,14
Road,tier2,standard,52990.0,1,186,52990.0,5966306.0,16144688.0,22110993.0,33,21
Office,tier1,premium,1570.0,3,24,4710.0,6870650.0,11472462.0,18343112.0,58,2
Road,tier2,premium,66652.0,1,278,66652.0,15232902.0,37684027.0,52916929.0,28,29
Road,tier1,basic,47243.0,1,196,47243.0,5540599.0,15170225.0,20710824.0,25,14
Office,tier2,premium,1096.0,4,14,4384.0,6289288.0,9001913.0,15291201.0,80,2
Road,tier3,standard,60280.0,1,172,60280.0,4569161.0,17781292.0,22350453.0,40,20
Hospital,tier3,standard,5837.0,3,102,17511.0,23221645.0,29326494.0,52548139.0,112,6
Office,tier2,standard,4767.0,3,68,14301.0,12619250.0,18565873.0,31185123.0,55,4
Apartment,tier2,basic,1397.0,1,6,1397.0,755410.0,1284965.0,2040375.0,55,1
Apartment,tier1,premium,2119.0,4,29,8476.0,9936490.0,19750294.0,29686784.0,71,2
Road,tier2,standard,55980.0,1,148,55980.0,6470266.0,18002806.0,24473072.0,44,17
Office,tier1,basic,2917.0,3,40,8751.0,7235943.0,11191908.0,18427851.0,58,3
Bridge,tier3,standard,54376.0,1,162,54376.0,171226550.0,249079020.0,420305570.0,211,32
Apartment,tier3,basic,2238.0,2,15,4476.0,2034573.0,4060867.0,6095440.0,69,1
School,tier1,standard,2618.0,4,42,10472.0,9762601.0,14283873.0,24046474.0,64,3
Apartment,tier2,standard,3440.0,1,12,3440.0,2352859.0,3561594.0,5914454.0,81,2
Bridge,tier2,standard,24624.0,1,127,24624.0,69537823.0,136847898.0,206385721.0,143,14
School,tier3,basic,3381.0,2,12,6762.0,3290384.0,5740092.0,9030476.0,90,2
Office,tier2,basic,3904.0,4,53,15616.0,8953600.0,15154248.0,24107847.0,57,3
Hospital,tier1,basic,2063.0,3,36,6189.0,6392119.0,10825342.0,17217461.0,88,3
Office,tier2,standard,3187.0,1,14,3187.0,2285753.0,3976140.0,6261893.0,56,2
Hospital,tier1,premium,5044.0,2,31,10088.0,27555551.0,24714620.0,52270171.0,132,4
Apartment,tier2,standard,2351.0,4,40,9404.0,6002725.0,12211501.0,18214226.0,56,3
Home,tier1,standard,5901.0,4,77,23604.0,24777708.0,27971294.0,52749001.0,53,4
School,tier2,basic,3192.0,2,32,6384.0,3730512.0,6463191.0,10193703.0,47,3
Home,tier3,basic,2505.0,2,22,5010.0,2410865.0,4201569.0,6612434.0,46,1
Hospital,tier1,premium,4323.0,1,10,4323.0,9081514.0,14642308.0,23723822.0,154,2
Home,tier2,standard,2591.0,1,9,2591.0,1981281.0,3201458.0,5182739.0,65,1
Apartment,tier2,basic,2620.0,1,10,2620.0,1545238.0,2647495.0,4192733.0,68,1
Home,tier1,standard,2497.0,2,19,4994.0,4010260.0,7432786.0,11443045.0,53,1
Other,tier2,standard,3453.0,1,13,3453.0,3115354.0,3852993.0,6968347.0,56,2
Apartment,tier2,basic,634.0,1,3,634.0,367703.0,604059.0,971762.0,60,1
School,tier2,basic,2523.0,4,39,10092.0,6497493.0,8641108.0,15138602.0,59,4
Apartment,tier3,standard,4701.0,4,47,18804.0,12436991.0,18876303.0,31313294.0,85,5
Apartment,tier2,basic,2247.0,4,25,8988.0,5787140.0,8579144.0,14366284.0,82,3
Apartment,tier2,standard,3418.0,4,42,13672.0,11670664.0,19561219.0,31231883.0,85,4
Office,tier1,premium,2073.0,1,7,2073.0,2862395.0,4847388.0,7709783.0,73,1
School,tier1,premium,5672.0,1,17,5672.0,6692598.0,11871765.0,18564363.0,107,2
Home,tier1,standard,1654.0,4,31,6616.0,7301915.0,10447381.0,17749296.0,40,2
School,tier3,basic,4752.0,1,11,4752.0,2339606.0,3042498.0,5382104.0,62,2
Home,tier3,standard,4660.0,4,24,18640.0,16652604.0,15818769.0,32471373.0,137,3
School,tier3,basic,2672.0,1,15,2672.0,1236597.0,2184903.0,3421500.0,58,1
School,tier1,premium,5909.0,1,14,5909.0,8796080.0,9748492.0,18544573.0,103,2
Road,tier2,standard,151734.0,1,300,151734.0,22369124.0,63407649.0,85776773.0,53,61
Bridge,tier3,standard,14625.6,1,59,14625.6,37913985.0,74159039.0,112073024.0,161,11
Apartment,tier2,standard,3584.0,1,9,3584.0,2042996.0,3959005.0,6002001.0,72,2
Apartment,tier1,basic,1497.0,1,5,1497.0,1112474.0,1567003.0,2679477.0,63,2
Road,tier3,standard,103800.0,1,300,103800.0,9002180.0,26021088.0,35023268.0,35,40
School,tier1,premium,5799.0,2,43,11598.0,15999062.0,29086442.0,45085503.0,70,3
Apartment,tier1,basic,2769.0,4,27,11076.0,8777395.0,14900529.0,23677924.0,75,3
Home,tier3,basic,2313.0,3,22,6939.0,4708012.0,6113838.0,10821850.0,50,2
Home,tier2,premium,4985.0,4,66,19940.0,26636304.0,31434418.0,58070721.0,64,2
Home,tier2,standard,2578.0,4,48,10312.0,6522560.0,12636513.0,19159074.0,49,2
School,tier2,basic,4492.0,3,38,13476.0,9659772.0,12416300.0,22076072.0,77,4
Road,tier3,basic,112440.0,1,247,112440.0,11400176.0,27962221.0,39362397.0,42,58
Apartment,tier1,standard,1991.0,4,21,7964.0,6120259.0,15827183.0,21947442.0,63,3
Hospital,tier3,standard,2375.0,2,18,4750.0,5235807.0,7439159.0,12674966.0,101,3
Office,tier2,standard,5623.0,2,14,11246.0,9315122.0,16985876.0,26300998.0,123,3
Apartment,tier1,basic,3159.0,3,45,9477.0,5965194.0,13011940.0,18977134.0,62,2
Apartment,tier2,standard,2738.0,2,18,5476.0,4096159.0,5162814.0,9258973.0,67,2
Office,tier2,standard,5444.0,3,63,16332.0,10616692.0,20736957.0,31353649.0,52,4
Road,tier1,premium,61758.0,1,222,61758.0,9644389.0,35599511.0,45243900.0,41,21
Office,tier2,standard,3562.0,4,36,14248.0,12160691.0,16942590.0,29103281.0,84,4
Home,tier2,standard,2577.0,1,5,2577.0,1530186.0,2606348.0,4136534.0,106,1
Home,tier2,premium,4134.0,2,21,8268.0,9570226.0,16918185.0,26488412.0,70,1
Apartment,tier2,basic,647.0,4,4,2588.0,1546314.0,2240763.0,3787077.0,106,1
Road,tier3,basic,74712.0,1,279,74712.0,5620591.0,17469581.0,23090171.0,27,27
Road,tier2,basic,42092.0,1,132,42092.0,4515034.0,10268513.0,14783547.0,30,22
Hospital,tier2,basic,1864.0,3,9,5592.0,4435767.0,8372597.0,12808364.0,152,2
School,tier2,premium,5911.0,3,46,17733.0,22914314.0,32496715.0,55411029.0,85,6
Apartment,tier2,basic,5392.0,1,22,5392.0,2400652.0,4317907.0,6718560.0,61,2
Apartment,tier1,premium,2537.0,2,25,5074.0,8530931.0,10635259.0,19166189.0,67,1
Road,tier2,basic,45976.0,1,84,45976.0,4074973.0,11351182.0,15426154.0,46,18
Road,tier1,standard,99450.0,1,300,99450.0,12811583.0,42601723.0,55413306.0,42,44
Other,tier2,standard,4919.0,2,22,9838.0,7312221.0,9467248.0,16779468.0,80,2
Hospital,tier3,basic,3032.0,3,12,9096.0,8842517.0,9935796.0,18778313.0,205,4
Other,tier2,standard,1083.0,3,17,3249.0,2373881.0,3166940.0,5540820.0,45,2
Home,tier2,standard,3461.0,2,15,6922.0,5806458.0,7207586.0,13014044.0,80,2
Apartment,tier2,standard,4983.0,2,51,9966.0,8803672.0,11583972.0,20387644.0,63,3
School,tier2,premium,906.0,1,3,906.0,1020901.0,1673978.0,2694880.0,73,1
Home,tier2,premium,507.0,2,3,1014.0,1259288.0,1535233.0,2794521.0,68,1
School,tier2,standard,4997.0,2,18,9994.0,8738060.0,9045867.0,17783927.0,105,3
Hospital,tier2,premium,3740.0,4,72,14960.0,32031671.0,35934861.0,67966532.0,112,6
Home,tier1,basic,3322.0,2,31,6644.0,4195922.0,6346783.0,10542706.0,37,2
Road,tier2,basic,59878.0,1,153,59878.0,4561113.0,13201153.0,17762266.0,40,27
Apartment,tier2,standard,4232.0,3,41,12696.0,10228183.0,14388641.0,24616824.0,85,3
Office,tier3,standard,2787.0,2,23,5574.0,4135143.0,5628383.0,9763526.0,71,2
Road,tier3,standard,42686.0,1,119,42686.0,5831599.0,16739729.0,22571328.0,36,24
Road,tier3,standard,96565.0,1,300,96565.0,10543882.0,32700721.0,43244603.0,40,40
Office,tier2,premium,1558.0,4,20,6232.0,7920635.0,14692931.0,22613566.0,79,2
Apartment,tier1,basic,4554.0,4,50,18216.0,12409396.0,21982936.0,34392331.0,75,5
Apartment,tier2,premium,2505.0,4,15,10020.0,13361843.0,16576670.0,29938514.0,166,3
Home,tier3,standard,5411.0,1,10,5411.0,4527463.0,5880324.0,10407788.0,99,1
Other,tier3,standard,2624.0,4,42,10496.0,5490223.0,10203234.0,15693457.0,49,2
Apartment,tier3,basic,1460.0,3,16,4380.0,1799780.0,4021576.0,5821356.0,60,2
Office,tier1,basic,5038.0,3,65,15114.0,15212655.0,22488382.0,37701038.0,65,3
Apartment,tier2,standard,1175.0,2,6,2350.0,1659122.0,2627716.0,4286838.0,85,1
Home,tier3,standard,5927.0,3,25,17781.0,13001066.0,16544237.0,29545303.0,76,3
Other,tier2,standard,3927.0,4,43,15708.0,10108212.0,19345718.0,29453930.0,69,3
Hospital,tier2,basic,3097.0,3,53,9291.0,9364860.0,9656516.0,19021376.0,83,4
School,tier2,standard,1692.0,1,4,1692.0,1245306.0,2400938.0,3646244.0,85,1
Home,tier2,standard,1529.0,4,20,6116.0,4358488.0,6449480.0,10807968.0,62,1
Apartment,tier1,premium,1487.0,4,3,5948.0,10107256.0,14283030.0,24390286.0,313,3
Home,tier1,standard,5064.0,3,41,15192.0,17979046.0,20166755.0,38145801.0,71,3
Office,tier3,standard,1539.0,1,4,1539.0,1229903.0,1763886.0,2993789.0,69,1
Home,tier3,standard,599.0,2,4,1198.0,753494.0,1106756.0,1860251.0,53,1
Apartment,tier3,standard,1502.0,2,9,3004.0,2048912.0,3167903.0,5216816.0,80,1
Home,tier2,standard,3817.0,4,24,15268.0,13386989.0,20097372.0,33484362.0,87,2
Apartment,tier1,basic,3071.0,4,31,12284.0,6742041.0,14029825.0,20771866.0,69,3
School,tier1,premium,2488.0,1,8,2488.0,3133950.0,4795145.0,7929095.0,86,1
Home,tier3,standard,5800.0,1,13,5800.0,3682934.0,5707315.0,9390248.0,80,1
Home,tier2,standard,2323.0,1,5,2323.0,1603540.0,2921982.0,4525523.0,77,2
Home,tier3,standard,5037.0,4,91,20148.0,15075291.0,19449498.0,34524789.0,51,3
School,tier2,standard,1095.0,4,11,4380.0,4137907.0,6432392.0,10570299.0,119,2
Apartment,tier2,basic,3442.0,1,13,3442.0,1665041.0,3062155.0,4727196.0,53,2
Office,tier3,basic,1133.0,4,14,4532.0,2568383.0,4985415.0,7553798.0,52,2
Apartment,tier1,basic,854.0,3,5,2562.0,2107836.0,2739715.0,4847551.0,103,2
Home,tier3,basic,4207.0,2,25,8414.0,4005188.0,5209617.0,9214804.0,49,2
Apartment,tier2,basic,4168.0,3,46,12504.0,8983056.0,12799000.0,21782055.0,65,4
Apartment,tier1,standard,3617.0,1,19,3617.0,3356361.0,5944325.0,9300686.0,61,2
Apartment,tier1,basic,2926.0,1,7,2926.0,1846760.0,3130487.0,4977248.0,80,2
Hospital,tier3,premium,1915.0,2,12,3830.0,5593789.0,7497537.0,13091326.0,144,2
Apartment,tier2,premium,4758.0,3,63,14274.0,20709419.0,23896539.0,44605958.0,83,4
Home,tier3,basic,1460.0,4,28,5840.0,2273218.0,4390918.0,6664136.0,40,1
Office,tier3,standard,3166.0,3,24,9498.0,7312872.0,11409295.0,18722167.0,93,2
Home,tier2,standard,5679.0,2,36,11358.0,7861376.0,12941559.0,20802934.0,52,2
Bridge,tier3,premium,50503.2,1,234,50503.2,191806795.0,380431025.0,572237820.0,186,32
Hospital,tier3,standard,5131.0,1,20,5131.0,4629209.0,5114180.0,9743390.0,117,3
School,tier1,standard,1520.0,3,21,4560.0,4428648.0,6662962.0,11091610.0,62,2
Apartment,tier3,basic,543.0,4,10,2172.0,1123622.0,1857195.0,2980816.0,62,2
Home,tier2,premium,5066.0,2,40,10132.0,12024270.0,18226826.0,30251097.0,60,2
Hospital,tier2,basic,3552.0,3,37,10656.0,10167335.0,13462664.0,23629999.0,113,5
Home,tier2,premium,4764.0,2,24,9528.0,11152458.0,16445750.0,27598209.0,76,2
Office,tier3,basic,5118.0,4,62,20472.0,11723203.0,14074538.0,25797742.0,61,5
Hospital,tier1,standard,2494.0,1,8,2494.0,3812370.0,4525052.0,8337422.0,110,2
Other,tier2,standard,1019.0,1,5,1019.0,596560.0,1184220.0,1780779.0,43,1
School,tier2,basic,5796.0,4,82,23184.0,16884245.0,21303579.0,38187824.0,57,6
Home,tier1,basic,2107.0,3,22,6321.0,4867275.0,7416483.0,12283758.0,60,1
School,tier3,basic,1298.0,2,6,2596.0,1290460.0,2047288.0,3337749.0,78,2
Home,tier3,standard,3597.0,4,68,14388.0,7478439.0,16245511.0,23723950.0,46,3
Apartment,tier1,standard,512.0,2,3,1024.0,1046458.0,1635188.0,2681646.0,70,1
Hospital,tier1,basic,734.0,2,4,1468.0,1883577.0,1890464.0,3774040.0,147,2
Home,tier3,standard,4673.0,1,23,4673.0,2425421.0,4075319.0,6500740.0,44,1
Home,tier1,basic,894.0,3,12,2682.0,2191777.0,2876023.0,5067800.0,41,1
Home,tier1,standard,3763.0,4,35,15052.0,13127159.0,20689399.0,33816559.0,70,2
Other,tier3,standard,2939.0,4,24,11756.0,8053962.0,13379892.0,21433855.0,80,3
Road,tier3,premium,31788.0,1,98,31788.0,4589815.0,10751770.0,15341585.0,41,12
Apartment,tier2,premium,5680.0,1,15,5680.0,5934256.0,9247427.0,15181683.0,84,3
School,tier2,basic,1293.0,1,3,1293.0,873200.0,1381784.0,2254984.0,88,1
School,tier3,basic,4043.0,2,20,8086.0,4808604.0,7970200.0,12778804.0,69,3
Home,tier2,premium,1132.0,4,3,4528.0,5153042.0,7786776.0,12939819.0,277,1
Apartment,tier2,basic,3705.0,3,49,11115.0,7024139.0,11794426.0,18818565.0,50,3
Office,tier3,basic,1334.0,4,23,5336.0,3784583.0,4720911.0,8505494.0,57,2
School,tier2,basic,5375.0,4,107,21500.0,14071487.0,19813100.0,33884587.0,51,4
Hospital,tier2,standard,2983.0,4,45,11932.0,17994462.0,20647963.0,38642424.0,105,4
School,tier2,standard,450.0,2,3,900.0,709688.0,992798.0,1702487.0,76,1
Apartment,tier2,premium,685.0,3,9,2055.0,1652429.0,3459156.0,5111585.0,79,1
Home,tier2,standard,3440.0,1,9,3440.0,2894689.0,3609552.0,6504242.0,80,1
Bridge,tier2,basic,49327.2,1,88,49327.2,106562952.0,245146203.0,351709155.0,258,32
Road,tier2,standard,37925.0,1,120,37925.0,4367872.0,11678092.0,16045963.0,36,19
Road,tier3,standard,154783.0,1,300,154783.0,17497109.0,44752971.0,62250080.0,45,45
Home,tier2,basic,4863.0,1,12,4863.0,2515617.0,3270745.0,5786362.0,52,1
Home,tier1,premium,4473.0,2,19,8946.0,11203546.0,17610760.0,28814306.0,99,2
Office,tier1,standard,4596.0,1,13,4596.0,3612998.0,7924922.0,11537920.0,75,2
Office,tier1,standard,5697.0,3,65,17091.0,25878509.0,25682294.0,51560803.0,65,4
Road,tier3,premium,80520.0,1,255,80520.0,16210722.0,29042696.0,45253419.0,40,40
School,tier2,standard,861.0,1,6,861.0,642623.0,862097.0,1504720.0,49,1
School,tier1,standard,1077.0,1,3,1077.0,1283612.0,1870848.0,3154460.0,85,1
Road,tier3,standard,57188.0,1,241,57188.0,5936222.0,18551236.0,24487458.0,36,26
Road,tier1,premium,65749.0,1,108,65749.0,16324427.0,46002621.0,62327048.0,58,24
Office,tier1,premium,1179.0,3,14,3537.0,7112472.0,8168730.0,15281201.0,59,1
School,tier3,standard,5558.0,4,62,22232.0,18064938.0,27627953.0,45692890.0,78,6
Office,tier2,basic,2288.0,3,23,6864.0,4912337.0,7160197.0,12072534.0,59,2
Home,tier3,premium,1622.0,1,9,1622.0,1372956.0,2392823.0,3765779.0,54,1
Road,tier3,premium,7455.0,1,22,7455.0,1378744.0,3087788.0,4466532.0,45,4
Road,tier3,standard,59550.0,1,108,59550.0,7927623.0,15301915.0,23229538.0,62,24
Office,tier1,premium,424.0,4,3,1696.0,3246386.0,4519313.0,7765699.0,138,1
School,tier3,standard,5774.0,2,41,11548.0,7919520.0,11861547.0,19781066.0,71,3
School,tier2,standard,4277.0,2,30,8554.0,7249977.0,10665274.0,17915251.0,72,3
Hospital,tier1,standard,5020.0,2,34,10040.0,16946660.0,20769221.0,37715881.0,124,3
School,tier3,basic,5758.0,3,32,17274.0,10950328.0,13686909.0,24637238.0,84,6
School,tier2,standard,5359.0,1,31,5359.0,4095783.0,5535042.0,9630825.0,59,2
Office,tier3,standard,1798.0,4,36,7192.0,4930732.0,9540362.0,14471093.0,64,3
Apartment,tier2,basic,4674.0,2,33,9348.0,3440508.0,8939239.0,12379747.0,60,2
Bridge,tier2,basic,24858.0,1,39,24858.0,56868454.0,113919585.0,170788040.0,264,19
Road,tier1,standard,95508.0,1,300,95508.0,14763402.0,47009909.0,61773311.0,39,36
School,tier3,standard,4618.0,4,86,18472.0,18388245.0,22556868.0,40945112.0,71,5
Road,tier2,premium,4776.0,1,16,4776.0,794184.0,2721942.0,3516126.0,37,3
Bridge,tier1,basic,2930.4,1,14,2930.4,9776692.0,17084711.0,26861404.0,153,2
Hospital,tier1,premium,4639.0,4,51,18556.0,46432538.0,46308051.0,92740590.0,150,8
Apartment,tier3,basic,643.0,4,6,2572.0,1211323.0,2416385.0,3627708.0,80,2
Apartment,tier1,basic,3666.0,1,13,3666.0,2183833.0,3617842.0,5801675.0,52,2
Bridge,tier2,standard,34220.0,1,52,34220.0,101519668.0,243493205.0,345012873.0,286,28
Bridge,tier2,standard,66643.2,1,136,66643.2,169831265.0,366006440.0,535837705.0,222,41
Apartment,tier1,standard,1759.0,1,7,1759.0,1627429.0,2141984.0,3769414.0,65,2
Office,tier2,basic,3129.0,1,11,3129.0,2080911.0,3219210.0,5300120.0,59,1
Apartment,tier1,basic,3944.0,1,7,3944.0,3412367.0,4792964.0,8205331.0,87,2
Road,tier3,standard,45276.0,1,129,45276.0,4686882.0,15739852.0,20426734.0,37,18
Home,tier3,basic,4467.0,4,32,17868.0,8666406.0,13188002.0,21854409.0,94,2
Home,tier1,basic,5863.0,2,32,11726.0,7867497.0,10586489.0,18453986.0,55,2
Apartment,tier2,basic,1647.0,1,4,1647.0,1036131.0,1210431.0,2246561.0,77,1
Home,tier2,basic,2597.0,3,35,7791.0,4026656.0,7368932.0,11395588.0,43,2
Office,tier3,standard,1860.0,2,12,3720.0,2821233.0,3998182.0,6819415.0,66,2
Office,tier2,basic,5388.0,1,16,5388.0,3124920.0,4488068.0,7612988.0,57,2
Home,tier2,standard,3824.0,4,44,15296.0,13070195.0,21266544.0,34336739.0,75,3
Office,tier3,standard,3244.0,3,13,9732.0,9151097.0,11867659.0,21018756.0,106,2
Hospital,tier1,standard,3660.0,2,24,7320.0,16095520.0,15419447.0,31514967.0,100,3
Home,tier2,standard,2230.0,4,35,8920.0,5804119.0,8991760.0,14795879.0,56,2
Apartment,tier1,standard,5362.0,1,19,5362.0,4883806.0,6821176.0,11704981.0,56,2
Apartment,tier2,premium,3843.0,3,48,11529.0,13345595.0,21492692.0,34838288.0,79,2
Road,tier2,basic,51038.0,1,214,51038.0,5783437.0,12599130.0,18382566.0,31,21
Home,tier3,premium,4346.0,1,26,4346.0,4183904.0,5024252.0,9208156.0,42,1
School,tier2,basic,4878.0,2,20,9756.0,6726027.0,7123356.0,13849383.0,87,3
Home,tier1,standard,2613.0,1,9,2613.0,2095682.0,3196980.0,5292663.0,56,2
Road,tier3,standard,114289.0,1,300,114289.0,13242213.0,42835628.0,56077841.0,37,48
Other,tier3,basic,4870.0,3,43,14610.0,5241562.0,9282780.0,14524342.0,53,3
Other,tier2,basic,4127.0,1,11,4127.0,1772533.0,2669842.0,4442375.0,59,1
Apartment,tier2,basic,1053.0,1,4,1053.0,427094.0,895140.0,1322234.0,59,1
Office,tier1,basic,1473.0,2,11,2946.0,2578417.0,3539899.0,6118316.0,64,2
Hospital,tier2,standard,574.0,2,3,1148.0,1350240.0,1885828.0,3236068.0,134,1
Hospital,tier1,basic,1947.0,1,3,1947.0,2499789.0,2822487.0,5322276.0,178,1
Road,tier1,premium,76995.0,1,212,76995.0,19238097.0,43013840.0,62251936.0,44,34
School,tier3,premium,3573.0,4,36,14292.0,15222333.0,24049443.0,39271776.0,103,3
Home,tier2,basic,5492.0,2,44,10984.0,5923150.0,9554331.0,15477481.0,51,2
Office,tier1,basic,769.0,2,3,1538.0,1359628.0,2267810.0,3627438.0,71,2
Bridge,tier1,standard,17578.8,1,55,17578.8,95399752.0,137543664.0,232943416.0,204,14
Home,tier3,premium,652.0,2,3,1304.0,1058212.0,1890769.0,2948981.0,82,1
Home,tier1,standard,868.0,3,4,2604.0,2537713.0,4267386.0,6805099.0,97,1
Apartment,tier1,basic,678.0,4,7,2712.0,2148774.0,3275876.0,5424650.0,79,1
Other,tier1,premium,3797.0,1,12,3797.0,4746656.0,7854598.0,12601254.0,70,1
School,tier1,standard,5559.0,4,53,22236.0,23995153.0,39795868.0,63791020.0,85,4
Apartment,tier2,basic,4458.0,3,47,13374.0,8963688.0,12929020.0,21892709.0,69,3
Other,tier3,premium,4257.0,3,17,12771.0,13336188.0,17737816.0,31074004.0,140,3
Home,tier2,premium,1277.0,2,8,2554.0,2959868.0,4232306.0,7192173.0,65,1
Road,tier2,standard,72908.0,1,226,72908.0,13085008.0,22389498.0,35474507.0,41,28
Road,tier2,basic,11781.0,1,19,11781.0,1249522.0,3433915.0,4683437.0,55,5
Home,tier2,standard,5795.0,1,21,5795.0,3741301.0,6549248.0,10290549.0,55,2
Apartment,tier2,basic,2587.0,2,4,5174.0,2568743.0,4622640.0,7191383.0,177,2
Road,tier2,standard,12834.0,1,33,12834.0,1357068.0,3845815.0,5202883.0,38,7
Road,tier2,basic,58922.0,1,251,58922.0,5286600.0,16827464.0,22114064.0,33,18
Home,tier2,standard,3285.0,4,10,13140.0,11289971.0,16654853.0,27944824.0,181,3
Home,tier3,standard,994.0,1,4,994.0,582584.0,676060.0,1258644.0,52,1
Apartment,tier2,premium,3082.0,3,18,9246.0,9589059.0,15993861.0,25582921.0,127,3
Home,tier3,premium,1335.0,2,7,2670.0,2293347.0,4297788.0,6591135.0,58,1
Office,tier1,basic,4577.0,2,46,9154.0,7088238.0,11296474.0,18384712.0,48,3
Office,tier2,basic,4369.0,1,11,4369.0,2870613.0,4048580.0,6919193.0,92,2
Road,tier2,standard,50094.0,1,261,50094.0,6524048.0,19715532.0,26239580.0,20,15
School,tier1,basic,2981.0,1,9,2981.0,2236761.0,3292179.0,5528939.0,60,1
Road,tier3,basic,79825.0,1,258,79825.0,7321187.0,18043977.0,25365164.0,31,35
Home,tier2,standard,5385.0,3,70,16155.0,10968351.0,16782976.0,27751326.0,44,3
Office,tier1,standard,3160.0,1,13,3160.0,3543652.0,5042957.0,8586610.0,58,2
Apartment,tier3,basic,5702.0,3,60,17106.0,6824449.0,12377357.0,19201806.0,57,3
School,tier1,standard,4731.0,3,40,14193.0,15067459.0,17975514.0,33042974.0,78,4
School,tier2,premium,2025.0,1,3,2025.0,2268677.0,3308182.0,5576859.0,145,1
Hospital,tier2,standard,3068.0,1,5,3068.0,3762753.0,5299113.0,9061866.0,190,2
Apartment,tier3,basic,965.0,1,5,965.0,435314.0,739676.0,1174990.0,49,1
Home,tier2,standard,2552.0,1,14,2552.0,1650230.0,2580812.0,4231042.0,47,1
Road,tier2,premium,87384.0,1,300,87384.0,18338418.0,47817633.0,66156051.0,40,31
Bridge,tier3,basic,5920.0,1,7,5920.0,11517555.0,23531113.0,35048669.0,365,6
Office,tier2,standard,2390.0,4,23,9560.0,10153054.0,14349275.0,24502329.0,88,3
Apartment,tier3,standard,705.0,2,3,1410.0,827038.0,1319878.0,2146916.0,95,1
Road,tier3,standard,159970.0,1,300,159970.0,23585757.0,51043278.0,74629035.0,49,64
Apartment,tier2,basic,1526.0,2,7,3052.0,2037375.0,3176017.0,5213391.0,86,1
Apartment,tier3,premium,1683.0,2,13,3366.0,4096513.0,4805427.0,8901940.0,86,1
Bridge,tier2,basic,54771.6,1,198,54771.6,135268306.0,252476963.0,387745269.0,170,28
Apartment,tier1,basic,5374.0,3,83,16122.0,11461398.0,20791551.0,32252948.0,55,4
School,tier1,basic,1361.0,3,12,4083.0,3576879.0,4885505.0,8462385.0,75,1
Apartment,tier2,standard,3542.0,2,25,7084.0,4123922.0,7893859.0,12017781.0,58,3
Road,tier1,basic,16947.0,1,71,16947.0,1624525.0,5545080.0,7169605.0,24,7
Road,tier2,standard,1472.0,1,7,1472.0,196228.0,502981.0,699209.0,30,2
Bridge,tier2,premium,7416.0,1,14,7416.0,33842514.0,52964374.0,86806888.0,281,5
Home,tier2,basic,4739.0,2,36,9478.0,5396202.0,9747146.0,15143348.0,47,2
Road,tier1,premium,66682.0,1,234,66682.0,14889788.0,46026261.0,60916049.0,39,22
Apartment,tier3,premium,3855.0,4,57,15420.0,17020725.0,29992390.0,47013115.0,97,4
School,tier2,basic,3094.0,4,42,12376.0,9760640.0,12373412.0,22134052.0,65,3
Home,tier1,standard,3355.0,1,18,3355.0,2499584.0,3994823.0,6494407.0,34,1
Office,tier2,premium,1646.0,2,8,3292.0,4838527.0,6892444.0,11730971.0,101,1
Home,tier2,standard,5363.0,2,24,10726.0,8192822.0,10889196.0,19082018.0,84,3
Home,tier2,standard,976.0,1,3,976.0,769926.0,1226595.0,1996521.0,64,1
Apartment,tier2,premium,5650.0,1,17,5650.0,7504318.0,10408881.0,17913199.0,94,2
Road,tier1,standard,58942.0,1,217,58942.0,10026937.0,30118545.0,40145482.0,31,19
Office,tier3,basic,2099.0,3,18,6297.0,3882883.0,6105560.0,9988443.0,67,2
School,tier2,basic,3352.0,2,30,6704.0,4609213.0,6249813.0,10859025.0,54,3
Home,tier1,standard,3291.0,1,11,3291.0,2971149.0,4425957.0,7397106.0,53,1
Office,tier3,standard,1852.0,2,12,3704.0,3602336.0,4530693.0,8133030.0,70,2
Hospital,tier2,basic,2013.0,2,7,4026.0,4409273.0,4579585.0,8988858.0,172,2
School,tier2,basic,3512.0,1,19,3512.0,1776239.0,3288795.0,5065035.0,70,2
Other,tier2,premium,521.0,4,7,2084.0,2406699.0,3520603.0,5927302.0,67,1
School,tier2,standard,1230.0,3,19,3690.0,4199045.0,4604741.0,8803787.0,62,2
Road,tier2,basic,100188.0,1,261,100188.0,9749447.0,30328999.0,40078446.0,28,48
Apartment,tier1,basic,536.0,1,3,536.0,358271.0,492783.0,851055.0,49,1
Apartment,tier1,basic,884.0,4,9,3536.0,2752587.0,4959133.0,7711720.0,90,1
Hospital,tier3,basic,552.0,3,9,1656.0,1322045.0,2058862.0,3380906.0,92,1
Other,tier2,standard,4977.0,4,92,19908.0,14755628.0,21349593.0,36105221.0,47,5
Apartment,tier2,basic,1030.0,4,18,4120.0,1986325.0,3966281.0,5952606.0,75,2
Apartment,tier1,premium,1432.0,2,7,2864.0,4091325.0,7576623.0,11667949.0,115,2
Home,tier2,basic,4857.0,3,81,14571.0,8179198.0,16086476.0,24265674.0,42,2
Hospital,tier1,basic,2822.0,2,32,5644.0,7570608.0,10170529.0,17741137.0,89,2
Road,tier1,premium,102336.0,1,296,102336.0,23304983.0,54082615.0,77387597.0,45,49
School,tier1,standard,4076.0,1,14,4076.0,5021316.0,4955086.0,9976401.0,87,2
School,tier2,basic,3893.0,1,17,3893.0,2652623.0,3220139.0,5872762.0,73,2
Other,tier2,basic,2714.0,4,11,10856.0,7390522.0,10202228.0,17592750.0,118,3
Other,tier1,standard,5299.0,4,99,21196.0,19380286.0,34410005.0,53790291.0,39,4
Office,tier1,standard,1675.0,2,15,3350.0,3126985.0,5770816.0,8897801.0,60,2
Hospital,tier2,premium,1590.0,4,17,6360.0,14318962.0,14676117.0,28995078.0,165,3
Hospital,tier2,standard,3282.0,3,8,9846.0,12675918.0,18928294.0,31604212.0,361,4
Road,tier2,premium,43976.0,1,164,43976.0,10228476.0,22667279.0,32895754.0,37,20
Home,tier1,standard,5422.0,1,11,5422.0,6174864.0,8074784.0,14249648.0,79,1
Home,tier2,standard,4575.0,2,14,9150.0,8892549.0,10636756.0,19529305.0,113,2
Apartment,tier3,standard,419.0,4,6,1676.0,1232849.0,2131090.0,3363939.0,63,1
Road,tier2,standard,37845.0,1,184,37845.0,5090717.0,11686661.0,16777378.0,28,14
Other,tier1,standard,1317.0,2,8,2634.0,1871510.0,3514452.0,5385963.0,61,1
Road,tier2,standard,23180.0,1,109,23180.0,3170858.0,6853196.0,10024054.0,29,10
Other,tier2,basic,1035.0,2,9,2070.0,1055496.0,1791719.0,2847214.0,50,1
Road,tier1,standard,94704.0,1,164,94704.0,17789284.0,36364911.0,54154195.0,56,44
Apartment,tier2,basic,3286.0,3,26,9858.0,5394652.0,10531704.0,15926356.0,72,3
Home,tier3,standard,3426.0,3,47,10278.0,7143865.0,10927449.0,18071315.0,46,2
School,tier2,basic,2301.0,1,6,2301.0,1443912.0,2092649.0,3536561.0,97,2
Apartment,tier3,basic,3107.0,1,13,3107.0,1618638.0,2486072.0,4104709.0,51,2
Apartment,tier2,basic,4401.0,4,50,17604.0,10316824.0,15696182.0,26013006.0,59,5
Apartment,tier2,basic,4118.0,4,69,16472.0,7988096.0,14193106.0,22181202.0,52,4
Home,tier1,basic,4388.0,2,34,8776.0,4682856.0,9608972.0,14291829.0,49,2
Road,tier2,basic,16224.0,1,49,16224.0,2043825.0,4303724.0,6347549.0,38,7
Home,tier1,standard,3532.0,2,29,7064.0,8077141.0,11450528.0,19527669.0,50,1
Home,tier2,standard,1113.0,2,3,2226.0,2026367.0,2747127.0,4773494.0,106,1
Hospital,tier1,premium,1758.0,2,7,3516.0,9270005.0,8889731.0,18159736.0,172,2
Hospital,tier2,premium,5851.0,2,33,11702.0,27624544.0,26438002.0,54062546.0,123,5
Apartment,tier2,basic,639.0,4,12,2556.0,1424552.0,2055902.0,3480454.0,65,1
Apartment,tier1,standard,3007.0,1,5,3007.0,3274815.0,4998319.0,8273133.0,114,2
Hospital,tier1,standard,3159.0,4,42,12636.0,20306270.0,31316819.0,51623089.0,123,5
Apartment,tier3,standard,1699.0,2,13,3398.0,2094090.0,4057263.0,6151352.0,73,2
Home,tier1,standard,681.0,4,10,2724.0,2382621.0,3122300.0,5504920.0,62,2
Office,tier2,standard,1120.0,4,14,4480.0,4030668.0,6889993.0,10920661.0,71,2
School,tier2,standard,4491.0,3,35,13473.0,15491837.0,18784123.0,34275960.0,76,4
Apartment,tier2,standard,3724.0,1,11,3724.0,2806087.0,4510712.0,7316799.0,78,2
Home,tier2,standard,3522.0,3,47,10566.0,7841276.0,12417872.0,20259149.0,47,2
Bridge,tier1,basic,15103.2,1,38,15103.2,33141741.0,91638974.0,124780715.0,191,10
Hospital,tier2,premium,3448.0,4,11,13792.0,25350311.0,32362720.0,57713032.0,326,7
Home,tier2,premium,1425.0,1,6,1425.0,1731210.0,2039502.0,3770712.0,59,1
Road,tier2,basic,9493.0,1,48,9493.0,755318.0,2263151.0,3018469.0,30,6
Apartment,tier3,standard,5732.0,2,24,11464.0,6730353.0,13389541.0,20119894.0,115,3
Hospital,tier3,premium,2905.0,3,43,8715.0,14884119.0,21028267.0,35912386.0,102,3
Office,tier1,standard,563.0,3,7,1689.0,2007004.0,2556765.0,4563769.0,73,1
Apartment,tier2,basic,3728.0,4,30,14912.0,9187738.0,15311142.0,24498880.0,80,4
Road,tier1,standard,142576.0,1,300,142576.0,23980695.0,61445943.0,85426639.0,47,50
Apartment,tier1,standard,428.0,3,3,1284.0,1053863.0,2354277.0,3408139.0,101,1
Office,tier2,basic,4158.0,3,44,12474.0,8647852.0,14392790.0,23040642.0,66,3
School,tier2,standard,3947.0,2,25,7894.0,6007710.0,11092127.0,17099837.0,85,2
Road,tier2,standard,69303.0,1,300,69303.0,11192104.0,25101818.0,36293922.0,27,28
Office,tier1,basic,4549.0,2,39,9098.0,8009344.0,11589267.0,19598611.0,55,3
Apartment,tier1,premium,1418.0,3,7,4254.0,6868398.0,10238334.0,17106732.0,136,2
Home,tier3,basic,3210.0,1,5,3210.0,1377876.0,2440523.0,3818399.0,98,1
Home,tier3,standard,3516.0,4,57,14064.0,8748404.0,15935555.0,24683959.0,50,3
Road,tier1,standard,24072.0,1,66,24072.0,4101528.0,11412940.0,15514468.0,40,7
Hospital,tier2,basic,4297.0,2,27,8594.0,8316119.0,10321150.0,18637269.0,111,4
Apartment,tier2,standard,3220.0,4,51,12880.0,10314951.0,18078419.0,28393370.0,68,3
Other,tier2,standard,2811.0,1,12,2811.0,1992689.0,2383944.0,4376632.0,46,1
Office,tier2,standard,4529.0,2,17,9058.0,6753703.0,9463660.0,16217363.0,90,2
Road,tier3,standard,32290.0,1,24,32290.0,3917983.0,9443312.0,13361295.0,99,12
Home,tier1,premium,3163.0,2,20,6326.0,7914805.0,11845342.0,19760148.0,63,2
School,tier2,premium,4965.0,2,23,9930.0,15927223.0,19777611.0,35704834.0,100,3
Other,tier3,basic,695.0,1,3,695.0,302280.0,394262.0,696543.0,48,1
Hospital,tier1,standard,3889.0,1,13,3889.0,7562827.0,7153141.0,14715968.0,104,2
School,tier1,standard,1959.0,1,4,1959.0,1841197.0,2730743.0,4571941.0,92,2
Road,tier2,premium,56384.0,1,300,56384.0,13169417.0,26157669.0,39327086.0,37,23
Apartment,tier3,premium,3899.0,3,39,11697.0,8896912.0,17268823.0,26165735.0,69,3
Road,tier2,standard,120187.0,1,300,120187.0,13610280.0,37356428.0,50966709.0,37,36
Home,tier3,premium,3524.0,4,49,14096.0,13012445.0,22682807.0,35695252.0,67,3
Road,tier2,standard,13410.0,1,53,13410.0,1960147.0,4249323.0,6209470.0,27,6
Home,tier1,basic,5877.0,2,31,11754.0,7206482.0,14936752.0,22143235.0,59,2
Office,tier2,standard,3259.0,2,39,6518.0,4978303.0,11018201.0,15996503.0,61,3
Home,tier3,standard,1085.0,1,3,1085.0,559367.0,843265.0,1402632.0,61,1
Road,tier3,standard,11272.0,1,18,11272.0,1348145.0,3753381.0,5101526.0,52,5
School,tier1,standard,577.0,3,3,1731.0,1759967.0,2425331.0,4185298.0,90,1
Road,tier1,standard,6000.0,1,20,6000.0,834204.0,2645894.0,3480098.0,32,4
Road,tier3,premium,10530.0,1,41,10530.0,1329920.0,4026325.0,5356245.0,36,5
Other,tier1,basic,5714.0,3,51,17142.0,11879838.0,13341951.0,25221790.0,68,5
Apartment,tier1,standard,4952.0,4,77,19808.0,17295789.0,24576009.0,41871798.0,66,4
Bridge,tier3,standard,9376.0,1,36,9376.0,23007566.0,45817617.0,68825183.0,174,5
Office,tier2,basic,2287.0,3,20,6861.0,4293283.0,7340014.0,11633297.0,69,3
Apartment,tier2,standard,2119.0,1,8,2119.0,1449925.0,2426615.0,3876540.0,62,1
Office,tier1,standard,2920.0,2,18,5840.0,6094183.0,6931239.0,13025422.0,56,3
Office,tier1,basic,1264.0,1,4,1264.0,756044.0,1245467.0,2001511.0,75,1
Apartment,tier3,premium,1900.0,2,10,3800.0,2830419.0,6389001.0,9219419.0,104,1
Bridge,tier2,standard,7732.8,1,28,7732.8,33176578.0,41909878.0,75086456.0,202,5
Hospital,tier1,basic,3309.0,3,47,9927.0,11784459.0,16788896.0,28573355.0,98,2
School,tier2,basic,5127.0,4,40,20508.0,13987018.0,26354381.0,40341399.0,100,5
School,tier1,standard,5580.0,2,31,11160.0,10996194.0,17770235.0,28766429.0,68,2
Office,tier1,premium,2588.0,4,36,10352.0,18110165.0,26802753.0,44912918.0,78,3
Office,tier1,standard,4964.0,3,80,14892.0,15198580.0,26541436.0,41740017.0,58,4
Office,tier2,basic,5088.0,3,59,15264.0,9567469.0,14145811.0,23713280.0,67,4
Home,tier1,basic,2337.0,4,22,9348.0,6486204.0,10658607.0,17144811.0,68,2
Apartment,tier2,standard,2865.0,2,13,5730.0,4600188.0,7612690.0,12212878.0,97,2
Office,tier2,standard,3913.0,2,35,7826.0,7318644.0,11183895.0,18502539.0,61,3
School,tier2,standard,5490.0,3,49,16470.0,16445067.0,20060998.0,36506064.0,66,5
Apartment,tier1,basic,4736.0,2,18,9472.0,8060550.0,12165010.0,20225560.0,88,3
Apartment,tier1,standard,5142.0,3,70,15426.0,12913817.0,28080914.0,40994732.0,58,4
Road,tier1,standard,102312.0,1,300,102312.0,19321733.0,44071320.0,63393053.0,41,46
Road,tier2,standard,46875.0,1,91,46875.0,9271002.0,16608950.0,25879951.0,52,25
Other,tier2,basic,1597.0,3,8,4791.0,1574143.0,4494626.0,6068769.0,96,1
Hospital,tier1,standard,5356.0,2,9,10712.0,20729888.0,23615697.0,44345585.0,313,4
Apartment,tier3,standard,2911.0,1,8,2911.0,1658065.0,2585322.0,4243387.0,80,1
Apartment,tier2,standard,1478.0,1,5,1478.0,1082691.0,1650805.0,2733496.0,81,1
Apartment,tier1,basic,2071.0,4,37,8284.0,5049669.0,8261254.0,13310923.0,50,3
Home,tier1,basic,3146.0,2,24,6292.0,4848268.0,6417203.0,11265470.0,46,1
School,tier1,standard,3511.0,1,6,3511.0,3582977.0,6358075.0,9941052.0,98,2
Home,tier1,basic,1497.0,3,13,4491.0,2998101.0,4350487.0,7348587.0,50,2
School,tier2,standard,1809.0,1,9,1809.0,1623617.0,1892061.0,3515677.0,54,1
Other,tier1,standard,2564.0,2,14,5128.0,5676870.0,5351539.0,11028409.0,61,2
Bridge,tier3,basic,2591.6,1,11,2591.6,4455125.0,10094359.0,14549484.0,160,3
Road,tier2,standard,59164.0,1,242,59164.0,7566574.0,17856370.0,25422944.0,30,26
Home,tier2,standard,513.0,4,9,2052.0,1577129.0,2519606.0,4096735.0,50,1
Other,tier3,basic,4684.0,4,72,18736.0,11348608.0,14611228.0,25959836.0,49,3
Home,tier2,premium,2040.0,1,9,2040.0,2004106.0,3053600.0,5057706.0,42,1
Home,tier3,standard,3502.0,4,22,14008.0,9717575.0,14510268.0,24227843.0,101,3
Office,tier3,premium,2123.0,3,32,6369.0,6548017.0,11482408.0,18030426.0,58,2
Home,tier2,basic,5638.0,4,28,22552.0,12710405.0,19600502.0,32310907.0,88,3
Road,tier1,premium,7200.0,1,27,7200.0,2091912.0,4346393.0,6438305.0,38,3
Bridge,tier2,premium,12698.4,1,42,12698.4,40472921.0,118930146.0,159403067.0,217,8
Office,tier1,basic,560.0,2,3,1120.0,909667.0,1467818.0,2377486.0,73,1
Home,tier2,standard,1369.0,2,6,2738.0,2217402.0,2847528.0,5064930.0,82,1
Home,tier2,standard,4410.0,4,70,17640.0,11833385.0,18320326.0,30153711.0,48,3
Road,tier2,standard,8320.0,1,36,8320.0,865802.0,2409327.0,3275130.0,27,4
Home,tier3,standard,625.0,3,6,1875.0,918591.0,1494714.0,2413305.0,59,1
Hospital,tier1,premium,468.0,3,4,1404.0,3183870.0,4127498.0,7311367.0,141,2
Office,tier2,standard,3151.0,2,30,6302.0,5788495.0,9046721.0,14835216.0,74,3
Office,tier2,premium,4905.0,4,56,19620.0,22232154.0,38964173.0,61196328.0,87,4
Road,tier3,premium,70902.0,1,233,70902.0,10263707.0,30646254.0,40909961.0,40,35
Road,tier2,premium,152255.0,1,300,152255.0,24774237.0,74266613.0,99040849.0,52,62
Home,tier1,standard,5934.0,1,37,5934.0,5764240.0,6472445.0,12236685.0,36,1
Home,tier2,standard,1992.0,2,9,3984.0,4251106.0,4805900.0,9057005.0,62,2
Apartment,tier1,premium,1683.0,3,22,5049.0,7048715.0,10071131.0,17119845.0,68,2
Home,tier2,standard,2390.0,4,13,9560.0,6740847.0,9702749.0,16443596.0,109,2
Bridge,tier2,basic,23142.0,1,51,23142.0,54103466.0,88125189.0,142228655.0,241,14
Road,tier2,standard,59241.0,1,176,59241.0,9185554.0,19462704.0,28648259.0,36,25
Office,tier2,basic,4023.0,4,51,16092.0,10307769.0,16092283.0,26400052.0,63,4
Road,tier3,premium,116340.0,1,300,116340.0,22294094.0,48500588.0,70794682.0,48,46
Apartment,tier3,standard,1059.0,3,10,3177.0,2423126.0,2665957.0,5089082.0,74,2
Apartment,tier2,standard,1005.0,3,8,3015.0,2505687.0,3263410.0,5769097.0,91,2
Office,tier2,basic,2859.0,1,14,2859.0,1775821.0,2408588.0,4184409.0,60,2
Office,tier2,standard,417.0,3,3,1251.0,1142896.0,1642409.0,2785304.0,84,1
Office,tier3,basic,3530.0,1,15,3530.0,1843195.0,3219800.0,5062995.0,51,2
Road,tier3,standard,123420.0,1,300,123420.0,14307553.0,40172854.0,54480407.0,41,51
Hospital,tier1,standard,3553.0,1,8,3553.0,7521441.0,6664395.0,14185836.0,150,2
Office,tier1,standard,2958.0,4,34,11832.0,10193859.0,19621734.0,29815593.0,65,4
Office,tier1,basic,1353.0,2,9,2706.0,2015602.0,2924929.0,4940531.0,62,1
Apartment,tier1,standard,1306.0,3,21,3918.0,3410935.0,5631038.0,9041972.0,48,1
Home,tier2,standard,1050.0,3,9,3150.0,2396539.0,3668333.0,6064872.0,66,1
Road,tier1,premium,2530.0,1,19,2530.0,616910.0,1347101.0,1964011.0,23,2
Hospital,tier2,premium,3552.0,2,30,7104.0,11881231.0,15913516.0,27794747.0,114,3
Home,tier1,standard,1959.0,2,15,3918.0,4659141.0,5089403.0,9748544.0,51,1
Home,tier1,basic,4107.0,3,54,12321.0,8530939.0,16096784.0,24627723.0,38,3
Home,tier2,basic,2384.0,1,3,2384.0,1350762.0,2090680.0,3441442.0,104,1
Apartment,tier2,premium,2203.0,3,31,6609.0,7348439.0,12758350.0,20106789.0,60,2
Home,tier2,premium,2983.0,2,11,5966.0,5702360.0,9346015.0,15048374.0,119,2
Home,tier3,basic,2432.0,4,42,9728.0,5162760.0,7198455.0,12361214.0,50,2
Home,tier3,standard,965.0,3,8,2895.0,1843542.0,3436487.0,5280029.0,72,1
Home,tier2,standard,542.0,4,5,2168.0,1972335.0,2625090.0,4597425.0,75,1
School,tier1,basic,5887.0,4,127,23548.0,24429346.0,28675230.0,53104576.0,56,6
Office,tier1,premium,1002.0,1,3,1002.0,1645678.0,2530750.0,4176428.0,83,1
School,tier3,premium,1904.0,3,9,5712.0,6923120.0,7648458.0,14571578.0,140,2
School,tier2,premium,2672.0,3,36,8016.0,11708137.0,14741854.0,26449991.0,81,3
Apartment,tier3,basic,2871.0,2,11,5742.0,2559285.0,4365766.0,6925051.0,83,2
Home,tier2,standard,4597.0,1,23,4597.0,3249061.0,5518016.0,8767077.0,47,1
Apartment,tier1,premium,4370.0,2,29,8740.0,13342189.0,21631084.0,34973274.0,69,2
School,tier2,standard,3795.0,1,7,3795.0,4000323.0,4769032.0,8769355.0,98,2
Home,tier3,standard,2137.0,4,37,8548.0,6330967.0,8980155.0,15311122.0,48,2
Apartment,tier3,standard,5736.0,1,23,5736.0,3916145.0,5712399.0,9628545.0,67,3
Apartment,tier1,basic,861.0,1,3,861.0,670487.0,1076001.0,1746489.0,69,1
Office,tier2,standard,2138.0,1,7,2138.0,1742413.0,2359213.0,4101626.0,79,2
Apartment,tier1,premium,2508.0,1,9,2508.0,4143014.0,5742668.0,9885682.0,68,2
Road,tier3,basic,17776.0,1,64,17776.0,1785819.0,3724735.0,5510554.0,33,9
School,tier1,basic,3496.0,3,33,10488.0,10528031.0,10803921.0,21331951.0,81,3
Other,tier2,standard,686.0,1,3,686.0,397281.0,716334.0,1113615.0,46,1
Road,tier1,standard,22952.0,1,92,22952.0,3055521.0,9100029.0,12155550.0,30,11
Apartment,tier2,basic,1296.0,2,9,2592.0,1881971.0,2503471.0,4385442.0,66,2
Office,tier2,basic,2460.0,2,15,4920.0,3120491.0,5223748.0,8344239.0,66,2
Apartment,tier2,standard,3653.0,3,38,10959.0,8117338.0,13339800.0,21457137.0,70,3
School,tier3,basic,5381.0,1,14,5381.0,3349348.0,3751557.0,7100905.0,87,2
Office,tier3,standard,3522.0,3,23,10566.0,8619886.0,10881234.0,19501121.0,113,4
Road,tier3,standard,10935.0,1,22,10935.0,1058313.0,2642575.0,3700889.0,47,5
Office,tier2,standard,1782.0,3,17,5346.0,4369619.0,7428915.0,11798534.0,89,2
Home,tier2,standard,4417.0,1,10,4417.0,2570427.0,4261553.0,6831980.0,73,1
Home,tier2,standard,3536.0,1,11,3536.0,2746877.0,3769303.0,6516180.0,65,1
Road,tier2,standard,30444.0,1,149,30444.0,4429537.0,12501076.0,16930614.0,26,12
Home,tier2,standard,2749.0,4,34,10996.0,8320532.0,12147829.0,20468361.0,55,2
Home,tier2,standard,5416.0,2,38,10832.0,9350590.0,12425514.0,21776105.0,54,2
Hospital,tier1,standard,5205.0,1,16,5205.0,7018129.0,10033616.0,17051745.0,135,2
Hospital,tier2,standard,1595.0,1,8,1595.0,1977829.0,2479050.0,4456879.0,102,2
Hospital,tier1,standard,4547.0,2,48,9094.0,12908793.0,17141957.0,30050750.0,82,3
Office,tier1,standard,2224.0,2,12,4448.0,5696727.0,7136364.0,12833091.0,69,2
Apartment,tier1,basic,4663.0,4,78,18652.0,16695004.0,24960607.0,41655611.0,49,6
School,tier1,standard,3332.0,4,77,13328.0,14530295.0,22996863.0,37527158.0,58,4
Home,tier3,basic,2196.0,4,17,8784.0,4825546.0,6908940.0,11734485.0,76,2
Home,tier2,premium,5775.0,1,26,5775.0,6492412.0,9384728.0,15877140.0,55,2
Hospital,tier1,standard,1753.0,3,7,5259.0,9457580.0,9747791.0,19205370.0,213,2
Home,tier3,basic,2335.0,2,16,4670.0,2459218.0,3812291.0,6271509.0,47,2
Bridge,tier3,standard,3370.0,1,11,3370.0,9611301.0,14834595.0,24445897.0,195,3
Other,tier3,standard,1634.0,2,4,3268.0,1587346.0,2531683.0,4119029.0,140,1
Home,tier3,premium,1506.0,3,21,4518.0,4281337.0,5455293.0,9736630.0,57,1
Home,tier3,premium,5780.0,1,20,5780.0,5559014.0,8053474.0,13612489.0,58,2
Other,tier2,premium,3107.0,4,28,12428.0,10966573.0,21575273.0,32541846.0,86,2
School,tier3,standard,4927.0,3,55,14781.0,11000157.0,16136012.0,27136168.0,64,4
Home,tier3,premium,897.0,4,16,3588.0,3553368.0,5032588.0,8585956.0,60,1
Apartment,tier2,standard,4115.0,1,5,4115.0,2751963.0,5207966.0,7959929.0,132,2
Apartment,tier3,premium,981.0,1,3,981.0,1042154.0,1506274.0,2548428.0,90,1
Bridge,tier3,basic,14112.0,1,46,14112.0,36343157.0,56976338.0,93319495.0,171,10
School,tier3,premium,1537.0,4,15,6148.0,6572196.0,8550626.0,15122823.0,91,2
Office,tier3,standard,2754.0,3,40,8262.0,6142180.0,11108568.0,17250748.0,59,2
Home,tier2,basic,2593.0,1,8,2593.0,1278922.0,2290490.0,3569412.0,53,1
School,tier2,premium,5723.0,2,42,11446.0,13263234.0,16889620.0,30152854.0,83,3
Office,tier2,standard,4109.0,4,51,16436.0,16464495.0,23560272.0,40024767.0,69,3
Hospital,tier2,premium,786.0,4,5,3144.0,7239510.0,9472681.0,16712191.0,191,2
Apartment,tier3,basic,3127.0,3,32,9381.0,3185368.0,8075400.0,11260768.0,64,3
Home,tier3,standard,4642.0,2,17,9284.0,5882696.0,8482736.0,14365432.0,90,2
School,tier2,standard,3158.0,4,22,12632.0,8546183.0,14887361.0,23433544.0,113,4
Office,tier3,basic,3766.0,2,15,7532.0,4022882.0,6291641.0,10314522.0,85,3
Apartment,tier1,standard,3271.0,1,6,3271.0,2729971.0,5163099.0,7893070.0,117,1
Office,tier3,standard,5823.0,2,36,11646.0,9260516.0,16501982.0,25762498.0,63,3
School,tier1,basic,4078.0,2,23,8156.0,5925556.0,8423392.0,14348948.0,80,3
School,tier2,standard,3527.0,3,39,10581.0,10455051.0,14370930.0,24825980.0,73,3
Road,tier1,basic,51504.0,1,77,51504.0,6882481.0,16991180.0,23873661.0,51,21
Hospital,tier2,premium,1971.0,3,18,5913.0,13700941.0,17725054.0,31425995.0,157,3
Hospital,tier2,premium,4625.0,1,13,4625.0,7690126.0,11416396.0,19106523.0,154,2
School,tier1,standard,4767.0,3,51,14301.0,13970894.0,24087514.0,38058409.0,79,4
Apartment,tier2,standard,2472.0,1,9,2472.0,1689201.0,3405236.0,5094436.0,64,2
Other,tier2,standard,5919.0,4,83,23676.0,19529328.0,27120377.0,46649705.0,52,5
Road,tier1,basic,73115.0,1,159,73115.0,10892211.0,25088092.0,35980303.0,43,28
Bridge,tier2,premium,3513.6,1,12,3513.6,18553120.0,29872845.0,48425965.0,213,2
Home,tier1,basic,505.0,4,6,2020.0,1264581.0,1946328.0,3210909.0,48,1
Apartment,tier1,standard,2050.0,1,10,2050.0,1755555.0,3367406.0,5122962.0,70,1
Bridge,tier1,basic,18392.0,1,64,18392.0,60705670.0,102218333.0,162924003.0,201,12
Road,tier2,standard,34910.0,1,120,34910.0,4458434.0,11058909.0,15517343.0,35,15
Home,tier3,premium,2844.0,2,10,5688.0,5027863.0,8410828.0,13438691.0,101,2
Apartment,tier2,basic,4626.0,1,12,4626.0,2114234.0,3267601.0,5381835.0,72,2
Road,tier3,basic,27048.0,1,98,27048.0,2441269.0,6046725.0,8487994.0,32,12
Hospital,tier2,basic,3749.0,4,49,14996.0,15074180.0,22106880.0,37181060.0,128,5
Home,tier3,basic,1041.0,3,10,3123.0,1676984.0,2525434.0,4202419.0,67,1
Other,tier3,standard,465.0,2,3,930.0,638221.0,850131.0,1488351.0,57,1
Home,tier2,standard,2608.0,2,12,5216.0,3508355.0,5347861.0,8856216.0,72,2
Home,tier1,standard,1194.0,2,7,2388.0,1816192.0,2929957.0,4746149.0,62,1
Apartment,tier1,basic,1011.0,3,14,3033.0,1769794.0,4554993.0,6324786.0,59,2
Apartment,tier2,standard,878.0,2,3,1756.0,1147017.0,2445981.0,3592998.0,104,2
Office,tier2,standard,1927.0,2,8,3854.0,2393508.0,6396277.0,8789785.0,81,2
Road,tier1,standard,40194.0,1,45,40194.0,9088358.0,19082665.0,28171022.0,73,15
Hospital,tier3,basic,1211.0,1,4,1211.0,715436.0,1098775.0,1814211.0,115,2
Apartment,tier3,standard,2107.0,4,40,8428.0,5643158.0,12109128.0,17752286.0,70,2
Road,tier1,basic,20896.0,1,78,20896.0,2474061.0,6400521.0,8874582.0,27,8
Bridge,tier1,premium,17146.8,1,69,17146.8,110726024.0,192055067.0,302781091.0,215,9
Hospital,tier1,premium,3979.0,1,8,3979.0,8480342.0,11686506.0,20166849.0,182,2
Hospital,tier2,premium,4188.0,2,32,8376.0,15733990.0,18246165.0,33980155.0,122,3
Apartment,tier3,basic,4243.0,3,31,12729.0,5963988.0,8043973.0,14007961.0,67,4
School,tier2,basic,706.0,4,10,2824.0,2081242.0,2284794.0,4366036.0,68,1
Home,tier1,premium,3164.0,3,37,9492.0,15949626.0,18733247.0,34682873.0,62,3
Apartment,tier2,standard,3801.0,3,34,11403.0,8898207.0,15107147.0,24005353.0,96,4
Apartment,tier1,standard,5658.0,3,73,16974.0,16683404.0,30558340.0,47241744.0,62,4
Apartment,tier2,standard,2845.0,3,27,8535.0,6767271.0,9384309.0,16151580.0,87,3
Home,tier2,basic,1933.0,4,28,7732.0,4718424.0,7677147.0,12395571.0,48,2
Office,tier2,standard,4622.0,4,102,18488.0,16450803.0,26734422.0,43185225.0,52,5
Hospital,tier2,premium,1434.0,2,11,2868.0,5588687.0,7225569.0,12814256.0,104,2
Home,tier3,standard,5349.0,1,13,5349.0,3207584.0,5396366.0,8603949.0,80,1
Other,tier1,standard,2397.0,4,27,9588.0,8395961.0,13056337.0,21452297.0,65,2
Road,tier3,premium,39806.0,1,173,39806.0,5472888.0,18670252.0,24143140.0,34,21
Hospital,tier1,standard,2373.0,2,22,4746.0,7644427.0,10340366.0,17984793.0,100,2
Apartment,tier2,basic,5887.0,1,19,5887.0,3892617.0,5156137.0,9048754.0,69,2
Road,tier3,standard,55200.0,1,86,55200.0,5348081.0,20563354.0,25911435.0,54,21
Office,tier2,basic,724.0,1,3,724.0,468227.0,599733.0,1067961.0,60,1
School,tier1,basic,2487.0,4,35,9948.0,7658726.0,10548248.0,18206975.0,59,2
School,tier2,standard,4501.0,1,18,4501.0,3230096.0,6930152.0,10160248.0,65,2
Road,tier2,basic,48580.0,1,219,48580.0,3968444.0,11270681.0,15239125.0,29,23
School,tier3,basic,5457.0,3,16,16371.0,11160655.0,13481904.0,24642558.0,164,5
Apartment,tier2,standard,4616.0,1,20,4616.0,2922342.0,5050669.0,7973011.0,64,2
Road,tier1,basic,48749.0,1,244,48749.0,5326130.0,15229672.0,20555802.0,30,23
Home,tier2,standard,4616.0,1,3,4616.0,3230912.0,5012187.0,8243099.0,212,2
Road,tier1,basic,51281.0,1,171,51281.0,5923499.0,13803689.0,19727188.0,29,21
Road,tier1,standard,41448.0,1,175,41448.0,7437431.0,15019042.0,22456472.0,37,14
Home,tier2,premium,1564.0,3,8,4692.0,4872648.0,6038235.0,10910884.0,110,2
Home,tier3,basic,1260.0,2,7,2520.0,1376822.0,1816379.0,3193201.0,64,1
Hospital,tier1,standard,630.0,2,5,1260.0,1815431.0,2743627.0,4559058.0,104,1
Office,tier3,basic,1203.0,2,7,2406.0,1498211.0,1840366.0,3338577.0,73,1
Other,tier2,basic,1134.0,3,10,3402.0,1816392.0,2796432.0,4612825.0,58,2
Office,tier3,standard,5351.0,4,77,21404.0,14500052.0,27643100.0,42143152.0,67,6
Home,tier1,basic,741.0,1,3,741.0,445085.0,745078.0,1190163.0,56,1
Apartment,tier2,basic,4024.0,1,8,4024.0,2030186.0,4252410.0,6282597.0,95,2
Apartment,tier1,standard,700.0,4,11,2800.0,2441959.0,3610677.0,6052636.0,64,2
Office,tier1,standard,5783.0,4,103,23132.0,21524373.0,35893206.0,57417579.0,69,6
Office,tier2,premium,3547.0,2,27,7094.0,8988517.0,16405380.0,25393898.0,60,2
Home,tier2,premium,3282.0,1,16,3282.0,3186823.0,5607976.0,8794799.0,44,2
Bridge,tier1,standard,31441.2,1,120,31441.2,88692742.0,193405564.0,282098306.0,193,19
Road,tier1,basic,129506.0,1,300,129506.0,19712735.0,40426433.0,60139168.0,40,52
Office,tier3,basic,2780.0,3,28,8340.0,3751006.0,6296757.0,10047763.0,60,3
Home,tier3,standard,1184.0,2,9,2368.0,1612316.0,2625159.0,4237474.0,55,1
Road,tier2,premium,15804.0,1,60,15804.0,3435481.0,8576139.0,12011620.0,41,7
Other,tier3,basic,5686.0,2,30,11372.0,6545765.0,8885200.0,15430965.0,54,2
School,tier1,basic,484.0,2,3,968.0,732557.0,1089804.0,1822361.0,69,2
Road,tier2,standard,146848.0,1,300,146848.0,19779473.0,42129387.0,61908860.0,48,61
Home,tier3,premium,3977.0,2,21,7954.0,7208573.0,10067733.0,17276305.0,82,2
Office,tier2,standard,748.0,4,17,2992.0,2385302.0,4198212.0,6583514.0,57,1
Office,tier1,standard,4640.0,2,51,9280.0,9382482.0,16802171.0,26184653.0,44,3
Apartment,tier2,standard,3816.0,3,34,11448.0,6857599.0,12153460.0,19011059.0,82,3
Apartment,tier2,standard,3405.0,3,29,10215.0,8269014.0,12486975.0,20755989.0,65,4
Apartment,tier2,standard,2236.0,3,6,6708.0,5201318.0,7052615.0,12253932.0,189,2
Other,tier2,standard,3063.0,3,20,9189.0,6837343.0,9020030.0,15857373.0,69,2
Other,tier2,standard,862.0,2,4,1724.0,1203593.0,2249297.0,3452890.0,75,1
Other,tier1,standard,4492.0,4,51,17968.0,18207395.0,28214186.0,46421581.0,68,4
Home,tier2,basic,3839.0,3,31,11517.0,7212921.0,10637446.0,17850366.0,60,2
Home,tier1,basic,3366.0,1,12,3366.0,2377150.0,3664486.0,6041636.0,47,1
Office,tier3,basic,4787.0,3,61,14361.0,7462625.0,12564949.0,20027574.0,49,4
School,tier2,basic,3251.0,4,32,13004.0,9889630.0,11559970.0,21449600.0,78,4
Home,tier2,basic,2657.0,3,40,7971.0,4070146.0,5633283.0,9703429.0,39,2
Apartment,tier2,standard,4890.0,4,73,19560.0,12749384.0,23249824.0,35999208.0,71,5
School,tier1,premium,5635.0,2,49,11270.0,17573481.0,25245959.0,42819440.0,68,3
Bridge,tier2,standard,38764.8,1,109,38764.8,94727642.0,215087344.0,309814986.0,238,26
Home,tier2,standard,3262.0,2,26,6524.0,4805477.0,8187076.0,12992554.0,52,2
Office,tier2,premium,2463.0,1,10,2463.0,3215490.0,4247072.0,7462562.0,78,1
Home,tier2,premium,1132.0,1,6,1132.0,1529338.0,1337267.0,2866606.0,47,1
Apartment,tier3,basic,2726.0,3,33,8178.0,3701849.0,6253940.0,9955789.0,65,3
School,tier2,basic,5057.0,1,22,5057.0,3660977.0,4266454.0,7927431.0,63,2
Hospital,tier2,basic,4884.0,1,13,4884.0,4705859.0,6245740.0,10951599.0,115,2
Office,tier2,premium,1118.0,2,11,2236.0,2161789.0,4264829.0,6426618.0,54,1
Road,tier1,basic,55760.0,1,103,55760.0,7636590.0,16139634.0,23776224.0,51,25
Road,tier1,basic,76456.0,1,204,76456.0,8579220.0,25178403.0,33757623.0,35,42
Apartment,tier3,standard,4246.0,3,47,12738.0,7842187.0,14876251.0,22718438.0,64,4
Apartment,tier3,standard,5302.0,2,21,10604.0,6690418.0,11580858.0,18271276.0,99,4
Office,tier3,standard,820.0,3,6,2460.0,1799187.0,2851261.0,4650448.0,77,2
Apartment,tier1,standard,3002.0,2,14,6004.0,7318050.0,8485733.0,15803782.0,97,2
Home,tier1,standard,934.0,1,4,934.0,823753.0,1249216.0,2072969.0,49,1
Apartment,tier2,premium,4459.0,3,42,13377.0,12903605.0,21022265.0,33925870.0,87,4
Home,tier3,basic,3378.0,4,60,13512.0,6954031.0,12470047.0,19424078.0,49,2
Office,tier1,premium,2822.0,3,47,8466.0,13689608.0,24168598.0,37858206.0,61,2
Apartment,tier1,standard,4987.0,1,18,4987.0,4089462.0,6123629.0,10213090.0,81,2
Home,tier1,basic,5138.0,3,42,15414.0,13484423.0,14844319.0,28328743.0,59,3
Road,tier3,premium,83862.0,1,300,83862.0,19277498.0,36787759.0,56065256.0,33,33
Road,tier3,premium,117585.0,1,269,117585.0,15084595.0,52362343.0,67446938.0,47,49
Office,tier2,premium,5779.0,1,19,5779.0,7640564.0,11314343.0,18954907.0,75,3
Hospital,tier1,premium,690.0,4,17,2760.0,8733569.0,8463050.0,17196619.0,102,2
Apartment,tier2,standard,4657.0,4,58,18628.0,17384297.0,22774077.0,40158374.0,87,6
Apartment,tier2,basic,1047.0,3,12,3141.0,2156237.0,3659359.0,5815595.0,63,2
Office,tier1,basic,4777.0,4,60,19108.0,17493900.0,26776343.0,44270243.0,65,6
Bridge,tier1,premium,24008.4,1,69,24008.4,112266828.0,283367344.0,395634171.0,228,15
Office,tier2,premium,5070.0,1,20,5070.0,6120805.0,9059448.0,15180253.0,76,2
Office,tier2,premium,3615.0,4,27,14460.0,18621620.0,29802439.0,48424059.0,124,4
Home,tier3,premium,1825.0,3,17,5475.0,4925733.0,7337197.0,12262930.0,76,2
Apartment,tier2,standard,4294.0,3,23,12882.0,8081375.0,15191609.0,23272984.0,102,4
Apartment,tier2,basic,2249.0,1,12,2249.0,902992.0,2013670.0,2916661.0,65,2
Apartment,tier2,basic,574.0,4,10,2296.0,1219619.0,2344203.0,3563822.0,56,2
Bridge,tier2,standard,10192.0,1,25,10192.0,26870923.0,72225661.0,99096584.0,212,6
Road,tier1,standard,91008.0,1,106,91008.0,14568451.0,41819342.0,56387793.0,81,37
Bridge,tier2,basic,19744.0,1,77,19744.0,56031597.0,79493181.0,135524777.0,177,15
Bridge,tier1,premium,42090.0,1,138,42090.0,318690692.0,513484669.0,832175361.0,203,26
Road,tier2,standard,69042.0,1,300,69042.0,9569560.0,29147616.0,38717176.0,32,23
Home,tier2,basic,630.0,1,3,630.0,316615.0,456274.0,772889.0,41,1
Home,tier2,premium,4608.0,2,38,9216.0,10657764.0,15991572.0,26649336.0,60,2
Other,tier2,standard,1130.0,3,9,3390.0,2349815.0,3084473.0,5434288.0,69,2
Road,tier1,standard,13648.0,1,41,13648.0,1868466.0,6539608.0,8408074.0,47,8
Other,tier2,standard,3531.0,1,13,3531.0,1754173.0,3424304.0,5178477.0,61,2
Home,tier2,standard,1596.0,1,6,1596.0,1104089.0,1594341.0,2698430.0,59,1
School,tier3,basic,5444.0,1,14,5444.0,3161806.0,4212342.0,7374148.0,82,3
Office,tier2,standard,3143.0,4,22,12572.0,9718313.0,18129208.0,27847521.0,93,3
Office,tier3,standard,2608.0,3,44,7824.0,4774664.0,8556559.0,13331223.0,55,3
Home,tier2,premium,4163.0,4,56,16652.0,20806974.0,23916311.0,44723285.0,64,3
Home,tier3,premium,4083.0,4,63,16332.0,13517877.0,22740530.0,36258407.0,60,3
Apartment,tier1,basic,4558.0,1,11,4558.0,3044782.0,5409001.0,8453783.0,81,2
Office,tier1,premium,3841.0,1,19,3841.0,6428983.0,9949207.0,16378190.0,53,2
School,tier1,basic,5828.0,3,79,17484.0,15649307.0,18736912.0,34386218.0,57,5
Road,tier1,basic,22288.0,1,76,22288.0,3476091.0,7586065.0,11062156.0,32,11
Road,tier3,standard,42085.0,1,151,42085.0,6538323.0,9648025.0,16186349.0,37,23
Bridge,tier2,premium,1929.6,1,7,1929.6,9378793.0,15547783.0,24926575.0,189,2
Home,tier2,premium,1781.0,4,25,7124.0,11593003.0,12618206.0,24211209.0,59,2
Other,tier2,premium,4730.0,2,38,9460.0,9995220.0,13710605.0,23705826.0,54,3
Apartment,tier2,basic,5181.0,2,39,10362.0,6156629.0,10761205.0,16917834.0,60,3
Hospital,tier2,basic,2033.0,3,19,6099.0,6316946.0,6400706.0,12717652.0,102,3
Road,tier3,basic,58380.0,1,115,58380.0,4042086.0,13786210.0,17828296.0,50,18
Home,tier2,standard,4433.0,3,44,13299.0,7534299.0,15881417.0,23415716.0,62,3
Apartment,tier2,standard,4800.0,2,40,9600.0,7041382.0,11962505.0,19003887.0,82,3
Road,tier1,basic,82110.0,1,300,82110.0,9672642.0,28161659.0,37834302.0,29,40
Home,tier3,standard,1146.0,3,17,3438.0,2813629.0,3240589.0,6054218.0,49,1
Road,tier1,standard,78032.0,1,300,78032.0,12026546.0,32081064.0,44107610.0,28,31
Apartment,tier2,standard,3001.0,2,25,6002.0,5062412.0,6543135.0,11605547.0,74,2
School,tier3,standard,1018.0,2,7,2036.0,1959835.0,2048332.0,4008167.0,70,1
Apartment,tier1,basic,3716.0,1,14,3716.0,2505857.0,3313040.0,5818897.0,62,2
Apartment,tier1,standard,3181.0,3,25,9543.0,7047120.0,11201428.0,18248548.0,95,3
Office,tier2,standard,4700.0,4,80,18800.0,16376232.0,24398433.0,40774665.0,69,6
Apartment,tier2,basic,5736.0,2,56,11472.0,6874079.0,11078032.0,17952111.0,49,3
Road,tier3,basic,110877.0,1,300,110877.0,11171158.0,23038434.0,34209593.0,36,42
School,tier3,premium,2932.0,2,23,5864.0,5625212.0,7904936.0,13530147.0,86,3
Home,tier2,standard,5014.0,2,31,10028.0,8049586.0,10765984.0,18815570.0,58,2
Other,tier3,basic,451.0,1,3,451.0,185916.0,284933.0,470849.0,37,1
Office,tier2,standard,5163.0,3,49,15489.0,12019087.0,17335930.0,29355017.0,76,4
Home,tier3,standard,2621.0,3,20,7863.0,5870361.0,6564047.0,12434408.0,79,2
Road,tier1,basic,24168.0,1,88,24168.0,3589485.0,8096010.0,11685495.0,33,11
Home,tier2,basic,3766.0,3,3,11298.0,6001157.0,9865284.0,15866441.0,410,2
Home,tier1,premium,5648.0,3,46,16944.0,18396012.0,31804157.0,50200169.0,62,3
School,tier1,standard,1242.0,3,13,3726.0,5484488.0,6202695.0,11687184.0,76,2
Road,tier2,basic,78624.0,1,300,78624.0,7917362.0,17576008.0,25493370.0,30,29
Apartment,tier1,standard,3571.0,3,36,10713.0,11236227.0,17003280.0,28239506.0,85,3
Office,tier2,standard,4700.0,2,32,9400.0,7817487.0,14319648.0,22137134.0,73,3
Hospital,tier2,standard,4728.0,2,22,9456.0,12315685.0,16243486.0,28559171.0,138,4
Road,tier1,basic,65412.0,1,300,65412.0,9522390.0,19228966.0,28751356.0,24,34
School,tier2,basic,2935.0,3,21,8805.0,4629710.0,6935428.0,11565139.0,78,3
School,tier2,basic,4928.0,4,112,19712.0,13478776.0,23024318.0,36503094.0,56,5
Road,tier3,premium,125697.0,1,300,125697.0,17823873.0,47863505.0,65687378.0,50,47
Other,tier1,standard,5861.0,1,26,5861.0,5889774.0,7775583.0,13665357.0,42,2
Road,tier3,premium,31140.0,1,102,31140.0,5036853.0,15432101.0,20468953.0,29,11
Home,tier3,basic,3968.0,2,21,7936.0,3248441.0,5025724.0,8274165.0,54,2
Hospital,tier2,standard,3662.0,1,17,3662.0,4133355.0,4852453.0,8985809.0,78,2
Apartment,tier2,standard,1758.0,2,17,3516.0,2286816.0,4355584.0,6642400.0,54,1
Home,tier2,standard,4592.0,3,43,13776.0,11593559.0,17379023.0,28972582.0,61,2
Road,tier3,standard,75202.0,1,249,75202.0,7984499.0,20864096.0,28848595.0,40,28
Apartment,tier2,standard,3845.0,3,33,11535.0,8180443.0,15490365.0,23670809.0,60,4
Hospital,tier3,basic,4857.0,2,35,9714.0,8011966.0,9033361.0,17045327.0,96,3
Other,tier3,basic,2926.0,3,18,8778.0,4899340.0,6079491.0,10978830.0,75,2
Bridge,tier2,standard,8304.0,1,3,8304.0,23586247.0,46404700.0,69990947.0,967,4
School,tier2,basic,1316.0,1,3,1316.0,655255.0,1176463.0,1831718.0,83,1
Office,tier2,basic,1577.0,3,15,4731.0,3510389.0,3639360.0,7149749.0,68,2
Apartment,tier3,premium,2098.0,2,9,4196.0,3187019.0,5901500.0,9088519.0,109,2
Road,tier3,basic,3024.0,1,10,3024.0,285241.0,738563.0,1023803.0,36,2
Hospital,tier1,standard,3390.0,4,37,13560.0,23835457.0,26731363.0,50566820.0,166,5
Road,tier1,premium,127058.0,1,300,127058.0,30593942.0,69434241.0,100028183.0,45,37
School,tier2,standard,5807.0,3,45,17421.0,11919954.0,19131165.0,31051120.0,91,3
Hospital,tier3,basic,2711.0,3,36,8133.0,6390053.0,8723435.0,15113487.0,119,3
Bridge,tier2,standard,13305.2,1,48,13305.2,43030940.0,66886541.0,109917481.0,209,9
Apartment,tier3,standard,5485.0,3,85,16455.0,9401874.0,16159535.0,25561409.0,54,5
Road,tier2,standard,139191.0,1,300,139191.0,13875554.0,47764083.0,61639637.0,44,48
School,tier1,standard,5786.0,3,19,17358.0,18428113.0,28569994.0,46998106.0,123,4
Road,tier3,premium,74936.0,1,159,74936.0,13586187.0,25599229.0,39185416.0,51,34
Road,tier2,basic,59234.0,1,205,59234.0,5253827.0,15417514.0,20671340.0,30,23
Road,tier2,basic,6482.0,1,23,6482.0,837998.0,1702178.0,2540176.0,32,4
Home,tier1,standard,5720.0,3,45,17160.0,15270118.0,23756276.0,39026394.0,60,3
Home,tier1,standard,5606.0,4,54,22424.0,21417604.0,28401554.0,49819159.0,72,3
Hospital,tier1,standard,5117.0,4,54,20468.0,37972088.0,49541327.0,87513416.0,139,9
School,tier2,basic,5528.0,1,17,5528.0,3672133.0,4546806.0,8218940.0,66,2
Hospital,tier2,basic,5251.0,2,34,10502.0,11031059.0,11396408.0,22427467.0,122,5
Home,tier2,standard,3272.0,4,27,13088.0,10610409.0,16778101.0,27388510.0,77,2
Office,tier1,premium,5262.0,4,76,21048.0,34699254.0,53061537.0,87760791.0,79,5
Home,tier1,basic,4719.0,1,17,4719.0,2944047.0,5074921.0,8018968.0,43,1
Apartment,tier2,premium,2562.0,3,25,7686.0,7662228.0,11435544.0,19097772.0,78,3
Apartment,tier3,standard,5330.0,2,27,10660.0,7191062.0,9131571.0,16322633.0,95,3
Office,tier2,basic,571.0,3,7,1713.0,1277191.0,2147298.0,3424489.0,48,1
Hospital,tier1,standard,975.0,3,14,2925.0,3848542.0,5966062.0,9814604.0,109,2
Home,tier2,basic,1322.0,2,7,2644.0,1573850.0,2145846.0,3719696.0,58,1
Office,tier3,standard,3394.0,2,18,6788.0,5603728.0,9121441.0,14725169.0,64,3
Home,tier3,basic,817.0,4,13,3268.0,1826565.0,2601811.0,4428375.0,45,1
Office,tier3,standard,1659.0,2,7,3318.0,2035562.0,4272380.0,6307942.0,100,2
Hospital,tier3,basic,1757.0,1,3,1757.0,1358864.0,1525973.0,2884836.0,196,1
Apartment,tier2,premium,1758.0,1,5,1758.0,1734106.0,2807297.0,4541403.0,110,1
Office,tier3,premium,709.0,1,3,709.0,855169.0,923165.0,1778335.0,63,1
Bridge,tier1,standard,11892.0,1,27,11892.0,39701317.0,98593913.0,138295231.0,256,8
Hospital,tier3,standard,1950.0,1,6,1950.0,2466042.0,2765557.0,5231599.0,119,2
Other,tier3,premium,4648.0,3,14,13944.0,11008754.0,20620039.0,31628793.0,165,4
School,tier3,basic,3698.0,3,45,11094.0,6376350.0,7894643.0,14270992.0,67,3
Office,tier2,premium,2162.0,4,43,8648.0,11617527.0,17199437.0,28816964.0,65,3
School,tier3,standard,1189.0,3,8,3567.0,3080350.0,3745846.0,6826196.0,93,2
Office,tier1,premium,3275.0,1,13,3275.0,5635873.0,7249495.0,12885368.0,60,2
Other,tier2,basic,2168.0,3,20,6504.0,3562383.0,5089986.0,8652370.0,49,2
Road,tier2,basic,96306.0,1,300,96306.0,8790658.0,21995482.0,30786140.0,30,43
Hospital,tier2,basic,1655.0,1,5,1655.0,1788601.0,2061220.0,3849821.0,122,2
Home,tier2,basic,5982.0,3,53,17946.0,11634454.0,13609780.0,25244233.0,60,4
Road,tier2,basic,99780.0,1,236,99780.0,9887022.0,26915146.0,36802169.0,46,39
Apartment,tier1,premium,5075.0,2,21,10150.0,15457238.0,18272213.0,33729451.0,105,3
School,tier2,basic,4186.0,1,19,4186.0,2530887.0,3307167.0,5838054.0,69,2
Road,tier2,basic,127980.0,1,176,127980.0,16599529.0,31764803.0,48364332.0,55,71
Apartment,tier2,basic,5400.0,4,72,21600.0,10218010.0,19486556.0,29704567.0,67,7
Apartment,tier2,standard,2928.0,1,10,2928.0,1625770.0,3290151.0,4915921.0,71,1
Office,tier1,standard,4409.0,2,29,8818.0,10375982.0,17195899.0,27571881.0,72,2
Bridge,tier3,basic,37060.8,1,152,37060.8,84956633.0,145247124.0,230203757.0,170,23
Road,tier2,standard,30912.0,1,90,30912.0,4786184.0,10669987.0,15456171.0,42,14
School,tier1,premium,3496.0,4,57,13984.0,21510421.0,28496648.0,50007069.0,72,4
Office,tier2,basic,5904.0,2,67,11808.0,7912432.0,11760770.0,19673202.0,50,3
Office,tier2,standard,2210.0,4,28,8840.0,7751740.0,12610347.0,20362087.0,66,2
Apartment,tier2,standard,4495.0,2,9,8990.0,6151932.0,10744993.0,16896925.0,184,3
Apartment,tier1,standard,1330.0,1,4,1330.0,1444798.0,1685639.0,3130437.0,80,1
Apartment,tier1,premium,663.0,3,6,1989.0,2220200.0,4060169.0,6280369.0,82,1
Other,tier1,premium,4338.0,3,49,13014.0,13086143.0,20941347.0,34027490.0,54,3
Hospital,tier1,standard,1622.0,4,7,6488.0,12434878.0,13402592.0,25837470.0,249,3
Apartment,tier1,standard,487.0,1,3,487.0,492105.0,683210.0,1175315.0,60,1
Apartment,tier3,basic,3969.0,3,34,11907.0,5972833.0,9847779.0,15820612.0,84,3
Road,tier2,standard,117741.0,1,300,117741.0,16603810.0,44261283.0,60865093.0,36,43
Road,tier2,standard,68666.0,1,187,68666.0,11228022.0,23417733.0,34645755.0,43,28
Office,tier2,basic,2942.0,2,26,5884.0,4380646.0,6635156.0,11015802.0,60,2
School,tier2,premium,5062.0,2,16,10124.0,14017173.0,19953995.0,33971168.0,152,2
Office,tier1,standard,471.0,1,3,471.0,454759.0,788845.0,1243603.0,53,1
Office,tier1,basic,1289.0,3,9,3867.0,3346732.0,4928230.0,8274962.0,76,2
School,tier1,premium,2508.0,4,28,10032.0,20589459.0,20497393.0,41086852.0,98,4
Road,tier2,standard,19872.0,1,129,19872.0,2179733.0,5895790.0,8075523.0,19,8
Office,tier2,basic,4435.0,1,10,4435.0,3566944.0,4060813.0,7627757.0,72,2
Apartment,tier2,standard,3291.0,4,38,13164.0,12111759.0,17143818.0,29255577.0,73,4
Apartment,tier2,premium,5715.0,4,46,22860.0,25198507.0,32858450.0,58056956.0,111,5
Home,tier3,premium,5554.0,3,50,16662.0,17369986.0,28311014.0,45681000.0,61,2
Home,tier2,basic,989.0,1,3,989.0,566720.0,711269.0,1277988.0,52,1
Office,tier2,standard,3364.0,2,17,6728.0,5199380.0,9242259.0,14441639.0,78,3
Apartment,tier2,premium,5727.0,3,89,17181.0,21282078.0,28638709.0,49920786.0,63,5
Apartment,tier2,premium,1446.0,4,27,5784.0,7969883.0,9335568.0,17305451.0,70,2
Home,tier2,basic,1284.0,2,6,2568.0,1840847.0,2606537.0,4447384.0,57,1
Apartment,tier2,standard,2365.0,1,10,2365.0,1895386.0,2480774.0,4376159.0,61,1
Home,tier1,premium,5826.0,3,48,17478.0,20504672.0,38529304.0,59033976.0,76,3
Road,tier2,basic,44288.0,1,84,44288.0,4907146.0,11067582.0,15974728.0,37,17
Other,tier3,standard,3958.0,1,10,3958.0,1851988.0,3382104.0,5234092.0,69,1
Home,tier2,standard,1879.0,2,7,3758.0,2970360.0,4235118.0,7205479.0,89,1
Home,tier3,standard,4526.0,1,20,4526.0,2451899.0,3904243.0,6356142.0,52,2
Road,tier2,standard,4727.0,1,11,4727.0,717574.0,1665013.0,2382587.0,38,2
School,tier2,basic,627.0,2,6,1254.0,566581.0,1177207.0,1743789.0,56,2
Apartment,tier2,standard,2513.0,1,9,2513.0,1914379.0,2579957.0,4494336.0,79,2
Other,tier2,basic,3641.0,2,21,7282.0,4512837.0,4130983.0,8643820.0,47,2
Home,tier3,premium,1422.0,3,12,4266.0,3735338.0,5852479.0,9587817.0,75,1
Home,tier1,standard,3955.0,2,43,7910.0,6672027.0,8457368.0,15129395.0,36,2
Apartment,tier2,basic,2441.0,1,8,2441.0,977116.0,1650755.0,2627871.0,64,1
Office,tier2,premium,597.0,3,5,1791.0,2274620.0,3372787.0,5647406.0,82,1
Apartment,tier3,standard,3856.0,4,67,15424.0,9346367.0,13951048.0,23297415.0,65,4
Hospital,tier2,basic,613.0,3,7,1839.0,2260839.0,2587855.0,4848693.0,102,1
Home,tier3,basic,1524.0,2,7,3048.0,1338884.0,2151155.0,3490039.0,58,1
Apartment,tier3,standard,1316.0,4,18,5264.0,3968035.0,6091613.0,10059648.0,83,2
Home,tier2,premium,685.0,2,3,1370.0,1549410.0,2265834.0,3815244.0,93,1
Road,tier3,basic,11271.0,1,37,11271.0,924455.0,2157960.0,3082416.0,35,6
School,tier3,premium,5283.0,3,59,15849.0,14210249.0,25833886.0,40044135.0,69,4
Bridge,tier1,basic,3232.0,1,12,3232.0,8717116.0,20572698.0,29289814.0,160,3
Hospital,tier2,standard,1739.0,1,4,1739.0,2645308.0,2552813.0,5198121.0,162,1
School,tier1,standard,4919.0,2,24,9838.0,11614913.0,16046339.0,27661252.0,80,3
Other,tier2,basic,5643.0,1,20,5643.0,2908041.0,3814477.0,6722518.0,50,2
Other,tier1,premium,2087.0,2,20,4174.0,6337290.0,7751541.0,14088831.0,52,2
Bridge,tier2,basic,11481.6,1,40,11481.6,34799779.0,38013153.0,72812932.0,131,8
Home,tier2,premium,4658.0,2,25,9316.0,11444625.0,16265117.0,27709742.0,78,2
Hospital,tier2,basic,4044.0,3,54,12132.0,13767177.0,16164968.0,29932144.0,94,6
Other,tier1,basic,5985.0,3,63,17955.0,9132220.0,17279498.0,26411718.0,49,5
Office,tier2,premium,4125.0,2,29,8250.0,9567785.0,17150213.0,26717998.0,72,3
Road,tier2,standard,51380.0,1,219,51380.0,5717013.0,16243904.0,21960917.0,27,17
Road,tier2,basic,20150.0,1,65,20150.0,1967435.0,5887098.0,7854533.0,30,9
Home,tier2,standard,1323.0,2,6,2646.0,1600339.0,2772991.0,4373329.0,71,1
Hospital,tier1,basic,4125.0,3,39,12375.0,15445984.0,20433522.0,35879507.0,121,5
Road,tier2,premium,38970.0,1,180,38970.0,6542160.0,22584629.0,29126789.0,31,18
Apartment,tier3,basic,2570.0,4,57,10280.0,5967044.0,7884574.0,13851619.0,52,3
Apartment,tier1,standard,2813.0,3,16,8439.0,9305646.0,13987785.0,23293431.0,107,2
Apartment,tier2,basic,2537.0,2,27,5074.0,3120811.0,4582133.0,7702943.0,50,2
Road,tier1,standard,117572.0,1,300,117572.0,24646380.0,56948297.0,81594677.0,45,55
Office,tier2,premium,5313.0,4,71,21252.0,25837742.0,37791813.0,63629555.0,77,5
Hospital,tier1,premium,5480.0,1,29,5480.0,10288021.0,16455162.0,26743183.0,101,3
Apartment,tier2,standard,5733.0,1,16,5733.0,3029418.0,5772266.0,8801684.0,90,2
Road,tier2,basic,6860.0,1,21,6860.0,553737.0,1842616.0,2396353.0,34,4
Apartment,tier1,basic,1352.0,2,7,2704.0,1683167.0,2710182.0,4393349.0,59,2
Home,tier2,premium,2663.0,1,9,2663.0,2424105.0,3562402.0,5986506.0,49,1
Apartment,tier2,basic,4230.0,2,31,8460.0,3760165.0,6776489.0,10536654.0,73,2
Home,tier2,standard,1370.0,4,14,5480.0,3974170.0,6409899.0,10384069.0,69,2
Home,tier3,standard,1266.0,2,13,2532.0,1573584.0,2537759.0,4111343.0,44,1
Bridge,tier2,premium,42948.8,1,106,42948.8,151084650.0,436190213.0,587274864.0,201,27
Home,tier3,standard,596.0,1,3,596.0,377788.0,625457.0,1003245.0,44,1
Home,tier2,standard,3750.0,3,38,11250.0,10231949.0,13481417.0,23713366.0,51,2
Home,tier1,premium,1237.0,1,6,1237.0,1532892.0,2047323.0,3580215.0,51,1
Road,tier1,premium,19188.0,1,46,19188.0,3806694.0,11647211.0,15453905.0,46,8
Apartment,tier2,standard,3954.0,2,32,7908.0,5539085.0,10311838.0,15850923.0,63,2
Home,tier2,standard,1430.0,2,18,2860.0,1962770.0,3476515.0,5439284.0,41,1
School,tier3,standard,4468.0,2,15,8936.0,7142171.0,10750624.0,17892795.0,114,3
Apartment,tier2,standard,5017.0,4,46,20068.0,17251854.0,23667741.0,40919595.0,92,4
Home,tier2,basic,3239.0,2,37,6478.0,3299404.0,6446788.0,9746193.0,39,1
Home,tier2,standard,1334.0,1,4,1334.0,819620.0,1547275.0,2366895.0,51,1
Apartment,tier2,standard,5729.0,2,40,11458.0,9228513.0,14109716.0,23338229.0,70,3
Apartment,tier2,basic,2484.0,1,7,2484.0,1343414.0,2333746.0,3677160.0,75,1
Bridge,tier1,basic,13315.2,1,70,13315.2,38400591.0,73695735.0,112096326.0,143,9
Apartment,tier1,standard,1480.0,3,6,4440.0,4020445.0,6161462.0,10181907.0,156,2
Home,tier2,basic,1305.0,3,19,3915.0,2594145.0,3217537.0,5811682.0,41,1
Road,tier1,standard,66510.0,1,107,66510.0,10916382.0,31556371.0,42472753.0,49,23
Hospital,tier2,standard,1564.0,2,5,3128.0,4669653.0,4492287.0,9161940.0,185,2
Office,tier1,standard,3383.0,4,28,13532.0,12039205.0,16367535.0,28406740.0,89,4
Apartment,tier1,basic,3738.0,1,12,3738.0,2037613.0,4503113.0,6540726.0,56,1
Bridge,tier3,standard,20204.8,1,51,20204.8,55020311.0,110034227.0,165054538.0,215,15
Apartment,tier3,standard,2266.0,1,6,2266.0,1203796.0,2097227.0,3301023.0,96,2
Road,tier2,standard,39064.0,1,88,39064.0,6054343.0,14695253.0,20749596.0,43,22
Road,tier2,standard,70522.0,1,160,70522.0,10881997.0,20894472.0,31776469.0,49,37
Office,tier3,premium,5715.0,1,13,5715.0,5490271.0,8828614.0,14318886.0,111,2
Office,tier1,basic,536.0,3,6,1608.0,1313883.0,2143306.0,3457189.0,75,1
Apartment,tier2,standard,5044.0,4,52,20176.0,13391978.0,25064973.0,38456952.0,89,5
Home,tier1,basic,2685.0,4,3,10740.0,9084358.0,12768562.0,21852920.0,403,2
Home,tier2,premium,1951.0,3,19,5853.0,7665897.0,10746377.0,18412273.0,69,2
Home,tier3,basic,3332.0,1,14,3332.0,1283815.0,2119035.0,3402850.0,47,2
Home,tier3,standard,5529.0,3,50,16587.0,12001236.0,14649583.0,26650819.0,60,3
Apartment,tier3,standard,4058.0,3,23,12174.0,8693976.0,16326302.0,25020279.0,100,3
Road,tier2,basic,59956.0,1,252,59956.0,6861572.0,17095572.0,23957144.0,30,21
Other,tier2,premium,4673.0,2,16,9346.0,7764383.0,12232557.0,19996940.0,104,3
Home,tier3,basic,4675.0,1,14,4675.0,1843267.0,4147357.0,5990624.0,45,2
School,tier2,basic,5825.0,4,77,23300.0,10947646.0,14460202.0,25407849.0,58,7
Road,tier2,standard,129600.0,1,300,129600.0,18120867.0,47910646.0,66031513.0,51,32
Road,tier1,standard,64196.0,1,257,64196.0,9818683.0,25398784.0,35217467.0,31,26
Apartment,tier2,basic,2472.0,3,27,7416.0,5430705.0,6396922.0,11827627.0,68,3
Other,tier1,basic,2393.0,1,11,2393.0,1467613.0,2440380.0,3907994.0,40,1
Apartment,tier2,basic,3945.0,3,23,11835.0,8659115.0,9627846.0,18286961.0,101,4
Home,tier1,premium,3394.0,4,70,13576.0,19153779.0,32655011.0,51808790.0,52,2
Office,tier2,standard,1686.0,1,3,1686.0,1439089.0,1925906.0,3364995.0,126,1
School,tier1,basic,1609.0,2,16,3218.0,2639157.0,3231771.0,5870928.0,64,1
Office,tier1,standard,4041.0,4,38,16164.0,20578277.0,30670392.0,51248669.0,93,5
Hospital,tier2,premium,5825.0,4,88,23300.0,52612396.0,51978063.0,104590459.0,119,9
School,tier1,premium,1685.0,2,17,3370.0,5061365.0,6862291.0,11923656.0,58,2
School,tier3,basic,3398.0,2,27,6796.0,4085677.0,4722792.0,8808469.0,61,3
Apartment,tier2,standard,2118.0,2,16,4236.0,3499866.0,4609685.0,8109551.0,68,1
Hospital,tier2,basic,1798.0,2,16,3596.0,3461445.0,4084145.0,7545589.0,94,2
Home,tier1,basic,4853.0,2,16,9706.0,6214913.0,11488401.0,17703314.0,90,2
Home,tier3,premium,4454.0,3,24,13362.0,10746725.0,18211578.0,28958303.0,108,2
School,tier2,premium,3084.0,1,11,3084.0,4551672.0,5752029.0,10303700.0,79,2
Road,tier2,basic,15405.0,1,48,15405.0,1624713.0,4045225.0,5669938.0,38,7
Office,tier1,premium,2782.0,1,8,2782.0,3645635.0,4999055.0,8644690.0,89,1
Road,tier2,standard,81972.0,1,300,81972.0,13251323.0,27177501.0,40428824.0,29,38
Apartment,tier3,standard,5697.0,4,107,22788.0,15560718.0,21322817.0,36883536.0,67,5
Apartment,tier2,standard,818.0,1,3,818.0,572561.0,977362.0,1549923.0,70,2
School,tier1,standard,4969.0,4,77,19876.0,24289007.0,29781249.0,54070256.0,65,4
Road,tier1,premium,100698.0,1,152,100698.0,26419531.0,67125585.0,93545116.0,63,52
Office,tier1,basic,4056.0,1,6,4056.0,3754687.0,4762687.0,8517375.0,120,2
Bridge,tier2,standard,42019.2,1,96,42019.2,123048359.0,263496012.0,386544371.0,276,24
Office,tier3,basic,2760.0,2,18,5520.0,3410817.0,5698296.0,9109113.0,60,2
School,tier3,premium,2982.0,4,31,11928.0,10780306.0,19354620.0,30134925.0,98,4
Hospital,tier3,basic,3906.0,1,15,3906.0,3134375.0,4790004.0,7924379.0,109,2
Home,tier1,standard,2146.0,4,28,8584.0,10622721.0,13693040.0,24315761.0,48,1
Home,tier3,standard,1876.0,4,35,7504.0,5696960.0,7417647.0,13114606.0,47,2
Office,tier2,basic,3787.0,2,30,7574.0,4983708.0,7929282.0,12912990.0,48,2
Apartment,tier2,basic,1562.0,3,10,4686.0,3250615.0,4573651.0,7824266.0,87,2
School,tier2,basic,4121.0,3,54,12363.0,7889908.0,11326102.0,19216010.0,73,4
Home,tier1,standard,1797.0,4,17,7188.0,7021624.0,9945023.0,16966646.0,62,1
Apartment,tier3,basic,919.0,1,4,919.0,364826.0,697771.0,1062597.0,69,1
Road,tier3,standard,72555.0,1,200,72555.0,7379053.0,23089039.0,30468092.0,46,29
Road,tier3,standard,10840.0,1,53,10840.0,1231933.0,2983322.0,4215255.0,29,5
Apartment,tier3,premium,972.0,4,16,3888.0,4230022.0,5104107.0,9334129.0,77,2
Home,tier2,standard,2130.0,4,22,8520.0,5462441.0,9728507.0,15190948.0,66,2
Office,tier1,basic,2740.0,4,32,10960.0,9124430.0,12372952.0,21497382.0,66,3
School,tier3,premium,1776.0,4,51,7104.0,7624143.0,10488080.0,18112222.0,58,2
Home,tier2,premium,3391.0,2,13,6782.0,6970140.0,10220196.0,17190337.0,94,1
Hospital,tier3,standard,2544.0,3,19,7632.0,8538039.0,11106113.0,19644152.0,147,3
Office,tier1,standard,848.0,1,3,848.0,872399.0,1180810.0,2053209.0,68,1
Home,tier2,basic,2274.0,2,9,4548.0,2965188.0,3701953.0,6667141.0,66,2
Office,tier2,standard,467.0,3,3,1401.0,1484167.0,2283347.0,3767514.0,99,1
Road,tier2,standard,111753.0,1,300,111753.0,14901392.0,45442750.0,60344142.0,43,38
Home,tier3,basic,2880.0,2,22,5760.0,2476174.0,3638920.0,6115093.0,53,2
Home,tier3,basic,3754.0,4,22,15016.0,7481486.0,10989026.0,18470512.0,88,3
Apartment,tier1,basic,1197.0,3,10,3591.0,2553886.0,3420664.0,5974550.0,81,2
Office,tier2,standard,2803.0,4,27,11212.0,10064566.0,16460405.0,26524971.0,104,4
Road,tier1,basic,10428.0,1,21,10428.0,1234323.0,3577001.0,4811324.0,43,4
Home,tier1,standard,1520.0,3,20,4560.0,4515590.0,6653591.0,11169181.0,49,2
Road,tier2,premium,20975.0,1,51,20975.0,4167924.0,8898725.0,13066649.0,53,10
Office,tier2,basic,2755.0,1,5,2755.0,1609636.0,2447656.0,4057293.0,72,1
School,tier2,basic,1163.0,2,10,2326.0,1635378.0,2320883.0,3956261.0,52,2
Office,tier2,basic,1410.0,4,27,5640.0,4098835.0,6106434.0,10205269.0,51,2
Apartment,tier2,standard,2987.0,3,32,8961.0,7042548.0,9593716.0,16636264.0,68,3
Apartment,tier3,premium,5732.0,3,38,17196.0,13889981.0,23665378.0,37555360.0,112,5
Home,tier1,standard,3042.0,1,9,3042.0,2673671.0,4121034.0,6794706.0,64,1
Home,tier2,premium,1373.0,1,4,1373.0,1356554.0,2183056.0,3539610.0,64,1
Home,tier2,premium,2572.0,3,25,7716.0,7613081.0,11163744.0,18776825.0,76,2
School,tier3,basic,5208.0,1,22,5208.0,2372499.0,4063005.0,6435504.0,62,2
Home,tier3,standard,5912.0,1,20,5912.0,3443462.0,5163561.0,8607022.0,57,1
Apartment,tier1,standard,3847.0,3,38,11541.0,8949844.0,18656135.0,27605979.0,77,3
Apartment,tier2,standard,5249.0,4,57,20996.0,15657782.0,26536768.0,42194550.0,78,7
Apartment,tier3,basic,4940.0,4,81,19760.0,11584686.0,15588205.0,27172891.0,58,6
Bridge,tier2,basic,3744.0,1,14,3744.0,8071942.0,17426389.0,25498330.0,148,3
Other,tier2,standard,5375.0,4,26,21500.0,18845136.0,26612165.0,45457300.0,96,3
Home,tier3,standard,821.0,3,3,2463.0,1717821.0,2394119.0,4111941.0,120,2
Road,tier1,basic,183261.0,1,300,183261.0,21249308.0,67855223.0,89104531.0,58,98
Office,tier2,basic,3655.0,1,16,3655.0,2247505.0,2747213.0,4994717.0,53,2
Apartment,tier3,standard,3700.0,3,52,11100.0,8764043.0,10708509.0,19472552.0,51,3
School,tier1,standard,5637.0,4,95,22548.0,25712647.0,34256479.0,59969126.0,68,6
Apartment,tier2,standard,1895.0,4,24,7580.0,6279380.0,10786847.0,17066227.0,72,2
Home,tier2,basic,1507.0,4,30,6028.0,3368326.0,5852442.0,9220767.0,43,2
Other,tier3,basic,4096.0,1,10,4096.0,2025523.0,3112710.0,5138233.0,68,1
Road,tier3,standard,26544.0,1,78,26544.0,3633948.0,6186814.0,9820762.0,36,11
Road,tier3,standard,129640.0,1,217,129640.0,15664850.0,33465964.0,49130814.0,57,52
Other,tier1,basic,3199.0,2,19,6398.0,4915440.0,5998377.0,10913817.0,56,2
Road,tier3,standard,64239.0,1,150,64239.0,9194184.0,16675212.0,25869395.0,35,30
Road,tier3,standard,38770.0,1,199,38770.0,4108681.0,10216952.0,14325634.0,27,14
School,tier2,standard,5204.0,4,102,20816.0,19067378.0,28653126.0,47720504.0,55,7
Home,tier2,basic,1177.0,1,4,1177.0,545431.0,964824.0,1510254.0,44,1
Office,tier1,standard,3651.0,4,57,14604.0,16828665.0,27440582.0,44269246.0,59,4
Home,tier3,premium,4444.0,4,47,17776.0,15275111.0,20894144.0,36169255.0,84,2
Home,tier1,standard,1859.0,4,3,7436.0,6401200.0,11544132.0,17945332.0,330,2
Apartment,tier2,basic,5628.0,2,28,11256.0,6549339.0,10312359.0,16861697.0,64,3
School,tier3,basic,5396.0,4,91,21584.0,12913299.0,18010718.0,30924017.0,54,5
Road,tier3,basic,84084.0,1,300,84084.0,8437163.0,19091124.0,27528287.0,31,32
Road,tier3,premium,176688.0,1,300,176688.0,29552005.0,72421210.0,101973215.0,64,63
Road,tier2,premium,101762.0,1,300,101762.0,21965768.0,52031068.0,73996836.0,42,47
School,tier1,basic,5344.0,4,60,21376.0,20902319.0,23078453.0,43980772.0,78,6
Apartment,tier2,premium,4222.0,1,8,4222.0,4426005.0,8058543.0,12484548.0,129,2
Apartment,tier1,basic,4652.0,2,39,9304.0,5418398.0,9096742.0,14515140.0,56,3
Road,tier3,standard,126828.0,1,300,126828.0,9498682.0,28770911.0,38269593.0,40,38
Office,tier2,standard,1219.0,4,22,4876.0,5451853.0,7281396.0,12733248.0,58,2
Road,tier2,standard,127435.0,1,128,127435.0,14525532.0,43165571.0,57691103.0,64,67
School,tier1,standard,752.0,4,8,3008.0,3328165.0,3566000.0,6894165.0,84,2
Road,tier2,standard,22646.0,1,91,22646.0,2763057.0,7932268.0,10695325.0,28,11
School,tier3,basic,5726.0,2,45,11452.0,5630699.0,8697941.0,14328640.0,70,3
School,tier2,premium,5069.0,3,47,15207.0,22582626.0,26346254.0,48928880.0,71,4
Office,tier1,basic,775.0,1,3,775.0,568843.0,1032044.0,1600887.0,61,1
Road,tier1,basic,38736.0,1,135,38736.0,3635703.0,13067837.0,16703540.0,25,19
Road,tier2,premium,109895.0,1,175,109895.0,25327925.0,58264404.0,83592329.0,63,54
Home,tier1,standard,4794.0,4,56,19176.0,14331861.0,27571218.0,41903079.0,65,3
Home,tier3,standard,2755.0,4,40,11020.0,6670785.0,7580950.0,14251735.0,59,2
Hospital,tier2,basic,920.0,3,11,2760.0,2866272.0,3426994.0,6293266.0,112,2
Road,tier1,basic,32079.0,1,104,32079.0,5408205.0,8654973.0,14063178.0,35,15
Office,tier3,basic,1542.0,4,17,6168.0,2683295.0,4712490.0,7395785.0,77,3
School,tier2,standard,4040.0,2,14,8080.0,8539012.0,9205719.0,17744730.0,117,3
Apartment,tier1,standard,5343.0,2,45,10686.0,9988371.0,11817986.0,21806358.0,60,3
Office,tier2,standard,3177.0,4,52,12708.0,11356950.0,17800311.0,29157261.0,60,4
Apartment,tier1,premium,669.0,2,6,1338.0,1738368.0,3396395.0,5134763.0,74,2
Apartment,tier2,premium,2584.0,2,11,5168.0,5988092.0,9126499.0,15114591.0,126,2
School,tier3,basic,4878.0,1,17,4878.0,2629944.0,3714183.0,6344127.0,64,2
Hospital,tier3,premium,3984.0,2,20,7968.0,10289044.0,16821354.0,27110398.0,151,4
Home,tier2,premium,628.0,1,3,628.0,730059.0,936639.0,1666698.0,50,1
Apartment,tier2,premium,2360.0,4,63,9440.0,12661324.0,17538085.0,30199409.0,52,3
Road,tier1,standard,27935.0,1,123,27935.0,3709639.0,11970960.0,15680599.0,31,14
Apartment,tier2,basic,592.0,2,3,1184.0,574638.0,974140.0,1548778.0,87,1
School,tier1,basic,2358.0,4,29,9432.0,7653052.0,13429362.0,21082414.0,73,3
Home,tier2,premium,5017.0,2,29,10034.0,14514780.0,17609678.0,32124458.0,74,2
Home,tier1,standard,1128.0,2,8,2256.0,2847692.0,3191243.0,6038935.0,66,1
Hospital,tier3,premium,3281.0,3,15,9843.0,13597383.0,13202660.0,26800042.0,224,5
School,tier3,standard,4077.0,2,30,8154.0,6323456.0,9818872.0,16142328.0,78,3
Home,tier2,basic,4245.0,2,7,8490.0,3910539.0,7199654.0,11110192.0,133,2
Hospital,tier3,standard,2246.0,3,9,6738.0,8244731.0,12004012.0,20248743.0,214,3
Apartment,tier1,premium,3620.0,2,41,7240.0,8273893.0,14851501.0,23125394.0,55,2
Road,tier2,basic,17070.0,1,50,17070.0,1253312.0,4198540.0,5451852.0,31,8
Road,tier1,standard,72534.0,1,300,72534.0,13176779.0,30125763.0,43302542.0,29,34
Home,tier1,premium,5092.0,4,49,20368.0,33789675.0,36688656.0,70478332.0,85,2
Apartment,tier2,basic,1626.0,4,6,6504.0,4393757.0,5487064.0,9880821.0,154,3
Office,tier2,basic,1004.0,3,6,3012.0,2544766.0,3009930.0,5554696.0,69,2
Apartment,tier2,standard,5634.0,3,109,16902.0,17660838.0,20950082.0,38610920.0,50,6
Road,tier2,premium,21204.0,1,36,21204.0,4469539.0,8895481.0,13365020.0,60,10
School,tier1,standard,2907.0,4,63,11628.0,17088602.0,20302838.0,37391440.0,48,3
Office,tier1,basic,3595.0,2,27,7190.0,4827285.0,8020503.0,12847787.0,63,3
Home,tier2,basic,5552.0,3,58,16656.0,8776055.0,13829353.0,22605408.0,54,2
Apartment,tier2,standard,5254.0,4,52,21016.0,17677695.0,37623709.0,55301404.0,93,4
Road,tier1,basic,6380.0,1,15,6380.0,981219.0,1995919.0,2977138.0,46,3
Bridge,tier2,basic,16068.8,1,64,16068.8,33955750.0,67382048.0,101337798.0,143,11
Other,tier2,premium,4432.0,2,43,8864.0,8062636.0,15148730.0,23211366.0,46,3
Other,tier2,basic,3649.0,1,13,3649.0,2094081.0,2886659.0,4980740.0,50,2
Apartment,tier3,premium,2976.0,2,25,5952.0,5932359.0,8980237.0,14912596.0,72,3
Home,tier2,premium,4173.0,3,36,12519.0,13595633.0,25842801.0,39438433.0,75,1
School,tier2,standard,526.0,3,9,1578.0,1339505.0,1745238.0,3084744.0,62,2
Apartment,tier2,standard,5028.0,1,18,5028.0,2880996.0,6047596.0,8928592.0,68,2
Road,tier2,basic,44040.0,1,251,44040.0,4899942.0,9543115.0,14443057.0,28,21
Home,tier1,standard,3452.0,3,23,10356.0,7663801.0,15197250.0,22861051.0,70,2
Apartment,tier1,standard,4123.0,3,41,12369.0,10407443.0,21158651.0,31566094.0,69,3
Road,tier3,basic,39528.0,1,181,39528.0,3439997.0,7368917.0,10808914.0,24,21
School,tier1,standard,2251.0,4,32,9004.0,11066105.0,14530388.0,25596493.0,46,3
Other,tier2,basic,1390.0,2,11,2780.0,1753915.0,2146771.0,3900685.0,39,2
School,tier2,basic,955.0,2,4,1910.0,1144535.0,1458201.0,2602736.0,93,1
Road,tier2,standard,9264.0,1,26,9264.0,1427270.0,2739291.0,4166561.0,43,5
Road,tier3,standard,20538.0,1,47,20538.0,2792700.0,5159066.0,7951766.0,38,8
Road,tier2,basic,64442.0,1,208,64442.0,7491356.0,15198995.0,22690351.0,36,24
Home,tier1,basic,1265.0,2,8,2530.0,1558177.0,2787881.0,4346057.0,41,1
Apartment,tier3,basic,5175.0,4,56,20700.0,13729321.0,16484498.0,30213820.0,67,6
Apartment,tier2,standard,2114.0,3,26,6342.0,4602114.0,9554348.0,14156462.0,62,3
Office,tier2,standard,2977.0,4,25,11908.0,9230328.0,16168308.0,25398635.0,103,3
Office,tier2,basic,3210.0,1,3,3210.0,1877332.0,3528117.0,5405449.0,179,2
Apartment,tier2,standard,4565.0,4,49,18260.0,15969706.0,27638212.0,43607918.0,79,5
Home,tier2,premium,1051.0,1,6,1051.0,1027121.0,2047778.0,3074899.0,47,1
Bridge,tier3,standard,21931.2,1,86,21931.2,69746469.0,101464401.0,171210870.0,193,16
Road,tier2,standard,35398.0,1,83,35398.0,3806710.0,13091997.0,16898707.0,53,15
Hospital,tier2,standard,3969.0,4,61,15876.0,13864490.0,28361233.0,42225723.0,125,6
Home,tier1,premium,1576.0,2,10,3152.0,4189009.0,6014636.0,10203645.0,61,2
Hospital,tier1,premium,5570.0,1,21,5570.0,10873325.0,13171313.0,24044638.0,137,2
Road,tier2,basic,63220.0,1,276,63220.0,8033587.0,17320431.0,25354018.0,26,23
School,tier2,basic,5692.0,1,20,5692.0,3469307.0,4843504.0,8312811.0,74,1
Home,tier2,basic,5625.0,3,59,16875.0,9486176.0,14679089.0,24165265.0,54,3
Road,tier3,standard,29210.0,1,148,29210.0,4187818.0,6994002.0,11181820.0,25,15
Bridge,tier1,basic,21186.0,1,84,21186.0,49982405.0,103564530.0,153546935.0,179,10
Office,tier2,premium,1030.0,1,4,1030.0,1194808.0,2165018.0,3359826.0,77,1
Home,tier3,basic,4431.0,2,30,8862.0,4810974.0,6242467.0,11053441.0,53,2
Home,tier3,standard,537.0,2,3,1074.0,775373.0,1084139.0,1859511.0,65,1
Road,tier3,basic,52020.0,1,98,52020.0,3230655.0,9898254.0,13128909.0,43,21
Home,tier3,standard,5490.0,3,68,16470.0,13341871.0,17176988.0,30518859.0,53,3
Apartment,tier1,standard,3958.0,4,76,15832.0,14370563.0,26656611.0,41027174.0,73,5
Road,tier2,standard,73185.0,1,280,73185.0,10167451.0,27692086.0,37859537.0,39,31
Apartment,tier3,standard,1171.0,2,9,2342.0,826270.0,2056692.0,2882962.0,66,2
Other,tier2,standard,5132.0,2,24,10264.0,7616529.0,11183796.0,18800325.0,58,3
Home,tier1,standard,5134.0,3,41,15402.0,15509026.0,21298706.0,36807732.0,63,2
School,tier3,premium,658.0,3,4,1974.0,2088154.0,3003479.0,5091633.0,114,1
Apartment,tier1,standard,4558.0,4,55,18232.0,17784192.0,29593161.0,47377353.0,80,4
School,tier2,standard,2242.0,4,40,8968.0,6611254.0,12026589.0,18637843.0,69,3
Road,tier1,standard,51918.0,1,131,51918.0,5800286.0,20951143.0,26751429.0,44,26
Road,tier2,premium,30630.0,1,99,30630.0,5757936.0,12865148.0,18623084.0,44,13
Home,tier2,standard,482.0,2,4,964.0,734145.0,1066604.0,1800749.0,47,1
Bridge,tier2,premium,18428.8,1,87,18428.8,102770494.0,169264160.0,272034654.0,169,9
Other,tier3,premium,5083.0,4,29,20332.0,22736760.0,29547316.0,52284076.0,116,4
Other,tier2,basic,4230.0,4,47,16920.0,12935709.0,11451517.0,24387226.0,60,4
Home,tier2,basic,1244.0,2,6,2488.0,1099223.0,2207241.0,3306463.0,70,1
Hospital,tier3,standard,2920.0,1,7,2920.0,3997290.0,4386055.0,8383345.0,159,2
Office,tier3,standard,3387.0,4,39,13548.0,11926086.0,16615850.0,28541936.0,57,2
Apartment,tier1,standard,4843.0,4,21,19372.0,14499456.0,39363064.0,53862520.0,169,5
Home,tier1,premium,4749.0,2,28,9498.0,11831182.0,15967140.0,27798322.0,65,2
Apartment,tier2,standard,5372.0,1,18,5372.0,4054349.0,6413269.0,10467619.0,77,2
Apartment,tier3,basic,3937.0,3,25,11811.0,4953489.0,8459187.0,13412677.0,78,3
Home,tier2,standard,5662.0,4,63,22648.0,21033614.0,33390434.0,54424047.0,70,4
Home,tier1,basic,4986.0,2,33,9972.0,6775561.0,9176435.0,15951996.0,49,2
Apartment,tier2,standard,1520.0,1,5,1520.0,908961.0,1803800.0,2712762.0,69,1
Home,tier2,premium,4369.0,2,12,8738.0,8686951.0,13384877.0,22071828.0,145,2
Bridge,tier2,basic,20258.0,1,84,20258.0,45496260.0,86183548.0,131679808.0,150,14
Apartment,tier3,premium,4634.0,4,77,18536.0,20827662.0,30352282.0,51179943.0,80,6
School,tier3,premium,1639.0,4,16,6556.0,7595684.0,10267124.0,17862808.0,106,2
Road,tier2,basic,83651.0,1,300,83651.0,7288633.0,22953207.0,30241840.0,30,22
Road,tier2,premium,70980.0,1,274,70980.0,12755701.0,40198929.0,52954630.0,35,26
Home,tier2,standard,2522.0,4,37,10088.0,7100313.0,9920115.0,17020428.0,61,2
Other,tier2,standard,4026.0,1,17,4026.0,3170249.0,4185995.0,7356245.0,54,1
Office,tier2,basic,3208.0,2,14,6416.0,3867401.0,6732313.0,10599714.0,95,2
Home,tier2,basic,3961.0,4,46,15844.0,8524849.0,13449394.0,21974243.0,47,2
Office,tier2,standard,3682.0,4,60,14728.0,12636181.0,21990480.0,34626660.0,61,4
Other,tier2,basic,1553.0,4,15,6212.0,3883476.0,4967621.0,8851097.0,61,2
Home,tier1,basic,4273.0,3,37,12819.0,6843850.0,10229133.0,17072983.0,60,2
Apartment,tier2,premium,5768.0,4,93,23072.0,27549530.0,52344269.0,79893799.0,67,5
Hospital,tier2,standard,3511.0,1,13,3511.0,5272466.0,5746625.0,11019091.0,105,2
Apartment,tier2,standard,3800.0,3,38,11400.0,6135623.0,14013590.0,20149213.0,73,4
Other,tier2,premium,4378.0,2,30,8756.0,6913621.0,13736946.0,20650567.0,53,2
Apartment,tier1,basic,873.0,3,8,2619.0,2199796.0,3467532.0,5667327.0,56,2
Apartment,tier3,basic,1244.0,1,5,1244.0,623273.0,983644.0,1606917.0,60,1
Home,tier3,standard,3525.0,2,41,7050.0,4490246.0,7107869.0,11598114.0,53,2
Apartment,tier2,standard,2610.0,1,10,2610.0,1931371.0,3243779.0,5175150.0,68,2
Bridge,tier2,basic,14632.8,1,71,14632.8,30884648.0,71580609.0,102465257.0,143,11
Bridge,tier2,standard,50472.0,1,143,50472.0,156357938.0,249520689.0,405878627.0,217,37
Apartment,tier2,basic,4781.0,1,12,4781.0,2666490.0,3761750.0,6428241.0,83,2
Other,tier3,standard,1614.0,4,16,6456.0,4411760.0,6924848.0,11336608.0,70,2
Hospital,tier1,standard,2120.0,3,14,6360.0,10919087.0,14462195.0,25381283.0,141,2
Road,tier1,standard,90724.0,1,271,90724.0,15754853.0,40225486.0,55980339.0,31,44
Road,tier2,basic,135940.0,1,300,135940.0,11175486.0,34591984.0,45767470.0,44,43
Road,tier1,basic,46512.0,1,209,46512.0,5182232.0,17818657.0,23000889.0,26,19
Road,tier2,premium,159188.0,1,300,159188.0,25032727.0,75052429.0,100085156.0,62,75
Road,tier3,premium,25225.0,1,75,25225.0,4542830.0,12590158.0,17132988.0,48,9
Home,tier1,standard,4346.0,1,14,4346.0,3706242.0,5362965.0,9069207.0,57,1
Home,tier2,basic,2962.0,4,43,11848.0,6405132.0,9728733.0,16133865.0,42,2
Apartment,tier2,standard,5306.0,3,64,15918.0,14108312.0,18350669.0,32458981.0,64,4
Road,tier3,basic,103168.0,1,296,103168.0,10561467.0,21679168.0,32240635.0,34,36
Apartment,tier2,basic,1915.0,4,24,7660.0,4014721.0,8163969.0,12178690.0,72,2
School,tier1,basic,3115.0,3,46,9345.0,5691576.0,10576790.0,16268366.0,53,3
Home,tier2,basic,1707.0,4,21,6828.0,4826115.0,5788928.0,10615043.0,51,2
Home,tier2,basic,5448.0,3,44,16344.0,9801776.0,16119274.0,25921050.0,57,2
Office,tier3,basic,3280.0,1,11,3280.0,2007809.0,2347686.0,4355495.0,66,2
Other,tier2,premium,5317.0,4,73,21268.0,16361087.0,32612297.0,48973384.0,71,4
Office,tier1,standard,3262.0,4,20,13048.0,14843763.0,22203849.0,37047612.0,144,3
Bridge,tier3,standard,16988.4,1,48,16988.4,28720730.0,86517612.0,115238341.0,248,9
Apartment,tier2,basic,1435.0,3,16,4305.0,2147373.0,3148701.0,5296074.0,62,2
Other,tier1,premium,5780.0,1,33,5780.0,7076536.0,9756744.0,16833280.0,44,1
Office,tier2,basic,4167.0,2,23,8334.0,6064358.0,9727562.0,15791920.0,67,4
Home,tier3,basic,2033.0,3,26,6099.0,2702215.0,4724477.0,7426693.0,39,2
Home,tier2,standard,5102.0,2,36,10204.0,6796371.0,11694613.0,18490983.0,56,3
Home,tier1,standard,1709.0,4,32,6836.0,6571921.0,11630826.0,18202747.0,42,2
Home,tier2,premium,942.0,1,3,942.0,1067132.0,1541735.0,2608868.0,61,1
School,tier1,standard,4153.0,3,58,12459.0,10824654.0,17617921.0,28442575.0,55,2
Apartment,tier2,basic,4590.0,3,68,13770.0,7253190.0,17666889.0,24920079.0,59,4
Bridge,tier2,basic,11872.0,1,60,11872.0,25983277.0,55737625.0,81720902.0,145,10
School,tier1,standard,4395.0,4,88,17580.0,23979658.0,28988349.0,52968007.0,52,4
Office,tier2,basic,1806.0,4,26,7224.0,4527808.0,7296562.0,11824370.0,67,3
Apartment,tier3,basic,1955.0,4,31,7820.0,3859013.0,4561107.0,8420120.0,68,3
School,tier1,basic,2478.0,1,7,2478.0,1799609.0,2792336.0,4591945.0,69,1
Apartment,tier3,premium,1562.0,2,3,3124.0,3009419.0,3727626.0,6737045.0,199,2
Apartment,tier2,basic,1704.0,3,19,5112.0,3058624.0,5648743.0,8707367.0,57,2
Road,tier2,basic,59650.0,1,188,59650.0,5190454.0,13240686.0,18431140.0,34,21
Home,tier1,premium,1727.0,4,31,6908.0,8984378.0,15985543.0,24969922.0,60,2
Office,tier1,standard,3465.0,3,45,10395.0,12318742.0,18628265.0,30947007.0,62,2
Road,tier1,standard,39096.0,1,82,39096.0,5464892.0,18990027.0,24454919.0,40,18
Apartment,tier2,standard,2803.0,2,34,5606.0,3739528.0,6732404.0,10471932.0,59,2
Road,tier3,basic,89907.0,1,300,89907.0,5335492.0,17278765.0,22614257.0,32,33
Apartment,tier3,premium,435.0,4,3,1740.0,1511854.0,2312103.0,3823957.0,131,2
Bridge,tier1,basic,13680.0,1,27,13680.0,39203335.0,67481253.0,106684588.0,244,7
Home,tier1,premium,585.0,2,3,1170.0,1546652.0,1846967.0,3393619.0,89,1
Office,tier1,basic,3269.0,4,55,13076.0,12577334.0,15654449.0,28231782.0,50,4
School,tier3,standard,1128.0,4,12,4512.0,3258028.0,4571464.0,7829493.0,71,2
Hospital,tier1,standard,3075.0,1,7,3075.0,4192449.0,5178682.0,9371132.0,147,2
Road,tier1,basic,155244.0,1,300,155244.0,15814260.0,44106769.0,59921029.0,44,42
Office,tier2,standard,576.0,2,3,1152.0,900132.0,1205138.0,2105270.0,89,1
Hospital,tier2,standard,3237.0,3,39,9711.0,12821537.0,16108459.0,28929997.0,124,5
Home,tier1,basic,2988.0,3,13,8964.0,5191272.0,9806503.0,14997775.0,89,2
Apartment,tier2,premium,2927.0,4,24,11708.0,12958881.0,22775227.0,35734107.0,121,3
Home,tier1,basic,3893.0,3,45,11679.0,8336338.0,12588384.0,20924722.0,50,2
Home,tier1,standard,2227.0,4,24,8908.0,8430591.0,13266640.0,21697232.0,70,2
Road,tier1,standard,42435.0,1,170,42435.0,6241607.0,20867461.0,27109068.0,27,16
Bridge,tier2,standard,17072.0,1,47,17072.0,44941540.0,86069237.0,131010778.0,222,9
Bridge,tier3,standard,63758.4,1,300,63758.4,192648688.0,326938048.0,519586737.0,147,38
Road,tier2,standard,17754.0,1,64,17754.0,2660258.0,6196197.0,8856455.0,35,7
Other,tier3,standard,5548.0,4,106,22192.0,14649465.0,20084244.0,34733709.0,41,5
Road,tier2,standard,8352.0,1,33,8352.0,1115713.0,2569332.0,3685045.0,32,4
Road,tier2,standard,71412.0,1,286,71412.0,8548670.0,25864569.0,34413240.0,31,31
Road,tier3,standard,9126.0,1,22,9126.0,824685.0,3065757.0,3890442.0,52,6
Home,tier2,basic,860.0,3,12,2580.0,1334392.0,1870634.0,3205025.0,39,1
School,tier3,basic,3208.0,2,23,6416.0,4097047.0,4885997.0,8983045.0,58,3
Office,tier2,standard,5456.0,1,12,5456.0,6063370.0,7386501.0,13449871.0,104,2
School,tier2,premium,1710.0,2,3,3420.0,3579064.0,6619364.0,10198428.0,231,1
Home,tier1,basic,1647.0,3,17,4941.0,3643869.0,6440419.0,10084288.0,52,2
Other,tier2,standard,1229.0,1,6,1229.0,935030.0,1253502.0,2188532.0,43,1
Road,tier2,basic,16224.0,1,37,16224.0,1644831.0,4349704.0,5994535.0,35,6
Apartment,tier3,standard,915.0,2,4,1830.0,921294.0,1923254.0,2844549.0,91,1
Road,tier3,standard,18848.0,1,56,18848.0,2098685.0,5329039.0,7427724.0,35,8
Home,tier2,standard,2529.0,3,35,7587.0,4816975.0,8362359.0,13179334.0,44,2
Apartment,tier3,standard,2706.0,1,3,2706.0,1847179.0,2935228.0,4782407.0,150,1
School,tier3,standard,4380.0,2,23,8760.0,6160157.0,8105482.0,14265640.0,78,3
Apartment,tier2,basic,2844.0,1,6,2844.0,2316437.0,2450358.0,4766795.0,96,2
Road,tier1,standard,35300.0,1,141,35300.0,6548141.0,15560274.0,22108415.0,27,16
School,tier1,basic,3551.0,1,11,3551.0,3055015.0,3865472.0,6920487.0,72,2
Apartment,tier1,premium,543.0,1,3,543.0,582761.0,1039700.0,1622461.0,64,1
School,tier1,standard,5125.0,3,48,15375.0,17985159.0,25879983.0,43865142.0,74,4
Road,tier3,basic,76684.0,1,300,76684.0,6243982.0,16704320.0,22948303.0,31,29
Hospital,tier1,basic,5086.0,2,47,10172.0,10741157.0,15335977.0,26077134.0,101,5
Hospital,tier2,standard,2716.0,4,49,10864.0,17070414.0,14338046.0,31408460.0,105,5
Other,tier2,premium,2723.0,3,33,8169.0,7586100.0,11285726.0,18871826.0,65,2
Road,tier2,basic,85160.0,1,300,85160.0,10028549.0,20659379.0,30687928.0,23,35
Road,tier1,standard,128170.0,1,288,128170.0,24958653.0,50659288.0,75617942.0,54,51
Apartment,tier2,basic,4618.0,3,52,13854.0,7185912.0,11163135.0,18349046.0,69,3
Bridge,tier2,standard,10675.2,1,65,10675.2,35270399.0,65752059.0,101022458.0,169,7
Hospital,tier2,standard,4943.0,4,24,19772.0,31897072.0,42298399.0,74195471.0,204,7
Road,tier1,basic,38643.0,1,105,38643.0,3915578.0,10997497.0,14913075.0,36,18
Office,tier2,standard,4710.0,4,40,18840.0,18718218.0,24504946.0,43223164.0,95,5
Hospital,tier1,basic,1762.0,3,19,5286.0,7925537.0,9383626.0,17309163.0,103,2
Home,tier2,premium,2939.0,3,44,8817.0,7778257.0,14930833.0,22709089.0,52,2
Home,tier2,basic,5036.0,1,20,5036.0,2380817.0,4716701.0,7097519.0,48,1
School,tier1,standard,1779.0,4,22,7116.0,8831195.0,11598338.0,20429534.0,66,2
Hospital,tier3,basic,3872.0,1,15,3872.0,3287554.0,4078920.0,7366473.0,111,2
Apartment,tier1,standard,1969.0,4,24,7876.0,10170712.0,14286852.0,24457563.0,82,3
Office,tier3,basic,2814.0,3,30,8442.0,3563392.0,6365019.0,9928411.0,58,3
Home,tier3,standard,2215.0,2,18,4430.0,2197321.0,4951709.0,7149030.0,44,2
Other,tier2,basic,4109.0,2,44,8218.0,4341067.0,5960307.0,10301375.0,40,2
Home,tier2,standard,4630.0,1,18,4630.0,2929796.0,5371057.0,8300853.0,48,1
Home,tier1,premium,5221.0,2,37,10442.0,13123684.0,22294486.0,35418170.0,66,2
Office,tier3,standard,2392.0,1,14,2392.0,1685468.0,2458663.0,4144131.0,49,2
Bridge,tier2,standard,57176.4,1,60,57176.4,173292946.0,285344174.0,458637121.0,469,31
Apartment,tier1,standard,5613.0,1,18,5613.0,3362571.0,8609654.0,11972225.0,69,2
Apartment,tier2,standard,2597.0,1,6,2597.0,2090235.0,3892906.0,5983141.0,84,2
Hospital,tier1,premium,4053.0,3,37,12159.0,23425009.0,33479374.0,56904383.0,142,5
Home,tier2,standard,2529.0,1,10,2529.0,2087487.0,3023106.0,5110593.0,43,1
Road,tier2,premium,68077.0,1,300,68077.0,11790031.0,30687397.0,42477428.0,31,31
Road,tier1,premium,41552.0,1,113,41552.0,11994889.0,24500165.0,36495054.0,38,15
Home,tier3,standard,623.0,3,8,1869.0,1353328.0,2308623.0,3661951.0,50,1
Office,tier1,standard,2270.0,3,16,6810.0,8568499.0,12079415.0,20647914.0,95,2
Office,tier2,standard,2723.0,2,10,5446.0,4469975.0,5664627.0,10134601.0,98,2
Home,tier2,standard,4666.0,3,48,13998.0,11311499.0,14740020.0,26051519.0,64,2
School,tier3,basic,3033.0,3,28,9099.0,4006255.0,8374945.0,12381200.0,64,3
Hospital,tier2,basic,1818.0,1,9,1818.0,1945173.0,2266078.0,4211251.0,90,1
Home,tier3,basic,825.0,4,19,3300.0,1619734.0,2584400.0,4204134.0,42,1
Road,tier2,standard,27370.0,1,72,27370.0,4238072.0,8690812.0,12928884.0,43,13
Apartment,tier3,standard,3250.0,2,8,6500.0,4935093.0,7798552.0,12733645.0,153,1
Hospital,tier1,basic,5749.0,2,20,11498.0,18262086.0,17913295.0,36175381.0,175,4
Apartment,tier2,standard,2253.0,3,16,6759.0,5367756.0,9333328.0,14701085.0,90,3
Road,tier1,standard,23370.0,1,84,23370.0,4159055.0,8985007.0,13144062.0,35,10
Apartment,tier3,premium,1920.0,4,23,7680.0,5083335.0,9520830.0,14604164.0,84,3
Office,tier3,basic,2694.0,2,10,5388.0,3070390.0,3440352.0,6510742.0,109,2
Road,tier2,basic,84592.0,1,300,84592.0,7861573.0,17890177.0,25751750.0,30,36
Home,tier2,basic,1135.0,2,9,2270.0,1112561.0,2039789.0,3152351.0,46,1
Road,tier2,standard,66096.0,1,300,66096.0,7588460.0,27113264.0,34701724.0,30,23
Road,tier1,basic,41340.0,1,51,41340.0,6232686.0,16045933.0,22278618.0,65,16
Office,tier2,basic,3209.0,4,62,12836.0,10465052.0,14719576.0,25184628.0,57,3
Apartment,tier2,standard,3100.0,1,10,3100.0,2053856.0,3418127.0,5471984.0,54,2
Office,tier2,standard,3182.0,1,9,3182.0,2178358.0,4673545.0,6851903.0,91,1
Office,tier1,basic,3696.0,1,12,3696.0,3108976.0,4460272.0,7569247.0,75,2
Home,tier3,standard,2000.0,2,10,4000.0,2137821.0,3208579.0,5346400.0,79,1
Road,tier1,basic,3584.0,1,11,3584.0,474122.0,997778.0,1471900.0,34,3
Office,tier2,standard,445.0,3,6,1335.0,1226025.0,1644508.0,2870533.0,67,1
Road,tier1,standard,1326.0,1,3,1326.0,253208.0,711850.0,965058.0,46,2
Office,tier1,basic,4841.0,3,74,14523.0,11575186.0,20200724.0,31775910.0,54,5
Apartment,tier1,basic,3289.0,4,50,13156.0,8274390.0,14216216.0,22490607.0,66,4
Apartment,tier2,premium,2053.0,1,7,2053.0,1878027.0,3537700.0,5415726.0,87,1
Road,tier2,premium,73740.0,1,300,73740.0,17161544.0,36464881.0,53626425.0,39,37
School,tier2,basic,4984.0,3,56,14952.0,10855060.0,12540239.0,23395300.0,50,4
Apartment,tier2,standard,5618.0,2,31,11236.0,7420171.0,13888470.0,21308641.0,81,3
Other,tier2,basic,491.0,3,4,1473.0,903731.0,1252906.0,2156637.0,52,1
School,tier1,premium,3931.0,1,20,3931.0,7587020.0,8659942.0,16246963.0,72,2
Apartment,tier1,premium,440.0,3,3,1320.0,2028822.0,3426665.0,5455486.0,99,1
Apartment,tier2,standard,615.0,4,8,2460.0,1886483.0,3123219.0,5009702.0,72,1
Apartment,tier2,standard,749.0,2,3,1498.0,1122934.0,1774258.0,2897192.0,111,1
Road,tier2,standard,4602.0,1,18,4602.0,463498.0,1677177.0,2140675.0,36,2
Home,tier1,basic,4472.0,1,14,4472.0,2711721.0,5631684.0,8343404.0,59,1
Home,tier3,standard,5394.0,2,20,10788.0,5937236.0,10481713.0,16418949.0,94,2
Road,tier1,basic,60600.0,1,141,60600.0,5788556.0,16236220.0,22024776.0,35,26
Road,tier2,standard,80364.0,1,272,80364.0,9089843.0,31346088.0,40435931.0,31,30
Road,tier1,standard,133168.0,1,300,133168.0,23025430.0,61104601.0,84130030.0,39,62
School,tier2,basic,4322.0,2,9,8644.0,5507662.0,7368219.0,12875881.0,123,3
School,tier2,standard,5501.0,2,28,11002.0,11967899.0,15026675.0,26994575.0,85,3
Apartment,tier2,standard,2393.0,4,34,9572.0,7817256.0,11189445.0,19006700.0,77,3
Home,tier1,standard,4300.0,3,61,12900.0,12867563.0,22592078.0,35459641.0,51,3
Office,tier2,standard,3211.0,4,55,12844.0,11876185.0,13937432.0,25813618.0,50,3
Apartment,tier1,premium,3319.0,2,19,6638.0,9817137.0,14496454.0,24313591.0,92,3
Apartment,tier2,basic,4869.0,4,88,19476.0,11110032.0,17077421.0,28187453.0,55,5
Other,tier1,standard,2029.0,2,12,4058.0,4042709.0,4817137.0,8859845.0,48,2
Apartment,tier1,standard,5305.0,3,3,15915.0,17220527.0,26303443.0,43523970.0,853,4
Apartment,tier2,basic,5917.0,4,119,23668.0,13223301.0,21921676.0,35144977.0,58,5
Office,tier1,premium,1045.0,2,8,2090.0,2748841.0,4910031.0,7658872.0,69,1
Road,tier1,standard,124985.0,1,300,124985.0,22014213.0,51307600.0,73321813.0,41,66
Office,tier3,basic,496.0,3,5,1488.0,1161335.0,1771533.0,2932868.0,65,1
School,tier3,basic,2295.0,2,17,4590.0,2964779.0,3214813.0,6179592.0,66,2
Apartment,tier3,premium,2492.0,4,33,9968.0,11214866.0,14947775.0,26162641.0,78,4
Road,tier2,premium,33831.0,1,101,33831.0,8750581.0,15819752.0,24570333.0,39,13
School,tier2,basic,2589.0,3,20,7767.0,3932900.0,6393882.0,10326781.0,68,3
Office,tier3,standard,2429.0,1,8,2429.0,1956111.0,2778923.0,4735034.0,81,2
Home,tier1,basic,4730.0,4,44,18920.0,14781812.0,23007710.0,37789522.0,74,3
Home,tier2,standard,4646.0,4,37,18584.0,11511958.0,18857786.0,30369744.0,74,3
Home,tier1,standard,448.0,4,7,1792.0,2031920.0,3494692.0,5526612.0,47,1
Apartment,tier3,basic,2287.0,4,41,9148.0,3671684.0,8576004.0,12247689.0,51,3
Road,tier2,standard,109902.0,1,264,109902.0,13198730.0,33662911.0,46861642.0,36,34
Apartment,tier2,premium,976.0,3,8,2928.0,3636125.0,5265874.0,8901999.0,114,1
Hospital,tier2,basic,3403.0,4,18,13612.0,12120008.0,16595889.0,28715897.0,175,5
Home,tier1,basic,3155.0,3,17,9465.0,4380051.0,9958010.0,14338061.0,85,2
Home,tier2,premium,4307.0,2,16,8614.0,9542263.0,13092957.0,22635220.0,101,2
Apartment,tier2,basic,4186.0,1,19,4186.0,2400508.0,3428809.0,5829317.0,56,2
Office,tier2,standard,3251.0,4,17,13004.0,12768111.0,12656316.0,25424427.0,128,4
Apartment,tier2,standard,2714.0,1,11,2714.0,2199711.0,2554526.0,4754236.0,68,2
Home,tier1,basic,4828.0,4,58,19312.0,11082974.0,21207735.0,32290709.0,54,3
Hospital,tier2,basic,2539.0,4,41,10156.0,10383904.0,12340925.0,22724829.0,110,3
Apartment,tier2,basic,2847.0,1,13,2847.0,1838096.0,2481644.0,4319740.0,63,2
Office,tier1,basic,2749.0,4,36,10996.0,9700894.0,14558715.0,24259609.0,61,2
Office,tier3,standard,2336.0,3,33,7008.0,3948299.0,9392888.0,13341186.0,60,2
Other,tier2,premium,3926.0,2,40,7852.0,6547816.0,9828587.0,16376403.0,42,2
Office,tier2,basic,3964.0,3,58,11892.0,6463297.0,13521411.0,19984709.0,50,3
Road,tier3,standard,33840.0,1,86,33840.0,3906454.0,8398222.0,12304677.0,41,13
Road,tier2,standard,121134.0,1,125,121134.0,10670784.0,37485129.0,48155913.0,78,50
Office,tier3,basic,4656.0,2,30,9312.0,5929034.0,8106076.0,14035109.0,64,3
Apartment,tier2,standard,2099.0,1,7,2099.0,1420206.0,2037090.0,3457296.0,77,2
Apartment,tier2,basic,5791.0,2,12,11582.0,7200278.0,10042481.0,17242759.0,158,4
Road,tier1,standard,29890.0,1,102,29890.0,4997939.0,12062344.0,17060283.0,27,12
Apartment,tier1,basic,3711.0,2,3,7422.0,4220596.0,8157824.0,12378421.0,336,2
Office,tier2,standard,4450.0,3,69,13350.0,14111200.0,19545556.0,33656757.0,54,3
Home,tier1,premium,3646.0,4,57,14584.0,17653236.0,31766017.0,49419253.0,57,2
School,tier1,basic,1502.0,2,7,3004.0,2476431.0,3042761.0,5519191.0,92,2
Other,tier2,premium,5669.0,4,79,22676.0,23078103.0,34147538.0,57225641.0,53,6
Home,tier2,basic,4544.0,4,66,18176.0,11622145.0,15968812.0,27590957.0,49,3
Office,tier1,basic,2751.0,4,43,11004.0,7715458.0,15841544.0,23557002.0,67,2
Bridge,tier2,basic,9013.2,1,31,9013.2,18628245.0,37941160.0,56569405.0,174,8
Apartment,tier3,premium,4144.0,4,74,16576.0,14352752.0,24582487.0,38935239.0,63,4
Home,tier2,standard,2815.0,2,10,5630.0,4294648.0,6150684.0,10445332.0,88,1
Road,tier3,premium,60789.0,1,193,60789.0,10198601.0,23425137.0,33623739.0,49,29
Hospital,tier2,standard,1617.0,4,35,6468.0,11503097.0,11959987.0,23463084.0,108,3
Road,tier1,standard,111960.0,1,300,111960.0,14455467.0,49191222.0,63646689.0,38,53
Home,tier2,premium,1034.0,1,4,1034.0,1295681.0,1493246.0,2788926.0,70,1
Home,tier3,premium,4395.0,2,19,8790.0,8289670.0,11709873.0,19999543.0,98,3
Road,tier2,standard,28500.0,1,167,28500.0,3250693.0,10033825.0,13284518.0,20,14
Road,tier3,standard,49882.0,1,183,49882.0,7697498.0,14484632.0,22182130.0,33,18
Apartment,tier3,premium,3508.0,2,13,7016.0,6708421.0,11282935.0,17991357.0,149,3
School,tier1,basic,3599.0,3,50,10797.0,10404835.0,12471774.0,22876609.0,57,3
Hospital,tier2,premium,2091.0,4,17,8364.0,17771885.0,21814940.0,39586825.0,211,4
Other,tier2,premium,5661.0,4,94,22644.0,21037150.0,30683954.0,51721104.0,49,4
Road,tier1,standard,112778.0,1,300,112778.0,26153848.0,44494893.0,70648741.0,35,24
Road,tier2,basic,29862.0,1,170,29862.0,2668063.0,7816283.0,10484346.0,28,14
Apartment,tier3,basic,1797.0,3,19,5391.0,2780770.0,3847806.0,6628577.0,70,2
Office,tier2,premium,5583.0,3,57,16749.0,30993775.0,42460237.0,73454012.0,79,4
Hospital,tier1,premium,1775.0,2,3,3550.0,7122291.0,8776658.0,15898949.0,387,2
Apartment,tier2,standard,1633.0,3,14,4899.0,3602079.0,6267393.0,9869471.0,75,2
Home,tier1,premium,3708.0,2,19,7416.0,9404594.0,15208017.0,24612611.0,72,2
Road,tier3,standard,56277.0,1,176,56277.0,5656030.0,17116991.0,22773021.0,38,21
Office,tier1,premium,1980.0,3,16,5940.0,10841208.0,10897498.0,21738706.0,89,2
Home,tier3,basic,1772.0,2,15,3544.0,1638406.0,2665383.0,4303789.0,47,1
Road,tier2,basic,11895.0,1,32,11895.0,1062609.0,2738379.0,3800988.0,37,5
Office,tier2,standard,4594.0,1,18,4594.0,4187978.0,5732953.0,9920931.0,62,1
Apartment,tier2,basic,3033.0,2,19,6066.0,3357509.0,5729209.0,9086718.0,82,2
Apartment,tier1,standard,5383.0,4,56,21532.0,18918813.0,36209465.0,55128278.0,76,5
Apartment,tier2,standard,1891.0,1,5,1891.0,1480439.0,2086354.0,3566793.0,85,1
Office,tier3,basic,5131.0,3,55,15393.0,8784724.0,16758169.0,25542892.0,61,5
Office,tier3,standard,4550.0,4,90,18200.0,13448220.0,24525334.0,37973554.0,59,5
Office,tier1,basic,812.0,3,6,2436.0,2010855.0,3209508.0,5220364.0,76,2
Home,tier2,premium,4138.0,3,42,12414.0,16224313.0,19916127.0,36140439.0,73,2
Apartment,tier3,basic,5959.0,3,70,17877.0,6834522.0,16427919.0,23262442.0,63,4
Road,tier3,standard,127548.0,1,300,127548.0,14750902.0,40162109.0,54913011.0,41,55
Office,tier2,standard,1845.0,1,3,1845.0,1434305.0,2205443.0,3639749.0,100,2
Apartment,tier1,standard,2828.0,4,44,11312.0,13610176.0,22639603.0,36249779.0,62,4
Road,tier3,basic,52494.0,1,83,52494.0,4220482.0,12144478.0,16364960.0,47,20
Home,tier2,basic,2172.0,2,7,4344.0,2825402.0,4959737.0,7785139.0,92,1
Home,tier2,standard,3064.0,1,6,3064.0,2701894.0,4035904.0,6737797.0,83,1
School,tier3,basic,3708.0,3,35,11124.0,6769170.0,7642183.0,14411353.0,71,2
Apartment,tier1,basic,5035.0,1,11,5035.0,3109528.0,6073882.0,9183410.0,74,2
Office,tier3,standard,5770.0,1,10,5770.0,4618558.0,6057413.0,10675971.0,104,2
Apartment,tier1,basic,4346.0,1,16,4346.0,3556563.0,4907600.0,8464163.0,66,2
Apartment,tier2,basic,2830.0,4,37,11320.0,6908321.0,11150397.0,18058718.0,74,3
Apartment,tier3,basic,2698.0,4,46,10792.0,6446437.0,9741203.0,16187640.0,50,3
Office,tier3,standard,4125.0,1,10,4125.0,2334908.0,3732951.0,6067858.0,98,2
Home,tier3,standard,814.0,1,3,814.0,441112.0,728340.0,1169452.0,62,1
Apartment,tier3,standard,2877.0,4,49,11508.0,8033821.0,12111028.0,20144848.0,70,3
Office,tier1,standard,2391.0,3,13,7173.0,7430409.0,11373662.0,18804071.0,117,3
School,tier3,standard,5622.0,3,43,16866.0,11146039.0,14219704.0,25365744.0,81,5
Apartment,tier3,standard,5190.0,3,70,15570.0,10229640.0,19054195.0,29283834.0,57,5
Home,tier2,basic,1882.0,1,6,1882.0,859472.0,1399979.0,2259451.0,54,1
Apartment,tier2,standard,4069.0,3,39,12207.0,8130288.0,15013104.0,23143393.0,77,3
Apartment,tier1,basic,2967.0,1,10,2967.0,2224495.0,3459411.0,5683906.0,62,2
Hospital,tier2,premium,5050.0,1,24,5050.0,10118204.0,12895137.0,23013341.0,119,2
Road,tier2,standard,151354.0,1,300,151354.0,17793191.0,50748165.0,68541356.0,55,66
Apartment,tier2,standard,3992.0,2,27,7984.0,4926126.0,9146683.0,14072809.0,79,2
Bridge,tier2,standard,15408.0,1,51,15408.0,41210236.0,86183909.0,127394145.0,192,8
Hospital,tier2,premium,5009.0,2,15,10018.0,21284962.0,25504142.0,46789104.0,172,3
Apartment,tier1,standard,4439.0,1,17,4439.0,5017070.0,6760415.0,11777485.0,57,2
Hospital,tier3,standard,2061.0,2,10,4122.0,4512334.0,5983066.0,10495400.0,141,2
Office,tier1,premium,4540.0,3,25,13620.0,21708364.0,35131883.0,56840247.0,129,3
Home,tier1,standard,2172.0,2,6,4344.0,3899194.0,4882884.0,8782078.0,95,1
Office,tier1,standard,4504.0,1,7,4504.0,4530107.0,7842763.0,12372870.0,117,2
Bridge,tier3,basic,36319.6,1,25,36319.6,77260591.0,147496238.0,224756829.0,537,22
Bridge,tier3,basic,25126.0,1,54,25126.0,52046488.0,94499020.0,146545508.0,220,18
School,tier1,premium,5397.0,1,15,5397.0,8212389.0,11746687.0,19959076.0,86,2
Road,tier1,basic,26404.0,1,121,26404.0,2586796.0,8069109.0,10655905.0,23,14
Apartment,tier2,basic,2781.0,4,38,11124.0,6214305.0,13348494.0,19562799.0,71,3
Apartment,tier1,basic,5274.0,1,19,5274.0,3102034.0,5015394.0,8117428.0,60,2
Office,tier2,premium,4490.0,4,87,17960.0,24688037.0,35642159.0,60330196.0,75,3
Hospital,tier1,standard,2219.0,2,3,4438.0,7156768.0,9655445.0,16812214.0,362,2
Hospital,tier2,standard,3205.0,3,36,9615.0,16162277.0,15931094.0,32093371.0,118,5
Bridge,tier2,premium,19360.4,1,72,19360.4,88112984.0,191161212.0,279274197.0,219,13
Home,tier2,standard,4970.0,4,85,19880.0,20005213.0,24040637.0,44045850.0,47,4
Apartment,tier2,standard,1121.0,4,6,4484.0,3971200.0,5158533.0,9129733.0,143,2
Other,tier1,standard,3559.0,3,28,10677.0,10108538.0,19810048.0,29918586.0,63,3
Hospital,tier1,standard,3170.0,1,7,3170.0,6560722.0,5741212.0,12301934.0,139,2
Apartment,tier1,standard,3860.0,1,7,3860.0,2898286.0,5945756.0,8844042.0,99,2
Other,tier1,premium,2785.0,3,50,8355.0,9031615.0,17719927.0,26751542.0,44,3
Road,tier3,basic,54486.0,1,146,54486.0,4779674.0,13160870.0,17940544.0,44,21
School,tier1,basic,4115.0,3,55,12345.0,9343936.0,14265542.0,23609478.0,54,4
Road,tier2,premium,6851.0,1,28,6851.0,1426447.0,2732729.0,4159176.0,38,3
Other,tier1,standard,3826.0,4,25,15304.0,15206619.0,21025780.0,36232399.0,94,3
Home,tier3,standard,644.0,3,5,1932.0,942619.0,1501539.0,2444158.0,61,1
Road,tier3,basic,99336.0,1,300,99336.0,8401336.0,23084732.0,31486068.0,36,35
Apartment,tier3,premium,1938.0,4,29,7752.0,7729558.0,13609492.0,21339050.0,74,2
Office,tier2,standard,2061.0,1,8,2061.0,1629780.0,2583185.0,4212965.0,61,2
Apartment,tier3,premium,1086.0,4,23,4344.0,4752128.0,7781196.0,12533324.0,71,2
Road,tier2,standard,113148.0,1,300,113148.0,19383232.0,39555323.0,58938555.0,39,53
Other,tier3,premium,4529.0,3,56,13587.0,10557659.0,16799527.0,27357186.0,59,2
Apartment,tier3,standard,4693.0,3,63,14079.0,10397250.0,14039603.0,24436853.0,62,3
Office,tier1,standard,5794.0,1,28,5794.0,5978129.0,8441187.0,14419316.0,57,2
Apartment,tier2,standard,5275.0,4,55,21100.0,13902745.0,28965411.0,42868156.0,74,6
Office,tier1,standard,1357.0,4,8,5428.0,8117900.0,9431497.0,17549397.0,131,2
School,tier1,standard,523.0,1,3,523.0,590402.0,798871.0,1389273.0,58,1
School,tier3,basic,4485.0,1,8,4485.0,2045038.0,3263016.0,5308054.0,102,2
Apartment,tier1,standard,5507.0,4,48,22028.0,20950096.0,38155639.0,59105736.0,97,6
Home,tier2,standard,4325.0,2,30,8650.0,5776738.0,9120404.0,14897142.0,62,2
Office,tier3,basic,5222.0,1,14,5222.0,2841039.0,3811028.0,6652067.0,73,2
Hospital,tier2,standard,3807.0,4,62,15228.0,21614647.0,32752706.0,54367354.0,124,4
School,tier2,basic,2932.0,3,32,8796.0,8306764.0,9406424.0,17713188.0,58,2
Road,tier2,basic,45985.0,1,173,45985.0,4919434.0,14580260.0,19499694.0,28,21
Home,tier3,standard,4172.0,3,23,12516.0,8294421.0,12763895.0,21058316.0,104,2
Road,tier1,basic,43815.0,1,101,43815.0,6254103.0,13825353.0,20079456.0,43,18
Apartment,tier1,premium,1923.0,1,3,1923.0,2886597.0,4410810.0,7297407.0,171,1
Home,tier2,premium,5304.0,3,64,15912.0,14703462.0,30185096.0,44888559.0,62,2
Road,tier3,standard,122499.0,1,300,122499.0,13990936.0,28862277.0,42853213.0,41,54
Apartment,tier1,standard,2891.0,4,41,11564.0,16155013.0,19713448.0,35868461.0,83,3
Home,tier2,basic,4873.0,3,53,14619.0,7918444.0,10690502.0,18608946.0,40,3
Hospital,tier3,standard,4504.0,1,12,4504.0,5207963.0,6806297.0,12014261.0,146,3
Office,tier1,basic,3107.0,1,10,3107.0,2257824.0,4323847.0,6581671.0,49,3
Apartment,tier1,premium,5874.0,2,57,11748.0,18820855.0,30839920.0,49660775.0,77,4
Hospital,tier2,premium,558.0,1,3,558.0,1267703.0,1193180.0,2460883.0,96,1
Apartment,tier1,basic,3161.0,1,13,3161.0,1993564.0,3305979.0,5299544.0,58,1
Office,tier1,standard,2731.0,4,53,10924.0,12847571.0,22277896.0,35125467.0,52,4
Bridge,tier2,standard,35641.2,1,165,35641.2,104227252.0,204888282.0,309115534.0,172,28
Apartment,tier2,standard,4459.0,4,60,17836.0,12171501.0,21614851.0,33786352.0,71,4
Office,tier2,basic,962.0,1,3,962.0,587735.0,649915.0,1237650.0,76,1
Office,tier2,standard,4341.0,1,13,4341.0,4084695.0,4918676.0,9003372.0,70,2
Home,tier2,basic,4623.0,3,54,13869.0,6749528.0,9901289.0,16650817.0,42,2
Other,tier2,premium,3123.0,2,18,6246.0,6463494.0,11760971.0,18224466.0,71,2
Hospital,tier3,standard,1768.0,1,7,1768.0,1708070.0,1838755.0,3546824.0,129,1
School,tier3,standard,5919.0,3,81,17757.0,12795949.0,18276420.0,31072368.0,69,4
Hospital,tier2,premium,4348.0,4,24,17392.0,33425929.0,41967984.0,75393912.0,269,7
Bridge,tier3,standard,42307.2,1,49,42307.2,128953293.0,200254160.0,329207453.0,357,28
Road,tier3,standard,143130.0,1,300,143130.0,16503652.0,36828601.0,53332253.0,41,54
Road,tier1,standard,75740.0,1,300,75740.0,14219235.0,36381591.0,50600826.0,36,24
School,tier3,standard,3889.0,4,57,15556.0,12907716.0,16790818.0,29698534.0,60,5
Office,tier3,basic,1846.0,2,7,3692.0,1875028.0,3231585.0,5106613.0,90,1
Apartment,tier2,premium,3954.0,1,17,3954.0,4041689.0,6143213.0,10184902.0,67,2
Apartment,tier1,basic,4899.0,3,82,14697.0,10180904.0,19370356.0,29551260.0,52,5
Road,tier2,standard,108934.0,1,253,108934.0,17548861.0,42045648.0,59594509.0,36,45
School,tier2,standard,4671.0,1,12,4671.0,4969698.0,6889946.0,11859645.0,91,2
Home,tier2,standard,4360.0,1,15,4360.0,2616288.0,4493121.0,7109409.0,64,2
Other,tier2,premium,4727.0,2,30,9454.0,9618224.0,14172310.0,23790535.0,76,2
Apartment,tier1,basic,5452.0,1,26,5452.0,3120508.0,4738833.0,7859341.0,49,3
Apartment,tier1,basic,5325.0,1,20,5325.0,3877433.0,6252557.0,10129990.0,65,2
Office,tier3,standard,4724.0,3,42,14172.0,8513836.0,14858529.0,23372365.0,74,4
Home,tier1,standard,2880.0,1,8,2880.0,2575062.0,4083427.0,6658489.0,65,1
Office,tier2,premium,2042.0,4,13,8168.0,14999541.0,15877364.0,30876906.0,157,2
Home,tier1,standard,2184.0,4,43,8736.0,8931558.0,11893542.0,20825100.0,43,2
Home,tier2,basic,3832.0,1,16,3832.0,2010272.0,2680715.0,4690987.0,49,1
Home,tier2,basic,3762.0,1,12,3762.0,2165088.0,3583041.0,5748129.0,44,2
Other,tier1,standard,2792.0,1,10,2792.0,3028948.0,3325705.0,6354653.0,55,2
Home,tier2,standard,2695.0,1,9,2695.0,1673028.0,2629912.0,4302940.0,63,1
Home,tier2,basic,4461.0,2,11,8922.0,4734599.0,7905857.0,12640456.0,105,2
Apartment,tier1,standard,3333.0,4,22,13332.0,11346135.0,20655060.0,32001194.0,124,3
School,tier2,premium,505.0,4,6,2020.0,3031286.0,4128319.0,7159604.0,81,1
Apartment,tier2,standard,1185.0,4,15,4740.0,4479260.0,5594728.0,10073987.0,72,2
School,tier2,standard,2254.0,4,30,9016.0,9883440.0,13085900.0,22969340.0,72,3
Apartment,tier2,basic,2619.0,4,56,10476.0,4802577.0,10156519.0,14959096.0,50,3
School,tier3,premium,4502.0,3,41,13506.0,16169666.0,20262053.0,36431719.0,94,3
Bridge,tier1,basic,13070.4,1,32,13070.4,28942806.0,81203609.0,110146415.0,228,11
Hospital,tier1,standard,2789.0,4,38,11156.0,18474565.0,25770177.0,44244742.0,126,3
Road,tier2,basic,121675.0,1,207,121675.0,11806643.0,29515677.0,41322320.0,36,39
Road,tier2,basic,29754.0,1,105,29754.0,2249137.0,6051159.0,8300296.0,30,11
Road,tier3,basic,32010.0,1,80,32010.0,2772216.0,7688000.0,10460216.0,41,17
Home,tier1,basic,5222.0,3,56,15666.0,12031986.0,16406607.0,28438594.0,49,2
Apartment,tier2,premium,611.0,4,8,2444.0,2705178.0,4116539.0,6821716.0,83,1
Office,tier2,basic,2941.0,3,28,8823.0,4522335.0,9600489.0,14122825.0,72,3
Home,tier1,premium,5549.0,1,23,5549.0,5440811.0,10545991.0,15986802.0,63,2
Office,tier2,standard,4387.0,3,55,13161.0,9994692.0,14082467.0,24077159.0,66,4
Apartment,tier2,basic,849.0,2,10,1698.0,1136621.0,1627847.0,2764468.0,43,1
Office,tier1,standard,2803.0,1,12,2803.0,3607068.0,4171369.0,7778437.0,54,2
Hospital,tier2,basic,5212.0,2,32,10424.0,7127412.0,12467544.0,19594955.0,120,3
Apartment,tier1,premium,2076.0,4,22,8304.0,13417927.0,26159680.0,39577607.0,77,2
Home,tier3,basic,3470.0,3,39,10410.0,3971110.0,7370294.0,11341403.0,56,2
Apartment,tier1,premium,2208.0,1,11,2208.0,3272999.0,4874153.0,8147153.0,67,1
Office,tier1,basic,1499.0,2,13,2998.0,2593395.0,3517783.0,6111177.0,52,2
Office,tier1,basic,5215.0,3,39,15645.0,12579303.0,16215516.0,28794819.0,71,5
Hospital,tier1,basic,1695.0,3,20,5085.0,8520292.0,6261629.0,14781921.0,116,2
Apartment,tier1,standard,3665.0,4,53,14660.0,15671282.0,22092443.0,37763725.0,61,4
Office,tier2,standard,2369.0,3,32,7107.0,5789747.0,9162478.0,14952224.0,48,3
School,tier1,premium,3834.0,1,14,3834.0,6450982.0,9280657.0,15731639.0,70,1
Office,tier1,standard,4846.0,4,71,19384.0,25365651.0,34367935.0,59733586.0,68,4
School,tier1,basic,3494.0,3,20,10482.0,8877337.0,13664624.0,22541961.0,105,3
School,tier2,standard,1224.0,4,21,4896.0,4732136.0,5855098.0,10587234.0,72,2
School,tier1,standard,2009.0,1,3,2009.0,2024069.0,3175299.0,5199368.0,114,2
School,tier2,premium,1756.0,3,18,5268.0,6354885.0,9947781.0,16302666.0,83,2
Home,tier2,standard,4256.0,1,11,4256.0,2953745.0,5089489.0,8043234.0,71,1
Hospital,tier2,standard,4278.0,1,11,4278.0,4834650.0,5980011.0,10814661.0,141,3
Hospital,tier1,basic,1202.0,4,19,4808.0,5133014.0,5502121.0,10635135.0,83,2
Hospital,tier3,premium,3838.0,4,51,15352.0,33087488.0,33394299.0,66481788.0,131,6
Home,tier2,basic,2998.0,4,6,11992.0,8694579.0,9168100.0,17862679.0,251,2
Road,tier1,premium,76632.0,1,238,76632.0,17600173.0,52881381.0,70481554.0,50,25
Road,tier2,basic,2944.0,1,8,2944.0,343021.0,644278.0,987299.0,37,2
Home,tier3,standard,739.0,1,4,739.0,448120.0,657251.0,1105371.0,48,1
Office,tier2,premium,4467.0,2,17,8934.0,12691862.0,19744922.0,32436784.0,128,2
Road,tier2,premium,173280.0,1,300,173280.0,40342741.0,84648448.0,124991188.0,61,80
Hospital,tier2,standard,1847.0,4,32,7388.0,12691658.0,15206439.0,27898097.0,92,4
Office,tier1,standard,1683.0,3,15,5049.0,5981232.0,9464541.0,15445773.0,83,2
Apartment,tier3,premium,1316.0,2,7,2632.0,2327223.0,3625758.0,5952981.0,115,1
Bridge,tier1,standard,8120.0,1,21,8120.0,31627934.0,63756366.0,95384300.0,210,6
Apartment,tier1,standard,4068.0,2,30,8136.0,9293756.0,14070044.0,23363800.0,77,2
Road,tier1,basic,55039.0,1,133,55039.0,7368943.0,17944166.0,25313110.0,39,23
Road,tier2,standard,4590.0,1,15,4590.0,740093.0,1605305.0,2345398.0,31,3
School,tier3,standard,5889.0,1,12,5889.0,4860760.0,6564913.0,11425674.0,97,2
Apartment,tier3,standard,4348.0,2,36,8696.0,4225310.0,6901036.0,11126346.0,61,2
Road,tier3,basic,7084.0,1,25,7084.0,735245.0,1584479.0,2319724.0,32,4
Bridge,tier2,standard,11524.8,1,32,11524.8,39173108.0,78519667.0,117692775.0,218,7
School,tier2,premium,3599.0,3,33,10797.0,16041701.0,14889879.0,30931580.0,81,3
Hospital,tier2,standard,2602.0,2,13,5204.0,6774985.0,9882631.0,16657616.0,122,2
Home,tier1,premium,5085.0,3,56,15255.0,24308108.0,28917525.0,53225633.0,60,2
Bridge,tier3,basic,6310.4,1,12,6310.4,9276007.0,20803514.0,30079521.0,276,5
Road,tier2,standard,6240.0,1,27,6240.0,824745.0,2407261.0,3232006.0,27,4
Apartment,tier2,standard,5671.0,4,80,22684.0,16153080.0,31426488.0,47579568.0,76,5
Road,tier2,standard,25285.0,1,71,25285.0,3915699.0,8130855.0,12046554.0,41,12
Road,tier3,standard,11628.0,1,47,11628.0,1455344.0,3595410.0,5050754.0,30,6
Other,tier1,basic,3725.0,2,28,7450.0,4318296.0,6804253.0,11122549.0,44,2
Road,tier2,standard,50970.0,1,108,50970.0,6927952.0,19425918.0,26353870.0,49,23
Home,tier2,basic,5235.0,2,51,10470.0,4871079.0,8423567.0,13294646.0,42,2
Office,tier3,standard,4930.0,4,8,19720.0,16745595.0,28035176.0,44780771.0,341,5
Home,tier1,premium,1414.0,3,20,4242.0,6284100.0,10210923.0,16495023.0,56,1
Home,tier1,basic,2683.0,1,8,2683.0,1986851.0,3236955.0,5223806.0,65,1
Road,tier2,standard,10452.0,1,47,10452.0,1326379.0,3923491.0,5249870.0,34,5
Apartment,tier3,standard,1096.0,4,22,4384.0,2841043.0,4651040.0,7492082.0,59,2
Hospital,tier3,standard,4207.0,4,48,16828.0,16597308.0,24468377.0,41065686.0,86,6
Home,tier2,basic,2406.0,3,21,7218.0,3874608.0,5737930.0,9612538.0,55,1
School,tier1,standard,3554.0,1,13,3554.0,4258011.0,4473640.0,8731651.0,62,2
Home,tier1,standard,5540.0,1,11,5540.0,4065473.0,7544033.0,11609506.0,81,2
Apartment,tier2,standard,5253.0,4,62,21012.0,16455476.0,29092325.0,45547801.0,76,4
Home,tier1,standard,2459.0,2,14,4918.0,4274910.0,6255496.0,10530406.0,62,2
School,tier2,standard,4374.0,2,17,8748.0,7054829.0,9926859.0,16981689.0,110,3
Office,tier3,premium,461.0,3,4,1383.0,1251603.0,2432631.0,3684234.0,86,1
School,tier2,basic,4413.0,4,74,17652.0,11226637.0,15760635.0,26987273.0,59,4
Road,tier2,basic,24327.0,1,100,24327.0,1854320.0,6603712.0,8458032.0,30,11
Apartment,tier1,standard,5494.0,3,52,16482.0,16009132.0,28321129.0,44330262.0,67,5
Office,tier1,standard,2068.0,3,21,6204.0,6584646.0,9300596.0,15885242.0,67,2
Apartment,tier2,standard,4316.0,2,26,8632.0,6456211.0,8475254.0,14931466.0,67,3
Bridge,tier2,basic,9656.4,1,12,9656.4,22172674.0,41846340.0,64019014.0,338,6
Apartment,tier1,basic,1830.0,1,4,1830.0,945744.0,1942602.0,2888346.0,88,1
Apartment,tier1,standard,5094.0,2,45,10188.0,11434067.0,16956631.0,28390698.0,75,3
Other,tier1,basic,1428.0,2,14,2856.0,1688514.0,2693403.0,4381918.0,35,2
Office,tier2,standard,5441.0,3,38,16323.0,12478742.0,24375437.0,36854179.0,96,5
Office,tier2,standard,3273.0,2,30,6546.0,7004220.0,7869434.0,14873654.0,49,3
Office,tier2,basic,3012.0,2,12,6024.0,3295751.0,5284749.0,8580500.0,78,2
Office,tier2,standard,1715.0,4,19,6860.0,5506597.0,9067361.0,14573958.0,61,2
School,tier1,premium,447.0,4,6,1788.0,2722966.0,3987873.0,6710839.0,82,1
Other,tier2,premium,4317.0,4,52,17268.0,23742826.0,26972611.0,50715437.0,74,3
Other,tier1,basic,4501.0,3,34,13503.0,11725142.0,15519159.0,27244301.0,60,3
Bridge,tier3,standard,35364.0,1,123,35364.0,139021077.0,181722921.0,320743998.0,145,23
School,tier1,premium,5799.0,2,49,11598.0,23188599.0,25866348.0,49054946.0,68,4
Apartment,tier2,standard,2034.0,4,13,8136.0,5181112.0,9782306.0,14963418.0,121,3
Apartment,tier1,basic,3576.0,3,37,10728.0,7335078.0,11319775.0,18654852.0,59,3
Office,tier3,basic,5515.0,4,98,22060.0,13646856.0,23514730.0,37161587.0,55,6
Bridge,tier1,standard,2772.0,1,8,2772.0,11480671.0,24461768.0,35942439.0,228,3
Apartment,tier3,standard,4582.0,4,49,18328.0,15004936.0,20305356.0,35310291.0,79,4
Office,tier1,premium,4395.0,3,31,13185.0,22817268.0,35208124.0,58025392.0,90,4
Road,tier3,premium,39328.0,1,223,39328.0,7648013.0,14620156.0,22268169.0,29,19
Other,tier2,basic,2306.0,4,47,9224.0,5922956.0,9302707.0,15225663.0,48,3
Other,tier1,standard,1512.0,1,5,1512.0,1140770.0,1837346.0,2978116.0,61,1
Apartment,tier1,basic,5528.0,2,52,11056.0,6653579.0,10446478.0,17100057.0,47,3
Apartment,tier2,basic,2984.0,4,32,11936.0,9080195.0,11220543.0,20300737.0,86,4
Office,tier3,basic,1486.0,3,14,4458.0,2763371.0,3250388.0,6013759.0,63,2
Office,tier3,premium,3985.0,3,25,11955.0,8593625.0,20215523.0,28809148.0,107,3
Bridge,tier1,basic,26073.6,1,31,26073.6,77810832.0,161500904.0,239311736.0,286,10
School,tier2,standard,4672.0,2,25,9344.0,6814729.0,8991075.0,15805804.0,83,3
Bridge,tier1,standard,16650.4,1,47,16650.4,61020482.0,134806835.0,195827317.0,167,12
School,tier1,basic,5506.0,2,42,11012.0,7372822.0,13042909.0,20415732.0,56,4
Road,tier2,standard,35073.0,1,144,35073.0,4522950.0,15007989.0,19530940.0,33,13
Hospital,tier2,basic,5391.0,1,17,5391.0,5419092.0,6419714.0,11838807.0,115,3
Office,tier1,standard,1425.0,1,3,1425.0,1712243.0,2430064.0,4142307.0,86,1
Office,tier3,standard,1722.0,1,4,1722.0,1008940.0,1731518.0,2740457.0,86,2
Home,tier2,premium,2160.0,2,22,4320.0,3968432.0,5724454.0,9692886.0,54,1
Home,tier3,standard,2765.0,2,22,5530.0,2971254.0,5468520.0,8439774.0,53,2
Apartment,tier1,premium,667.0,3,10,2001.0,2938172.0,4886181.0,7824353.0,70,1
Road,tier3,standard,22080.0,1,119,22080.0,2252431.0,6820424.0,9072855.0,24,11
Office,tier2,basic,1134.0,1,3,1134.0,713818.0,1277765.0,1991583.0,68,1
Apartment,tier2,standard,1140.0,3,15,3420.0,3167449.0,4165333.0,7332782.0,75,2
School,tier1,premium,427.0,1,3,427.0,573809.0,811628.0,1385437.0,55,1
Home,tier3,basic,5772.0,3,79,17316.0,7877629.0,14371269.0,22248898.0,41,4
Office,tier2,basic,669.0,1,3,669.0,463302.0,608490.0,1071792.0,56,1
Home,tier3,premium,4582.0,1,4,4582.0,4833896.0,6623085.0,11456981.0,203,2
School,tier2,premium,3949.0,4,60,15796.0,17083685.0,28847190.0,45930875.0,69,5
Office,tier3,basic,5041.0,1,12,5041.0,2135320.0,4165718.0,6301038.0,58,2
Home,tier2,standard,2921.0,4,34,11684.0,13068255.0,11093610.0,24161865.0,61,2
Home,tier3,standard,5481.0,2,28,10962.0,6975242.0,12837807.0,19813049.0,69,2
School,tier1,standard,3041.0,4,53,12164.0,16894539.0,16038666.0,32933204.0,52,3
Home,tier1,standard,1396.0,1,4,1396.0,1339752.0,1988618.0,3328370.0,65,1
Apartment,tier2,premium,5452.0,2,20,10904.0,13586080.0,17615372.0,31201452.0,132,3
Home,tier2,basic,2763.0,4,26,11052.0,6926305.0,9490543.0,16416847.0,72,2
School,tier2,standard,434.0,1,3,434.0,402489.0,565495.0,967984.0,47,1
Road,tier2,basic,29888.0,1,114,29888.0,2814862.0,8063026.0,10877888.0,31,15
Road,tier2,standard,24089.0,1,114,24089.0,2462426.0,8588575.0,11051001.0,31,12
Home,tier3,standard,5005.0,2,39,10010.0,6832620.0,8223476.0,15056096.0,60,2
Apartment,tier2,standard,1258.0,4,20,5032.0,3417691.0,6822566.0,10240257.0,72,2
Apartment,tier3,premium,4532.0,3,57,13596.0,12401919.0,19307616.0,31709534.0,80,4
Home,tier1,standard,5049.0,2,43,10098.0,9417992.0,13538241.0,22956233.0,50,2
Home,tier2,standard,1080.0,3,15,3240.0,2083842.0,4193118.0,6276960.0,45,1
Apartment,tier3,basic,3675.0,2,46,7350.0,3282425.0,6196072.0,9478497.0,56,2
Bridge,tier1,premium,12104.0,1,52,12104.0,74275575.0,103718267.0,177993842.0,163,7
Home,tier2,standard,5563.0,3,61,16689.0,12412954.0,18378236.0,30791190.0,62,2
Office,tier2,standard,2046.0,3,17,6138.0,5708967.0,7570531.0,13279498.0,84,2
School,tier2,standard,3125.0,1,12,3125.0,2524987.0,3247924.0,5772911.0,65,2
Hospital,tier2,standard,2676.0,1,13,2676.0,3213505.0,3845155.0,7058660.0,85,2
School,tier1,standard,2492.0,3,14,7476.0,8751903.0,13047707.0,21799611.0,101,2
Other,tier3,basic,5967.0,2,57,11934.0,6848640.0,8363356.0,15211996.0,40,2
Road,tier1,basic,138586.0,1,300,138586.0,17451102.0,42960491.0,60411593.0,35,55
Office,tier2,premium,1279.0,2,8,2558.0,3113645.0,4374890.0,7488535.0,79,1
Road,tier2,premium,10503.0,1,41,10503.0,1918775.0,5331907.0,7250681.0,40,5
Road,tier1,standard,132864.0,1,300,132864.0,22679641.0,57710743.0,80390383.0,44,55
Office,tier1,premium,5309.0,4,82,21236.0,34617031.0,60880965.0,95497996.0,71,5
Home,tier3,standard,2691.0,3,16,8073.0,4945694.0,7746750.0,12692444.0,70,1
Road,tier2,standard,76592.0,1,300,76592.0,8896928.0,25874510.0,34771438.0,31,29
Hospital,tier1,premium,5239.0,4,75,20956.0,64485086.0,81844434.0,146329520.0,150,8
Home,tier3,standard,5280.0,4,70,21120.0,13864514.0,17223092.0,31087606.0,58,3
Road,tier2,standard,29052.0,1,106,29052.0,4484270.0,10717302.0,15201572.0,32,11
School,tier1,standard,2670.0,2,18,5340.0,7092434.0,8783191.0,15875625.0,77,2
School,tier2,standard,847.0,1,3,847.0,643304.0,1007699.0,1651003.0,79,1
Apartment,tier2,basic,4002.0,3,37,12006.0,6611436.0,12500045.0,19111480.0,79,4
Apartment,tier1,premium,2745.0,3,25,8235.0,9680075.0,15576134.0,25256209.0,92,3
Hospital,tier3,basic,5991.0,2,15,11982.0,9857242.0,12334269.0,22191510.0,164,6
Home,tier1,standard,3940.0,2,39,7880.0,9485135.0,10993167.0,20478302.0,50,2
Road,tier1,basic,32978.0,1,65,32978.0,4439450.0,10579461.0,15018911.0,42,13
School,tier1,standard,1266.0,3,20,3798.0,5304053.0,4894429.0,10198482.0,56,2
Office,tier3,standard,2009.0,4,25,8036.0,6837730.0,11761530.0,18599259.0,66,3
Home,tier2,standard,4905.0,2,47,9810.0,6146285.0,13626707.0,19772992.0,49,2
Office,tier3,standard,1202.0,3,16,3606.0,3107324.0,4267747.0,7375071.0,66,1
Road,tier1,basic,19520.0,1,87,19520.0,2186272.0,5885722.0,8071994.0,26,11
Road,tier3,basic,172404.0,1,300,172404.0,10494907.0,29362623.0,39857530.0,51,70
Home,tier2,basic,3326.0,3,19,9978.0,6660072.0,8290840.0,14950912.0,84,2
Apartment,tier2,standard,3069.0,3,29,9207.0,7215202.0,11512995.0,18728196.0,78,3
Apartment,tier1,premium,570.0,3,5,1710.0,2450095.0,4331409.0,6781505.0,91,1
Office,tier3,basic,1666.0,2,11,3332.0,1838162.0,2836239.0,4674401.0,63,1
Apartment,tier1,standard,3290.0,4,25,13160.0,13099550.0,21590501.0,34690051.0,98,3
Home,tier2,basic,3117.0,4,37,12468.0,7683641.0,10972537.0,18656178.0,60,3
Apartment,tier2,premium,1599.0,3,3,4797.0,5187609.0,7384015.0,12571624.0,351,2
Other,tier1,premium,4895.0,4,58,19580.0,20276240.0,34089357.0,54365596.0,74,4
Home,tier3,standard,2898.0,2,20,5796.0,2757114.0,5608291.0,8365405.0,54,2
Apartment,tier3,basic,2572.0,3,19,7716.0,4094802.0,4802766.0,8897568.0,83,2
Other,tier2,standard,4654.0,1,14,4654.0,3828548.0,4047016.0,7875565.0,56,1
Apartment,tier2,premium,1233.0,4,17,4932.0,5384041.0,7178442.0,12562483.0,92,2
Other,tier2,basic,704.0,1,3,704.0,357041.0,497843.0,854884.0,50,1
School,tier2,standard,2207.0,3,30,6621.0,7276493.0,9626283.0,16902776.0,66,2
Home,tier1,premium,400.0,1,3,400.0,511519.0,783749.0,1295268.0,39,1
Apartment,tier2,standard,2478.0,3,25,7434.0,5726638.0,9459341.0,15185979.0,71,2
School,tier2,standard,1147.0,2,9,2294.0,2023873.0,2732068.0,4755941.0,55,2
School,tier2,standard,4093.0,4,89,16372.0,13638377.0,23310601.0,36948978.0,54,5
Road,tier2,premium,22671.0,1,89,22671.0,4739120.0,10209220.0,14948339.0,39,9
School,tier1,standard,1556.0,4,23,6224.0,6488470.0,10421382.0,16909852.0,64,2
Home,tier3,premium,1858.0,3,26,5574.0,4012066.0,8502346.0,12514412.0,66,2
Hospital,tier1,standard,3740.0,4,51,14960.0,25044267.0,24175767.0,49220034.0,113,7
Home,tier1,standard,2663.0,2,12,5326.0,6623881.0,7233887.0,13857769.0,68,1
Hospital,tier2,premium,4703.0,3,55,14109.0,24733472.0,31151857.0,55885330.0,128,4
Apartment,tier2,standard,4766.0,1,17,4766.0,3720035.0,6784772.0,10504807.0,73,1
Road,tier1,basic,61191.0,1,188,61191.0,7083588.0,18346494.0,25430082.0,38,26
Bridge,tier2,basic,4025.2,1,16,4025.2,10214060.0,13264808.0,23478868.0,157,3
Office,tier2,premium,5777.0,3,21,17331.0,31506899.0,35891527.0,67398425.0,153,5
Other,tier1,standard,2365.0,4,26,9460.0,7955210.0,10971274.0,18926484.0,62,3
Hospital,tier3,basic,3411.0,2,16,6822.0,4225040.0,5524223.0,9749264.0,148,4
Road,tier2,premium,79800.0,1,194,79800.0,13975794.0,33531677.0,47507471.0,57,38
Home,tier2,premium,4051.0,3,38,12153.0,13103018.0,20368730.0,33471747.0,66,2
Office,tier1,premium,3627.0,4,33,14508.0,20750823.0,32105483.0,52856305.0,102,4
Road,tier2,standard,23975.0,1,127,23975.0,2636444.0,8224107.0,10860551.0,31,12
Apartment,tier3,premium,5029.0,4,78,20116.0,17683434.0,23784799.0,41468233.0,82,4
Hospital,tier1,premium,1489.0,2,7,2978.0,7743359.0,9600012.0,17343371.0,157,2
Office,tier1,basic,3107.0,4,16,12428.0,9647511.0,18524411.0,28171921.0,104,4
Apartment,tier1,premium,2359.0,3,19,7077.0,9374766.0,13401630.0,22776396.0,90,2
Road,tier1,standard,122162.0,1,300,122162.0,17183417.0,39141658.0,56325075.0,46,52
Apartment,tier3,premium,1952.0,3,15,5856.0,5025842.0,8321255.0,13347098.0,85,2
Office,tier2,standard,1446.0,4,36,5784.0,6322265.0,7972162.0,14294427.0,52,2
School,tier2,standard,906.0,4,5,3624.0,4139144.0,4732245.0,8871388.0,121,2
Apartment,tier3,basic,4645.0,2,32,9290.0,4479252.0,6892708.0,11371960.0,60,3
Office,tier3,basic,4381.0,3,42,13143.0,7327688.0,10555098.0,17882785.0,62,5
Hospital,tier3,basic,5239.0,3,48,15717.0,11876727.0,16405148.0,28281875.0,125,5
Other,tier2,standard,570.0,3,3,1710.0,1397027.0,1808131.0,3205158.0,96,1
Home,tier2,premium,3018.0,1,10,3018.0,3418090.0,5153260.0,8571350.0,74,1
Home,tier1,basic,4099.0,2,29,8198.0,4948533.0,9164828.0,14113361.0,46,2
Hospital,tier2,basic,3157.0,1,13,3157.0,2571926.0,3809908.0,6381834.0,84,2
Office,tier2,standard,543.0,1,3,543.0,497150.0,732178.0,1229328.0,55,1
Home,tier1,basic,2920.0,4,56,11680.0,9824513.0,15209707.0,25034221.0,42,2
Road,tier2,basic,6840.0,1,6,6840.0,756317.0,1635506.0,2391823.0,75,3
Apartment,tier2,basic,502.0,3,5,1506.0,853237.0,1462537.0,2315774.0,53,2
Office,tier2,standard,4492.0,2,56,8984.0,6118276.0,11941122.0,18059398.0,56,3
Office,tier1,standard,934.0,1,4,934.0,860126.0,1611312.0,2471439.0,43,1
Apartment,tier2,premium,2073.0,2,7,4146.0,4085672.0,6640978.0,10726650.0,145,2
Bridge,tier2,basic,14418.0,1,50,14418.0,37367746.0,73791542.0,111159288.0,183,10
Apartment,tier2,basic,5709.0,3,36,17127.0,11639190.0,16789291.0,28428482.0,93,5
Road,tier2,standard,116609.0,1,300,116609.0,20837716.0,44857137.0,65694853.0,41,41
Other,tier1,premium,2645.0,4,60,10580.0,14097592.0,19907706.0,34005298.0,37,2
School,tier1,standard,2354.0,4,42,9416.0,12846731.0,18550341.0,31397072.0,53,3
Home,tier2,premium,3882.0,3,18,11646.0,12365519.0,20953674.0,33319192.0,111,3
Apartment,tier1,standard,4267.0,4,42,17068.0,16933662.0,27259874.0,44193536.0,104,5
Road,tier2,premium,15664.0,1,52,15664.0,3220555.0,9053184.0,12273739.0,44,4
Home,tier3,standard,2779.0,1,8,2779.0,1916891.0,1901068.0,3817958.0,62,1
Home,tier1,basic,1967.0,3,22,5901.0,4203387.0,6487301.0,10690688.0,45,2
Hospital,tier2,basic,5902.0,1,14,5902.0,5792845.0,6407526.0,12200371.0,133,3
Home,tier2,standard,2034.0,4,24,8136.0,7586763.0,9271459.0,16858221.0,67,2
Office,tier2,premium,583.0,1,3,583.0,647781.0,1048690.0,1696471.0,64,1
Home,tier1,standard,3895.0,4,45,15580.0,12537207.0,24109122.0,36646329.0,54,2
Road,tier1,basic,74200.0,1,300,74200.0,9010880.0,23107891.0,32118770.0,33,29
Road,tier3,basic,22270.0,1,82,22270.0,1619815.0,4996852.0,6616667.0,32,7
Bridge,tier1,standard,16917.6,1,43,16917.6,70341996.0,121478007.0,191820003.0,209,8
Office,tier2,premium,4558.0,3,64,13674.0,15986540.0,34303709.0,50290249.0,68,4
Home,tier3,standard,1547.0,3,21,4641.0,2759453.0,3199872.0,5959325.0,53,1
School,tier1,standard,1209.0,2,8,2418.0,2856334.0,3879750.0,6736083.0,75,2
Road,tier2,standard,65160.0,1,198,65160.0,7448253.0,22351621.0,29799874.0,38,35
School,tier1,premium,4910.0,2,53,9820.0,15242078.0,20942207.0,36184285.0,74,2
Home,tier1,premium,5280.0,1,27,5280.0,5296267.0,10057753.0,15354020.0,47,1
Home,tier2,basic,3863.0,3,18,11589.0,8121594.0,8695981.0,16817575.0,80,2
Office,tier3,standard,2718.0,2,26,5436.0,3902847.0,5746972.0,9649819.0,55,3
Road,tier1,premium,13020.0,1,70,13020.0,3210757.0,7861839.0,11072596.0,33,6
Road,tier1,premium,53664.0,1,220,53664.0,14052863.0,35357293.0,49410156.0,39,20
Apartment,tier3,standard,1157.0,3,10,3471.0,2827991.0,3551165.0,6379156.0,81,2
Road,tier1,basic,114330.0,1,300,114330.0,17135834.0,41618226.0,58754061.0,33,48
Bridge,tier3,standard,6271.2,1,33,6271.2,16405950.0,28727279.0,45133229.0,181,4
School,tier2,standard,928.0,3,12,2784.0,2611098.0,3753192.0,6364289.0,57,2
Home,tier2,basic,4584.0,2,36,9168.0,4850202.0,8771301.0,13621503.0,45,2
Bridge,tier3,premium,35568.0,1,215,35568.0,137525453.0,260475373.0,398000827.0,148,24
Road,tier2,basic,48370.0,1,104,48370.0,5357432.0,14990654.0,20348086.0,46,23
Road,tier1,premium,71459.0,1,231,71459.0,13368773.0,44832429.0,58201201.0,40,30
Home,tier3,standard,3115.0,4,44,12460.0,7536207.0,13847243.0,21383449.0,65,2
Apartment,tier3,basic,4184.0,4,52,16736.0,10973143.0,12109921.0,23083064.0,75,4
Apartment,tier3,standard,1535.0,2,4,3070.0,1572345.0,2944539.0,4516884.0,127,1
Home,tier2,standard,2890.0,1,13,2890.0,2158570.0,3701453.0,5860024.0,46,1
School,tier2,premium,962.0,2,5,1924.0,2459520.0,3253806.0,5713326.0,90,1
Apartment,tier2,standard,3839.0,2,19,7678.0,6277456.0,9481553.0,15759009.0,100,2
Office,tier1,basic,2842.0,1,8,2842.0,2884258.0,3594820.0,6479078.0,76,1
Apartment,tier2,premium,3490.0,1,11,3490.0,4494877.0,5326806.0,9821683.0,73,2
School,tier2,standard,5183.0,1,17,5183.0,4017511.0,6390323.0,10407835.0,77,2
Apartment,tier2,basic,688.0,2,6,1376.0,713782.0,1329124.0,2042905.0,57,1
Other,tier2,premium,2892.0,1,14,2892.0,2590596.0,3821792.0,6412388.0,46,2
Home,tier2,basic,2608.0,1,8,2608.0,1258557.0,2128250.0,3386807.0,50,1
Road,tier2,basic,122670.0,1,300,122670.0,10397174.0,33095268.0,43492442.0,37,43
Bridge,tier2,standard,32788.8,1,104,32788.8,125704478.0,172292507.0,297996985.0,152,18
Home,tier3,standard,4434.0,4,41,17736.0,13307451.0,20811822.0,34119273.0,76,3
Office,tier2,standard,5147.0,3,51,15441.0,15536010.0,22383633.0,37919643.0,71,4
Other,tier1,premium,2068.0,2,9,4136.0,4751345.0,7663658.0,12415003.0,89,2
Home,tier1,basic,2410.0,4,56,9640.0,7039682.0,10893708.0,17933390.0,38,2
Road,tier2,premium,75216.0,1,262,75216.0,14873380.0,44810064.0,59683444.0,38,35
Apartment,tier2,basic,4987.0,3,40,14961.0,8369355.0,10509722.0,18879077.0,67,5
Office,tier3,basic,3002.0,2,25,6004.0,2824674.0,5305257.0,8129930.0,54,2
Road,tier1,basic,24738.0,1,47,24738.0,2912583.0,6765493.0,9678076.0,41,10
Other,tier1,basic,1772.0,4,18,7088.0,6296496.0,9236205.0,15532700.0,66,2
Road,tier2,standard,74739.0,1,286,74739.0,13540620.0,25104684.0,38645304.0,29,34
Home,tier2,premium,3109.0,1,11,3109.0,3116668.0,4595141.0,7711809.0,61,2
Home,tier3,premium,5940.0,4,108,23760.0,23257342.0,34780529.0,58037872.0,55,3
Apartment,tier3,standard,2902.0,4,3,11608.0,7285638.0,11727396.0,19013034.0,494,5
Office,tier2,basic,633.0,1,3,633.0,513396.0,682113.0,1195509.0,51,1
Bridge,tier3,premium,2192.4,1,6,2192.4,7474125.0,11268130.0,18742256.0,243,3
Home,tier1,standard,2849.0,4,22,11396.0,10953813.0,18307263.0,29261076.0,86,2
Road,tier2,standard,5904.0,1,8,5904.0,983365.0,1830384.0,2813750.0,66,3
Apartment,tier3,standard,4731.0,2,25,9462.0,4935126.0,9253760.0,14188886.0,78,3
Bridge,tier2,basic,12358.8,1,64,12358.8,22951646.0,58373965.0,81325611.0,129,6
Other,tier3,standard,5009.0,2,45,10018.0,3908544.0,8645847.0,12554390.0,46,2
Office,tier1,premium,5800.0,4,122,23200.0,50051108.0,62843772.0,112894880.0,63,6
Bridge,tier1,basic,20595.2,1,66,20595.2,56858656.0,117358547.0,174217203.0,173,14
Apartment,tier2,standard,1961.0,3,20,5883.0,5254485.0,7800072.0,13054557.0,64,3
Road,tier3,premium,28216.0,1,42,28216.0,3669433.0,12214241.0,15883674.0,87,11
Office,tier2,standard,5246.0,4,31,20984.0,21227776.0,34012844.0,55240620.0,111,5
Apartment,tier3,standard,5431.0,1,17,5431.0,3447488.0,5354073.0,8801562.0,66,2
Road,tier1,standard,78010.0,1,135,78010.0,16399170.0,35428765.0,51827935.0,50,32
Bridge,tier2,premium,58847.2,1,137,58847.2,296032818.0,515499297.0,811532115.0,292,36
Other,tier2,standard,1512.0,4,20,6048.0,4834602.0,6488358.0,11322960.0,61,1
Home,tier1,standard,2345.0,4,45,9380.0,10285913.0,15366476.0,25652389.0,54,1
Office,tier2,basic,3825.0,3,38,11475.0,10942986.0,16489071.0,27432058.0,58,3
Home,tier2,premium,2611.0,4,18,10444.0,11278078.0,15435728.0,26713806.0,107,2
Road,tier2,premium,89370.0,1,108,89370.0,18789111.0,42660530.0,61449641.0,92,44
Office,tier1,standard,2609.0,1,9,2609.0,2235410.0,3727228.0,5962638.0,61,2
Hospital,tier1,premium,3702.0,4,38,14808.0,36495054.0,49990199.0,86485253.0,176,6
Home,tier3,standard,3545.0,2,25,7090.0,4965593.0,6515263.0,11480857.0,56,2
Hospital,tier2,premium,1818.0,3,17,5454.0,12794946.0,15501095.0,28296041.0,129,2
Office,tier3,basic,740.0,3,7,2220.0,1346494.0,1751965.0,3098459.0,55,1
Road,tier2,basic,128064.0,1,300,128064.0,8870548.0,41620826.0,50491374.0,41,36
Road,tier3,premium,109412.0,1,300,109412.0,16283619.0,34983208.0,51266827.0,52,46
Hospital,tier1,standard,4583.0,2,34,9166.0,14826981.0,18880816.0,33707797.0,118,4
Road,tier2,standard,7553.0,1,17,7553.0,867896.0,2442200.0,3310096.0,46,4
Road,tier2,standard,32328.0,1,87,32328.0,5039653.0,11396844.0,16436497.0,41,16
Apartment,tier1,standard,4954.0,2,42,9908.0,11255111.0,15904051.0,27159161.0,70,4
School,tier1,basic,4920.0,2,48,9840.0,7739701.0,10210411.0,17950112.0,64,2
Office,tier2,standard,495.0,3,3,1485.0,1528570.0,1988603.0,3517173.0,68,2
Apartment,tier3,standard,4801.0,1,25,4801.0,2784862.0,4692014.0,7476877.0,56,2
Road,tier2,basic,43652.0,1,106,43652.0,4957586.0,10831479.0,15789065.0,36,23
Home,tier1,basic,1051.0,1,4,1051.0,727776.0,1118739.0,1846515.0,49,1
Road,tier3,standard,95648.0,1,300,95648.0,12728722.0,22377669.0,35106391.0,35,48
Home,tier1,standard,700.0,2,3,1400.0,1268531.0,1665995.0,2934526.0,82,1
Office,tier1,standard,4072.0,1,16,4072.0,4841572.0,6774445.0,11616017.0,66,2
Hospital,tier3,standard,5226.0,2,31,10452.0,9840356.0,14162080.0,24002436.0,103,3
Home,tier3,standard,1403.0,3,16,4209.0,3683388.0,4088942.0,7772330.0,41,1
Apartment,tier3,basic,2370.0,2,12,4740.0,1658741.0,3228730.0,4887470.0,84,2
Apartment,tier3,standard,3407.0,2,3,6814.0,4404268.0,8050841.0,12455108.0,325,2
School,tier2,basic,803.0,3,6,2409.0,1901621.0,1968011.0,3869632.0,91,2
Hospital,tier1,standard,2075.0,3,23,6225.0,9895468.0,13199020.0,23094488.0,124,3
Hospital,tier2,basic,1617.0,4,32,6468.0,7420178.0,7810004.0,15230181.0,77,2
Other,tier3,standard,421.0,4,6,1684.0,867487.0,1432614.0,2300102.0,51,1
Road,tier3,standard,121716.0,1,300,121716.0,14071961.0,41160396.0,55232356.0,43,43
Home,tier2,premium,4460.0,2,25,8920.0,8492101.0,14567109.0,23059210.0,72,2
Bridge,tier2,standard,1227.6,1,3,1227.6,3775819.0,6350855.0,10126675.0,222,2
Bridge,tier1,premium,4864.0,1,18,4864.0,31148005.0,65370379.0,96518385.0,180,5
Home,tier2,standard,795.0,3,7,2385.0,1500220.0,2933032.0,4433252.0,65,1
School,tier3,basic,5662.0,1,26,5662.0,2846991.0,3748593.0,6595585.0,58,2
Home,tier1,basic,3589.0,2,12,7178.0,5511453.0,8044509.0,13555961.0,90,1
Apartment,tier2,basic,3444.0,4,60,13776.0,7827514.0,14436056.0,22263570.0,58,3
Office,tier3,basic,882.0,3,13,2646.0,2144406.0,2028680.0,4173086.0,50,2
Home,tier2,basic,409.0,3,5,1227.0,785041.0,1002144.0,1787186.0,47,1
Home,tier2,standard,5596.0,1,25,5596.0,3969398.0,7065490.0,11034888.0,50,1
Office,tier2,standard,5691.0,4,59,22764.0,25074718.0,38591021.0,63665739.0,81,5
Office,tier1,standard,3449.0,2,16,6898.0,7077575.0,10243128.0,17320703.0,98,2
Home,tier1,basic,1143.0,4,17,4572.0,3560022.0,4574120.0,8134142.0,43,1
Office,tier1,standard,566.0,4,6,2264.0,2199962.0,3314610.0,5514573.0,88,2
Home,tier1,basic,5070.0,4,75,20280.0,16534686.0,22718126.0,39252812.0,43,3
Road,tier1,standard,65627.0,1,242,65627.0,13949112.0,25919796.0,39868908.0,35,25
Road,tier2,standard,97173.0,1,300,97173.0,11971997.0,40560923.0,52532920.0,29,46
Office,tier1,basic,468.0,3,5,1404.0,1261632.0,1687519.0,2949152.0,60,1
Office,tier3,basic,3581.0,2,29,7162.0,4043050.0,5797092.0,9840143.0,64,2
Home,tier1,premium,5317.0,4,68,21268.0,36845016.0,41328192.0,78173208.0,66,3
Home,tier2,standard,5080.0,3,42,15240.0,12079536.0,16585375.0,28664911.0,65,2
Office,tier3,standard,4495.0,3,58,13485.0,9606944.0,17096635.0,26703580.0,63,4
Apartment,tier1,basic,680.0,4,10,2720.0,1876610.0,3598351.0,5474961.0,48,2
Other,tier2,basic,4638.0,3,54,13914.0,7981865.0,12023347.0,20005212.0,49,2
Apartment,tier3,standard,4208.0,3,51,12624.0,8633558.0,12684247.0,21317805.0,59,3
Bridge,tier2,premium,25350.0,1,89,25350.0,121794742.0,227220283.0,349015026.0,228,17
Bridge,tier1,basic,2179.2,1,6,2179.2,6437721.0,13083962.0,19521683.0,191,2
Office,tier2,basic,5228.0,3,41,15684.0,11758582.0,13810288.0,25568869.0,75,4
Apartment,tier2,premium,4411.0,4,57,17644.0,19710281.0,33564226.0,53274507.0,75,5
Apartment,tier2,standard,4683.0,4,73,18732.0,13497103.0,25138901.0,38636004.0,72,5
Apartment,tier1,basic,1299.0,3,15,3897.0,2491822.0,4024258.0,6516080.0,61,2
Apartment,tier1,standard,5190.0,1,18,5190.0,4465564.0,7261875.0,11727439.0,60,2
Road,tier3,standard,34530.0,1,129,34530.0,4685230.0,10474607.0,15159837.0,31,14
Apartment,tier2,premium,1646.0,2,7,3292.0,3747824.0,6433358.0,10181182.0,121,2
Apartment,tier1,basic,1270.0,3,11,3810.0,2369881.0,5137584.0,7507465.0,73,2
Office,tier2,standard,1697.0,2,14,3394.0,2278843.0,4350568.0,6629412.0,66,2
Apartment,tier3,basic,3904.0,2,18,7808.0,4331098.0,6415394.0,10746492.0,79,3
Home,tier1,premium,5582.0,4,78,22328.0,39589823.0,55811504.0,95401327.0,72,3
Other,tier1,premium,5920.0,1,20,5920.0,6673882.0,12649507.0,19323389.0,75,2
Apartment,tier2,premium,1008.0,1,3,1008.0,988907.0,1787362.0,2776269.0,74,1
Home,tier2,premium,5832.0,3,72,17496.0,16829467.0,27810364.0,44639831.0,61,3
School,tier2,standard,1010.0,3,11,3030.0,3187911.0,3287242.0,6475153.0,80,2
Home,tier3,basic,4575.0,4,35,18300.0,8015279.0,14040630.0,22055909.0,79,3
Apartment,tier1,basic,1429.0,1,6,1429.0,975986.0,1518745.0,2494731.0,58,1
Apartment,tier2,basic,5017.0,4,55,20068.0,13222721.0,22450665.0,35673386.0,64,5
School,tier2,standard,2355.0,4,16,9420.0,10155143.0,12501579.0,22656722.0,105,2
Apartment,tier2,basic,5294.0,1,22,5294.0,2287683.0,4997557.0,7285240.0,56,3
Home,tier2,standard,3434.0,4,27,13736.0,12099178.0,15461735.0,27560913.0,91,3
Office,tier3,standard,3358.0,4,39,13432.0,8524137.0,17956627.0,26480763.0,83,4
Road,tier2,premium,60410.0,1,222,60410.0,11216446.0,29007001.0,40223448.0,37,27
Home,tier2,standard,1680.0,1,5,1680.0,1064616.0,1553113.0,2617729.0,56,1
Road,tier1,standard,25620.0,1,67,25620.0,5248493.0,11396350.0,16644843.0,32,12
Office,tier2,standard,4102.0,3,27,12306.0,13014400.0,17905333.0,30919733.0,96,4
Road,tier2,premium,21744.0,1,53,21744.0,4095676.0,10118887.0,14214562.0,51,10
Road,tier2,standard,138787.0,1,288,138787.0,17099027.0,45167813.0,62266840.0,37,48
Apartment,tier1,basic,2793.0,1,9,2793.0,1945028.0,3481627.0,5426655.0,71,2
Office,tier3,basic,5061.0,4,55,20244.0,11414444.0,16538580.0,27953024.0,78,4
Apartment,tier3,premium,2377.0,4,16,9508.0,7596185.0,13595370.0,21191555.0,98,3
Road,tier3,standard,6094.0,1,18,6094.0,552859.0,1823094.0,2375952.0,34,3
Office,tier3,premium,5771.0,2,30,11542.0,12557772.0,22554021.0,35111792.0,117,2
Bridge,tier1,standard,58371.2,1,213,58371.2,202207254.0,420099011.0,622306266.0,182,41
Road,tier2,standard,45792.0,1,172,45792.0,5344088.0,15211079.0,20555167.0,40,20
Office,tier2,standard,5123.0,2,50,10246.0,9388325.0,11832505.0,21220830.0,58,2
Bridge,tier3,premium,16058.0,1,66,16058.0,53851267.0,103773264.0,157624531.0,212,12
Home,tier1,premium,1022.0,3,6,3066.0,4120348.0,5172494.0,9292842.0,97,1
Road,tier1,standard,6975.0,1,6,6975.0,975282.0,3099930.0,4075211.0,86,5
School,tier2,basic,5859.0,1,9,5859.0,3086168.0,4469512.0,7555680.0,87,2
Road,tier1,basic,30932.0,1,85,30932.0,3138220.0,10226595.0,13364815.0,37,12
Apartment,tier2,standard,5722.0,1,8,5722.0,3715567.0,7442682.0,11158250.0,121,2
Office,tier1,premium,3089.0,2,16,6178.0,9656375.0,15598702.0,25255076.0,85,2
Other,tier2,premium,3809.0,4,51,15236.0,17473508.0,23442948.0,40916457.0,56,3
Apartment,tier3,standard,1170.0,3,9,3510.0,2507558.0,2831060.0,5338618.0,86,2
Other,tier2,basic,4387.0,1,16,4387.0,2028885.0,3334464.0,5363349.0,53,2
Apartment,tier1,standard,3589.0,2,19,7178.0,7059087.0,11194499.0,18253586.0,82,2
Home,tier1,premium,608.0,3,4,1824.0,2488530.0,4274034.0,6762564.0,88,1
Bridge,tier1,standard,13816.0,1,74,13816.0,48692652.0,102494405.0,151187057.0,175,8
Home,tier1,basic,2847.0,2,19,5694.0,3476678.0,5768229.0,9244907.0,43,1
Apartment,tier2,standard,5962.0,4,83,23848.0,18685259.0,31799643.0,50484901.0,84,5
School,tier2,standard,5353.0,1,23,5353.0,5022664.0,5304636.0,10327300.0,55,2
Office,tier1,standard,2754.0,4,48,11016.0,10028824.0,18670223.0,28699048.0,60,4
Apartment,tier1,premium,464.0,1,3,464.0,708649.0,938302.0,1646951.0,60,1
Home,tier3,premium,1220.0,3,17,3660.0,3706999.0,4997113.0,8704112.0,59,1
School,tier1,basic,2027.0,1,6,2027.0,1464143.0,1915540.0,3379683.0,60,2
Hospital,tier2,basic,2066.0,4,37,8264.0,8071557.0,9894550.0,17966107.0,100,4
Home,tier2,standard,2381.0,1,5,2381.0,1735470.0,2469032.0,4204501.0,75,1
School,tier1,basic,5748.0,2,34,11496.0,8362329.0,10547085.0,18909414.0,78,3
Apartment,tier3,standard,4180.0,3,45,12540.0,6990832.0,13103695.0,20094527.0,65,4
Home,tier1,basic,1469.0,1,6,1469.0,1194603.0,1440954.0,2635557.0,37,1
Bridge,tier2,basic,1568.0,1,4,1568.0,3689769.0,6375734.0,10065503.0,208,2
Office,tier2,premium,717.0,2,3,1434.0,2012157.0,2146350.0,4158507.0,109,1
Hospital,tier3,basic,765.0,2,6,1530.0,1538889.0,1593792.0,3132681.0,122,2
Home,tier2,premium,4009.0,2,25,8018.0,10368158.0,12048305.0,22416463.0,77,2
Apartment,tier3,basic,1618.0,4,19,6472.0,3248563.0,6016121.0,9264684.0,65,2
Apartment,tier2,basic,2849.0,2,30,5698.0,2884821.0,4859076.0,7743897.0,58,2
Home,tier2,basic,5022.0,4,60,20088.0,12587575.0,16526435.0,29114010.0,56,3
Office,tier2,basic,2576.0,1,7,2576.0,2139690.0,1913130.0,4052820.0,77,2
School,tier2,standard,1474.0,3,5,4422.0,4655301.0,5022414.0,9677715.0,135,2
Hospital,tier2,premium,5996.0,2,25,11992.0,30581064.0,31328876.0,61909940.0,173,5
Road,tier1,premium,69207.0,1,300,69207.0,17876294.0,42840335.0,60716629.0,36,23
Home,tier1,basic,4089.0,4,41,16356.0,12497019.0,21307325.0,33804345.0,67,3
Home,tier2,basic,1308.0,3,16,3924.0,3186947.0,3778331.0,6965278.0,36,1
Other,tier1,basic,1307.0,2,5,2614.0,2293691.0,2758150.0,5051841.0,80,1
Road,tier2,standard,11713.0,1,27,11713.0,1981841.0,3728897.0,5710738.0,40,5
Apartment,tier1,basic,5427.0,4,50,21708.0,18094435.0,29536469.0,47630904.0,85,6
Road,tier2,basic,72424.0,1,282,72424.0,9684548.0,16720647.0,26405195.0,25,32
Apartment,tier2,premium,5860.0,1,18,5860.0,7246394.0,8835005.0,16081400.0,96,2
Home,tier2,premium,2090.0,2,9,4180.0,4665714.0,7575613.0,12241327.0,99,1
Home,tier2,standard,5922.0,1,25,5922.0,3933360.0,7668128.0,11601488.0,46,1
Apartment,tier1,basic,3380.0,3,40,10140.0,7664644.0,12641642.0,20306286.0,63,3
Apartment,tier1,standard,4688.0,4,70,18752.0,18995149.0,29392668.0,48387817.0,68,5
Office,tier2,basic,433.0,2,3,866.0,420357.0,923157.0,1343514.0,67,1
Road,tier3,standard,100480.0,1,235,100480.0,10845685.0,25202807.0,36048493.0,37,42
Road,tier2,standard,114152.0,1,300,114152.0,16745385.0,38936904.0,55682289.0,35,52
Road,tier2,basic,77506.0,1,249,77506.0,8610246.0,19951885.0,28562130.0,30,30
Home,tier2,premium,5268.0,1,19,5268.0,5062640.0,9828625.0,14891266.0,63,1
Apartment,tier2,standard,1062.0,1,4,1062.0,617726.0,1105640.0,1723366.0,79,1
Office,tier2,standard,4024.0,2,18,8048.0,6696241.0,10978234.0,17674475.0,91,2
Hospital,tier2,basic,2482.0,2,28,4964.0,4618767.0,5952006.0,10570773.0,99,2
Home,tier1,standard,2859.0,1,9,2859.0,2675132.0,3720627.0,6395759.0,54,1
Home,tier1,basic,4381.0,1,15,4381.0,3432885.0,4880652.0,8313538.0,48,2
School,tier2,standard,1269.0,4,14,5076.0,5803685.0,6852002.0,12655687.0,75,2
Office,tier2,basic,2327.0,1,11,2327.0,1678877.0,2358387.0,4037264.0,53,1
School,tier3,basic,3500.0,2,33,7000.0,3810676.0,5513305.0,9323981.0,61,3
Home,tier2,standard,2416.0,1,8,2416.0,1739930.0,2526501.0,4266431.0,56,1
Apartment,tier1,standard,1739.0,3,8,5217.0,5163674.0,9690255.0,14853930.0,119,2
Hospital,tier3,standard,646.0,3,6,1938.0,2540028.0,3239341.0,5779369.0,132,2
Apartment,tier1,standard,3972.0,3,39,11916.0,13080048.0,22042931.0,35122979.0,70,3
Home,tier3,standard,747.0,2,4,1494.0,1078767.0,1402787.0,2481555.0,62,2
Office,tier1,standard,1215.0,1,3,1215.0,1437943.0,1764176.0,3202119.0,81,1
Road,tier2,basic,64113.0,1,97,64113.0,8021353.0,16655790.0,24677143.0,62,22
Bridge,tier2,basic,26444.0,1,134,26444.0,58838065.0,133138415.0,191976480.0,159,19
Office,tier1,standard,1084.0,1,5,1084.0,1281378.0,1450272.0,2731650.0,70,1
Home,tier1,basic,2208.0,4,30,8832.0,6338192.0,9814000.0,16152192.0,45,2
Road,tier1,standard,68952.0,1,178,68952.0,14702844.0,39275830.0,53978674.0,42,24
Office,tier2,standard,3211.0,3,36,9633.0,8880166.0,11898464.0,20778630.0,63,3
Road,tier2,basic,32396.0,1,116,32396.0,3561891.0,9094232.0,12656123.0,30,15
Home,tier3,standard,1306.0,2,7,2612.0,1542514.0,2380954.0,3923467.0,56,1
Office,tier1,standard,2193.0,3,25,6579.0,8142800.0,10106178.0,18248979.0,74,2
School,tier2,standard,1835.0,3,22,5505.0,4829457.0,5865180.0,10694637.0,56,2
Road,tier1,premium,48191.0,1,199,48191.0,10864145.0,27207084.0,38071229.0,38,20
Road,tier3,basic,11950.0,1,27,11950.0,1103134.0,2779340.0,3882474.0,39,7
Bridge,tier3,basic,59256.0,1,227,59256.0,145223436.0,211698893.0,356922328.0,149,32
Apartment,tier3,basic,2965.0,4,56,11860.0,7139699.0,11655502.0,18795201.0,50,4
Road,tier3,standard,141267.0,1,300,141267.0,16085197.0,41701739.0,57786935.0,47,64
School,tier2,basic,5998.0,1,35,5998.0,3502802.0,5634115.0,9136917.0,51,2
Other,tier2,premium,1938.0,3,18,5814.0,6171845.0,9097117.0,15268961.0,71,1
Bridge,tier2,basic,50560.0,1,67,50560.0,113830149.0,194253143.0,308083292.0,243,31
Apartment,tier3,standard,3260.0,1,8,3260.0,1966092.0,3609083.0,5575174.0,70,2
Apartment,tier2,standard,872.0,4,9,3488.0,2439062.0,4760102.0,7199164.0,70,2
Home,tier2,basic,5936.0,2,47,11872.0,6517327.0,7689448.0,14206775.0,51,1
Road,tier3,standard,91172.0,1,300,91172.0,12575559.0,28741633.0,41317191.0,40,34
Hospital,tier3,standard,4300.0,2,30,8600.0,10742819.0,9224545.0,19967364.0,114,3
Other,tier3,standard,2202.0,3,24,6606.0,4663138.0,5888393.0,10551531.0,58,2
Road,tier1,standard,51142.0,1,285,51142.0,7129072.0,24679560.0,31808631.0,28,17
Home,tier1,standard,5315.0,2,25,10630.0,11285476.0,13989464.0,25274940.0,82,2
School,tier2,standard,3640.0,4,47,14560.0,11722152.0,17223740.0,28945892.0,83,4
Home,tier2,standard,1577.0,1,4,1577.0,1252596.0,1982324.0,3234920.0,61,1
Apartment,tier2,standard,4230.0,2,17,8460.0,6277415.0,9146916.0,15424331.0,103,3
Bridge,tier1,standard,10867.2,1,11,10867.2,34291019.0,57936648.0,92227667.0,455,7
Hospital,tier3,basic,4284.0,2,42,8568.0,6833661.0,10338664.0,17172325.0,103,4
Apartment,tier1,standard,4116.0,1,10,4116.0,3657246.0,6915732.0,10572978.0,96,2
School,tier2,basic,2997.0,3,27,8991.0,4245874.0,8460469.0,12706343.0,70,2
School,tier3,premium,1452.0,1,6,1452.0,1881025.0,1696144.0,3577169.0,78,1
Apartment,tier2,basic,4425.0,2,17,8850.0,5239500.0,9222873.0,14462373.0,80,2
Apartment,tier2,standard,2669.0,3,19,8007.0,8898891.0,9677721.0,18576612.0,78,3
Apartment,tier1,basic,1691.0,3,17,5073.0,3953755.0,6307265.0,10261020.0,76,2
Home,tier1,basic,3157.0,4,36,12628.0,10520819.0,14973567.0,25494386.0,64,3
School,tier2,basic,525.0,4,4,2100.0,1752085.0,1978187.0,3730273.0,105,2
Office,tier2,standard,3322.0,1,13,3322.0,2945308.0,3935200.0,6880509.0,63,1
Apartment,tier1,basic,3464.0,2,19,6928.0,4505525.0,6876005.0,11381529.0,67,2
School,tier3,basic,2623.0,1,9,2623.0,1323657.0,1933314.0,3256971.0,65,1
Road,tier2,basic,41211.0,1,140,41211.0,5442356.0,11061531.0,16503887.0,38,20
Home,tier3,basic,3673.0,1,16,3673.0,2030381.0,2654250.0,4684632.0,41,1
Office,tier2,premium,2449.0,4,37,9796.0,12885305.0,20746068.0,33631373.0,73,3
Hospital,tier3,standard,4413.0,1,10,4413.0,4316499.0,5836242.0,10152741.0,166,3
Office,tier1,standard,1053.0,1,5,1053.0,968984.0,2274634.0,3243618.0,59,2
Home,tier1,standard,3234.0,4,36,12936.0,12934228.0,19626745.0,32560973.0,62,2
Apartment,tier3,standard,1186.0,1,3,1186.0,730697.0,1306776.0,2037473.0,93,1
Apartment,tier3,premium,3773.0,2,17,7546.0,6319459.0,9763193.0,16082652.0,104,2
Home,tier2,basic,499.0,3,3,1497.0,748016.0,1402281.0,2150298.0,77,1
Office,tier1,premium,5213.0,3,41,15639.0,31158866.0,39452241.0,70611107.0,71,5
Other,tier2,standard,575.0,4,9,2300.0,1516358.0,2212516.0,3728874.0,43,1
Hospital,tier3,standard,3187.0,2,11,6374.0,6943241.0,8697091.0,15640333.0,172,3
School,tier3,premium,4131.0,3,66,12393.0,13760477.0,20263353.0,34023830.0,73,3
Office,tier2,basic,2731.0,4,8,10924.0,7963907.0,13763787.0,21727695.0,182,3
Office,tier1,premium,1606.0,1,4,1606.0,2765100.0,3944357.0,6709457.0,96,1
Home,tier2,premium,1787.0,2,6,3574.0,4157570.0,7131730.0,11289300.0,116,1
Hospital,tier2,basic,5119.0,2,45,10238.0,12306302.0,11796997.0,24103299.0,95,4
Home,tier2,basic,1135.0,4,19,4540.0,2905073.0,4469973.0,7375046.0,38,2
Home,tier2,premium,4380.0,3,40,13140.0,15914518.0,17275867.0,33190385.0,76,2
Hospital,tier3,basic,2036.0,3,10,6108.0,4870114.0,5647779.0,10517893.0,168,3
Apartment,tier1,standard,467.0,1,3,467.0,367887.0,927639.0,1295526.0,54,1
Apartment,tier2,basic,2674.0,4,39,10696.0,6002812.0,10075623.0,16078434.0,56,4
Road,tier2,basic,52980.0,1,135,52980.0,5467261.0,12572088.0,18039348.0,43,18
Road,tier2,standard,104875.0,1,281,104875.0,10200025.0,28523611.0,38723636.0,38,29
Road,tier3,standard,54216.0,1,176,54216.0,6994434.0,17470937.0,24465370.0,41,19
Office,tier2,standard,1617.0,4,18,6468.0,5984810.0,7344641.0,13329451.0,61,2
Bridge,tier2,standard,6375.2,1,8,6375.2,22531441.0,30138788.0,52670229.0,340,5
Road,tier1,basic,60984.0,1,109,60984.0,8661742.0,21784162.0,30445904.0,54,25
School,tier2,standard,4187.0,1,8,4187.0,2817100.0,3707273.0,6524372.0,99,2
Apartment,tier1,basic,842.0,3,6,2526.0,2155438.0,3313108.0,5468546.0,61,2
Other,tier1,basic,1115.0,1,4,1115.0,603376.0,1026296.0,1629672.0,45,1
Home,tier2,basic,1286.0,3,13,3858.0,1912604.0,3578407.0,5491011.0,53,2
Road,tier2,standard,64119.0,1,300,64119.0,7216826.0,21172461.0,28389287.0,33,18
Home,tier3,basic,2227.0,2,8,4454.0,1910779.0,2675560.0,4586340.0,77,1
Road,tier2,basic,36575.0,1,135,36575.0,3380590.0,8787194.0,12167785.0,34,15
Office,tier3,standard,3031.0,3,22,9093.0,5713928.0,10216480.0,15930408.0,88,3
Home,tier2,basic,5999.0,2,68,11998.0,5403086.0,9297489.0,14700575.0,37,2
Apartment,tier2,premium,1413.0,1,5,1413.0,1615906.0,2877372.0,4493278.0,87,1
Road,tier3,standard,46254.0,1,124,46254.0,5147524.0,11894441.0,17041965.0,44,21
Apartment,tier2,basic,1027.0,4,15,4108.0,1776520.0,3471391.0,5247911.0,61,2
Home,tier3,premium,5876.0,2,42,11752.0,7413107.0,14000464.0,21413570.0,59,2
Home,tier2,standard,3568.0,2,21,7136.0,5094362.0,8779175.0,13873537.0,52,2
Road,tier1,premium,8426.0,1,34,8426.0,983273.0,5076173.0,6059446.0,37,5
Home,tier2,standard,2707.0,1,14,2707.0,1770944.0,3014835.0,4785779.0,42,1
Office,tier1,standard,4478.0,2,39,8956.0,10313234.0,18811511.0,29124745.0,64,2
Other,tier1,standard,2728.0,3,26,8184.0,7093183.0,11853699.0,18946882.0,61,2
Office,tier1,standard,778.0,3,13,2334.0,2742317.0,4025765.0,6768082.0,56,1
Home,tier1,standard,2124.0,3,25,6372.0,6494663.0,8033401.0,14528064.0,51,2
School,tier2,basic,5527.0,1,11,5527.0,3732113.0,4547289.0,8279402.0,77,2
Road,tier3,basic,5484.0,1,19,5484.0,509572.0,1132320.0,1641892.0,33,3
School,tier2,basic,3148.0,2,19,6296.0,4719297.0,5357004.0,10076301.0,76,2
Road,tier3,standard,65877.0,1,178,65877.0,9132168.0,22199692.0,31331860.0,49,27
Apartment,tier2,basic,550.0,3,6,1650.0,914881.0,1493521.0,2408402.0,60,1
Home,tier1,premium,1915.0,3,7,5745.0,6509555.0,11965374.0,18474928.0,133,2
Road,tier1,basic,129750.0,1,300,129750.0,19018526.0,38927961.0,57946488.0,35,58
Hospital,tier3,standard,3436.0,4,56,13744.0,16413763.0,23202059.0,39615822.0,109,6
Apartment,tier2,basic,2511.0,3,9,7533.0,4097922.0,6999319.0,11097242.0,142,2
Road,tier3,standard,61542.0,1,248,61542.0,6829708.0,18948696.0,25778404.0,34,25
School,tier2,premium,4950.0,3,57,14850.0,20529429.0,27906429.0,48435858.0,88,4
Home,tier2,standard,5473.0,2,55,10946.0,7839164.0,16942916.0,24782080.0,47,2
Home,tier3,standard,2179.0,1,12,2179.0,1571092.0,2070334.0,3641427.0,38,1
Home,tier3,standard,5062.0,3,84,15186.0,9583319.0,13108010.0,22691329.0,44,3
Hospital,tier1,basic,4888.0,1,15,4888.0,4461571.0,5557885.0,10019455.0,91,4
Office,tier3,standard,439.0,1,3,439.0,305573.0,489825.0,795399.0,48,1
Hospital,tier2,standard,5406.0,2,30,10812.0,12843664.0,16280062.0,29123726.0,126,6
Home,tier3,basic,1686.0,4,30,6744.0,3270611.0,4865286.0,8135897.0,46,2
Apartment,tier2,standard,4689.0,3,11,14067.0,9242733.0,16507117.0,25749849.0,222,3
Apartment,tier2,standard,5371.0,4,40,21484.0,15243513.0,27583122.0,42826635.0,99,6
Home,tier2,basic,3612.0,4,41,14448.0,8199855.0,12220942.0,20420797.0,53,3
Home,tier3,basic,2162.0,4,28,8648.0,3539160.0,7299527.0,10838687.0,53,2
Home,tier1,standard,5189.0,3,55,15567.0,13364973.0,21591237.0,34956209.0,58,2
Apartment,tier2,standard,3075.0,2,30,6150.0,4389881.0,6836811.0,11226692.0,64,2
Office,tier2,standard,4701.0,2,24,9402.0,7537059.0,13981293.0,21518352.0,78,4
Bridge,tier2,standard,26914.4,1,49,26914.4,104415715.0,137752086.0,242167802.0,272,13
Road,tier2,basic,14674.0,1,42,14674.0,1717671.0,3567331.0,5285002.0,31,8
Apartment,tier2,basic,3442.0,3,27,10326.0,6081190.0,9585619.0,15666809.0,69,4
Road,tier2,basic,40393.0,1,161,40393.0,4331015.0,8908937.0,13239952.0,24,13
Bridge,tier2,basic,2706.0,1,14,2706.0,6640221.0,14249679.0,20889900.0,136,2
Other,tier2,basic,4261.0,4,85,17044.0,10668166.0,18224872.0,28893038.0,47,3
Home,tier2,basic,1556.0,2,14,3112.0,1635876.0,3250899.0,4886775.0,50,1
Apartment,tier3,standard,3309.0,1,9,3309.0,1774157.0,2627073.0,4401230.0,87,2
Home,tier2,standard,962.0,2,6,1924.0,1262920.0,2084337.0,3347257.0,66,1
Road,tier1,basic,38036.0,1,146,38036.0,4193643.0,14134378.0,18328021.0,32,16
Apartment,tier2,standard,1338.0,2,7,2676.0,1818048.0,3049571.0,4867620.0,86,2
Hospital,tier1,basic,1792.0,1,5,1792.0,1795901.0,2578321.0,4374222.0,91,2
Hospital,tier1,standard,1225.0,2,9,2450.0,3476773.0,4181281.0,7658054.0,140,2
Office,tier3,premium,5535.0,3,29,16605.0,15397344.0,28922855.0,44320199.0,123,4
Road,tier2,standard,56136.0,1,259,56136.0,7677692.0,17053883.0,24731576.0,29,26
Road,tier2,basic,65142.0,1,187,65142.0,6103728.0,11740246.0,17843974.0,40,23
Bridge,tier3,basic,31923.6,1,127,31923.6,74583608.0,129668118.0,204251726.0,164,21
Road,tier1,standard,153408.0,1,300,153408.0,27183439.0,68696810.0,95880248.0,61,58
Office,tier1,basic,772.0,3,11,2316.0,1616885.0,2610290.0,4227174.0,49,1
Office,tier1,premium,2716.0,2,5,5432.0,8883028.0,14373461.0,23256489.0,233,3
Office,tier1,standard,860.0,2,8,1720.0,2027216.0,2705106.0,4732321.0,57,1
Road,tier2,basic,102322.0,1,300,102322.0,13151546.0,27954579.0,41106126.0,35,39
Home,tier3,standard,5721.0,3,63,17163.0,10102088.0,20058567.0,30160655.0,49,2
Apartment,tier2,standard,4691.0,4,74,18764.0,14009628.0,22331007.0,36340635.0,62,4
School,tier1,standard,1266.0,3,15,3798.0,4758734.0,6080490.0,10839224.0,75,1
Home,tier2,premium,4812.0,3,33,14436.0,16722231.0,26460504.0,43182736.0,93,3
Hospital,tier1,premium,1821.0,3,19,5463.0,16030789.0,16765976.0,32796765.0,137,3
Apartment,tier2,basic,2352.0,1,10,2352.0,1506042.0,2179859.0,3685900.0,49,2
Office,tier2,basic,3616.0,4,18,14464.0,11198712.0,19205722.0,30404434.0,102,4
Home,tier1,basic,2938.0,3,34,8814.0,7679665.0,9751156.0,17430820.0,43,2
Home,tier3,standard,1447.0,4,20,5788.0,4086582.0,4931209.0,9017791.0,54,2
Home,tier3,standard,3367.0,2,27,6734.0,4495457.0,6357235.0,10852692.0,51,2
Apartment,tier2,basic,1506.0,1,3,1506.0,710045.0,1210873.0,1920918.0,94,1
Other,tier2,premium,4421.0,3,33,13263.0,13528775.0,25683715.0,39212491.0,91,2
Home,tier2,basic,806.0,2,3,1612.0,795749.0,1263752.0,2059501.0,88,1
Hospital,tier1,premium,4936.0,1,8,4936.0,13155137.0,17484137.0,30639274.0,218,2
Home,tier1,premium,5892.0,4,101,23568.0,36365803.0,46113774.0,82479577.0,52,4
School,tier2,basic,4580.0,3,36,13740.0,9057368.0,12898452.0,21955820.0,81,3
Apartment,tier3,basic,3793.0,4,39,15172.0,8224860.0,11138194.0,19363054.0,79,5
Road,tier2,basic,49457.0,1,228,49457.0,4022662.0,12505429.0,16528091.0,29,25
Home,tier2,premium,3366.0,1,10,3366.0,3289944.0,5029393.0,8319337.0,81,2
School,tier2,standard,3268.0,2,29,6536.0,5842728.0,8000236.0,13842965.0,61,3
Other,tier2,premium,5376.0,4,45,21504.0,22283784.0,36392712.0,58676496.0,108,5
Office,tier1,standard,1114.0,3,10,3342.0,3770771.0,5215269.0,8986040.0,64,1
Home,tier2,standard,3728.0,4,34,14912.0,12820665.0,17748352.0,30569017.0,80,3
Home,tier3,premium,3479.0,4,55,13916.0,14132135.0,18130293.0,32262428.0,56,2
School,tier3,standard,1873.0,4,23,7492.0,4905853.0,9160851.0,14066704.0,77,2
School,tier3,standard,2712.0,2,23,5424.0,4818411.0,6410325.0,11228736.0,67,2
Apartment,tier1,standard,3044.0,1,11,3044.0,2675918.0,4139274.0,6815193.0,67,1
Apartment,tier2,basic,594.0,4,3,2376.0,1277895.0,2349909.0,3627804.0,118,1
Apartment,tier2,basic,3074.0,3,28,9222.0,4720410.0,7717000.0,12437410.0,64,3
Apartment,tier1,basic,1356.0,2,4,2712.0,2284261.0,2546400.0,4830661.0,116,1
Office,tier1,standard,2629.0,2,20,5258.0,4729044.0,10091385.0,14820429.0,69,2
School,tier3,standard,1958.0,4,31,7832.0,6119935.0,7814773.0,13934708.0,79,3
Office,tier2,standard,4620.0,2,38,9240.0,7720184.0,10085140.0,17805324.0,61,3
Office,tier2,basic,5777.0,4,74,23108.0,16939295.0,24731086.0,41670382.0,55,6
Apartment,tier1,standard,1014.0,1,3,1014.0,1009939.0,1510844.0,2520783.0,82,1
Hospital,tier2,premium,1838.0,2,13,3676.0,7703801.0,8691531.0,16395332.0,108,2
Other,tier1,standard,1291.0,1,5,1291.0,950199.0,1453242.0,2403441.0,61,1
Road,tier1,premium,50626.0,1,158,50626.0,17748903.0,32332205.0,50081108.0,45,14
Bridge,tier2,basic,44563.2,1,153,44563.2,91734372.0,194391840.0,286126212.0,155,29
Road,tier2,basic,30906.0,1,35,30906.0,2419544.0,7585433.0,10004977.0,55,13
Home,tier3,standard,798.0,3,8,2394.0,2020303.0,2300454.0,4320757.0,52,1
Office,tier2,basic,5277.0,4,68,21108.0,15897611.0,25743465.0,41641076.0,69,5
Bridge,tier1,standard,2196.4,1,4,2196.4,9194985.0,14735343.0,23930328.0,252,2
Home,tier1,standard,5505.0,3,65,16515.0,15217932.0,21231047.0,36448979.0,56,3
Apartment,tier2,basic,3176.0,2,18,6352.0,3579821.0,6202955.0,9782776.0,80,2
Home,tier1,premium,4133.0,1,15,4133.0,4269855.0,7417381.0,11687236.0,59,1
Home,tier1,basic,680.0,4,11,2720.0,2462136.0,3903962.0,6366097.0,50,1
Apartment,tier2,standard,3820.0,4,57,15280.0,12530969.0,16238298.0,28769267.0,77,4
Home,tier1,standard,3804.0,4,27,15216.0,15570754.0,23607409.0,39178163.0,96,3
Apartment,tier2,standard,4514.0,1,13,4514.0,3041508.0,5397232.0,8438741.0,84,2
Hospital,tier2,basic,4774.0,3,83,14322.0,14052912.0,15168721.0,29221633.0,84,6
Home,tier1,premium,400.0,2,4,800.0,1062266.0,1386293.0,2448559.0,62,1
Hospital,tier3,premium,2683.0,2,23,5366.0,9658378.0,11669250.0,21327628.0,107,3
School,tier2,standard,3117.0,2,23,6234.0,5311919.0,8066385.0,13378304.0,66,2
Apartment,tier2,standard,3090.0,1,7,3090.0,2199504.0,3262809.0,5462313.0,102,1
Apartment,tier1,standard,3475.0,3,33,10425.0,9262952.0,15746183.0,25009135.0,72,3
Hospital,tier2,standard,4323.0,3,37,12969.0,17861900.0,17831777.0,35693677.0,126,5
School,tier1,standard,3688.0,4,48,14752.0,18144235.0,26198614.0,44342849.0,63,4
Office,tier2,standard,1709.0,4,11,6836.0,8192714.0,9133291.0,17326005.0,108,2
Hospital,tier1,premium,4118.0,3,55,12354.0,30905139.0,39717852.0,70622991.0,144,5
Other,tier3,standard,3746.0,4,3,14984.0,8948059.0,15584378.0,24532437.0,621,3
School,tier1,basic,1519.0,2,13,3038.0,2673150.0,3591911.0,6265061.0,67,2
Hospital,tier3,premium,3933.0,1,17,3933.0,4847894.0,6486785.0,11334680.0,112,2
Road,tier3,basic,48217.0,1,292,48217.0,4096151.0,11064215.0,15160366.0,22,22
Apartment,tier2,basic,4906.0,2,30,9812.0,6969052.0,9048624.0,16017675.0,64,2
Other,tier2,premium,2594.0,2,14,5188.0,6056457.0,7485302.0,13541759.0,84,2
Home,tier2,basic,5390.0,2,37,10780.0,6276139.0,8865994.0,15142132.0,40,3
Office,tier3,basic,3404.0,4,54,13616.0,7656636.0,11204721.0,18861357.0,69,4
Bridge,tier2,standard,18706.8,1,60,18706.8,60541039.0,98233562.0,158774600.0,203,13
Road,tier2,premium,52866.0,1,103,52866.0,11465356.0,23403941.0,34869298.0,56,19
School,tier1,basic,1107.0,3,13,3321.0,3638979.0,3172367.0,6811346.0,57,2
Home,tier3,standard,1622.0,3,16,4866.0,2524473.0,5055230.0,7579703.0,55,2
Road,tier1,basic,21112.0,1,46,21112.0,1645373.0,6122724.0,7768097.0,46,6
School,tier1,standard,3237.0,1,5,3237.0,3965323.0,4772751.0,8738074.0,98,1
School,tier1,basic,4182.0,4,104,16728.0,17417878.0,19050359.0,36468236.0,52,5
School,tier2,basic,508.0,2,4,1016.0,590957.0,1042421.0,1633377.0,69,1
Hospital,tier3,premium,2476.0,1,10,2476.0,4141495.0,3602675.0,7744171.0,97,2
School,tier3,standard,2378.0,1,8,2378.0,1456280.0,2387315.0,3843595.0,68,1
Apartment,tier1,premium,5567.0,2,46,11134.0,14799576.0,26944726.0,41744301.0,62,3
School,tier2,premium,986.0,3,6,2958.0,3993929.0,5209007.0,9202936.0,98,1
Bridge,tier3,premium,65114.0,1,232,65114.0,197716124.0,474150293.0,671866417.0,211,41
School,tier2,standard,2462.0,4,36,9848.0,10977907.0,13614721.0,24592627.0,74,3
Home,tier1,basic,4736.0,4,40,18944.0,11845887.0,20486363.0,32332250.0,67,3
Office,tier2,premium,2029.0,2,13,4058.0,3678187.0,5293296.0,8971483.0,70,2
Bridge,tier2,standard,4888.0,1,14,4888.0,17691241.0,26684875.0,44376116.0,189,3
Apartment,tier3,basic,4204.0,3,31,12612.0,4938978.0,11618981.0,16557959.0,83,5
Hospital,tier2,standard,1391.0,4,15,5564.0,8282354.0,9032466.0,17314820.0,134,4
Home,tier1,basic,1228.0,1,3,1228.0,899218.0,1256296.0,2155514.0,56,1
School,tier2,standard,5542.0,3,76,16626.0,13018004.0,20579919.0,33597923.0,59,5
Office,tier1,standard,1669.0,3,26,5007.0,5433279.0,10073196.0,15506475.0,60,2
Hospital,tier3,standard,5900.0,1,13,5900.0,6095142.0,6028469.0,12123611.0,154,3
Apartment,tier2,basic,2350.0,3,33,7050.0,3457849.0,7268618.0,10726467.0,50,2
School,tier1,basic,1952.0,3,19,5856.0,4628387.0,6384980.0,11013367.0,69,2
School,tier2,premium,2944.0,1,10,2944.0,3979830.0,5417293.0,9397123.0,76,1
Office,tier1,standard,1953.0,4,14,7812.0,8483447.0,12375913.0,20859360.0,98,2
Road,tier1,standard,173043.0,1,300,173043.0,29347393.0,75214964.0,104562357.0,54,57
Apartment,tier2,standard,3817.0,2,30,7634.0,6697559.0,8442511.0,15140070.0,59,2
Hospital,tier3,premium,4561.0,1,10,4561.0,6960715.0,9087516.0,16048231.0,166,3
Bridge,tier3,standard,768.8,1,3,768.8,1863681.0,3588367.0,5452047.0,194,2
Road,tier2,standard,163410.0,1,300,163410.0,23960008.0,57345090.0,81305098.0,64,57
Home,tier1,basic,3733.0,1,3,3733.0,2475010.0,3842451.0,6317461.0,126,2
Home,tier2,premium,3125.0,2,23,6250.0,7128565.0,10334649.0,17463214.0,57,1
Home,tier2,standard,5824.0,3,71,17472.0,15695037.0,23254102.0,38949140.0,56,2
Road,tier1,standard,71262.0,1,268,71262.0,11388380.0,31864960.0,43253340.0,29,21
Apartment,tier3,basic,2062.0,3,27,6186.0,2808654.0,4410851.0,7219505.0,57,2
Bridge,tier3,standard,32665.6,1,92,32665.6,113907157.0,184989139.0,298896297.0,246,24
Office,tier1,standard,4559.0,1,25,4559.0,4856819.0,8282284.0,13139103.0,50,2
Home,tier3,standard,2694.0,4,25,10776.0,8598668.0,10811315.0,19409983.0,72,2
Office,tier2,standard,3339.0,1,10,3339.0,2463998.0,4419832.0,6883830.0,65,2
Apartment,tier1,standard,4876.0,2,29,9752.0,10136973.0,15607838.0,25744811.0,83,2
Road,tier2,basic,61516.0,1,218,61516.0,4308903.0,13280622.0,17589525.0,25,19
Apartment,tier1,premium,958.0,1,3,958.0,1228427.0,2580810.0,3809236.0,81,1
Apartment,tier1,basic,2709.0,2,17,5418.0,4161711.0,6722186.0,10883896.0,60,2
Home,tier3,standard,1628.0,4,17,6512.0,3948575.0,6865998.0,10814573.0,66,2
School,tier2,basic,3486.0,1,10,3486.0,2244130.0,3440283.0,5684413.0,85,1
Other,tier1,basic,5177.0,3,11,15531.0,11044035.0,17080170.0,28124205.0,177,2
Road,tier2,premium,143854.0,1,300,143854.0,23034410.0,66981896.0,90016306.0,56,65
Home,tier3,basic,4484.0,1,10,4484.0,2153614.0,3083839.0,5237452.0,70,2
Apartment,tier2,premium,3428.0,1,9,3428.0,3079849.0,6718468.0,9798317.0,98,1
Apartment,tier3,basic,5373.0,1,11,5373.0,2418310.0,4002627.0,6420937.0,101,2
Bridge,tier3,standard,28635.6,1,114,28635.6,81250231.0,133009413.0,214259644.0,187,20
School,tier2,basic,4644.0,3,38,13932.0,10661143.0,13714992.0,24376135.0,64,3
Office,tier2,standard,1054.0,2,3,2108.0,1699434.0,2962940.0,4662375.0,136,1
Apartment,tier2,premium,2066.0,3,23,6198.0,9045617.0,12656090.0,21701707.0,80,3
Road,tier3,standard,45118.0,1,111,45118.0,3515476.0,13690245.0,17205722.0,44,17
Home,tier2,standard,807.0,2,5,1614.0,1088538.0,2041463.0,3130001.0,48,1
Hospital,tier1,standard,3483.0,1,15,3483.0,5525868.0,5542543.0,11068411.0,106,2
Other,tier1,standard,3978.0,4,35,15912.0,14723805.0,25170882.0,39894687.0,76,4
Apartment,tier2,basic,2594.0,1,8,2594.0,1375270.0,1909263.0,3284533.0,65,1
Office,tier3,standard,4341.0,4,42,17364.0,15269346.0,19966920.0,35236266.0,94,5
Home,tier3,standard,825.0,1,4,825.0,590982.0,820293.0,1411275.0,38,1
Apartment,tier2,standard,1627.0,4,22,6508.0,5626964.0,8107600.0,13734564.0,94,2
Apartment,tier1,basic,2058.0,3,20,6174.0,3720944.0,6880573.0,10601518.0,60,2
Bridge,tier1,standard,50332.8,1,95,50332.8,210628630.0,409129954.0,619758584.0,279,26
School,tier3,premium,2852.0,4,48,11408.0,12976666.0,19215992.0,32192658.0,74,3
Road,tier2,standard,21440.0,1,93,21440.0,2855751.0,7347746.0,10203496.0,34,8
Road,tier3,standard,48543.0,1,118,48543.0,5386592.0,12502234.0,17888826.0,50,16
Home,tier1,premium,3118.0,3,33,9354.0,11528609.0,15866605.0,27395214.0,61,2
Home,tier2,basic,4635.0,3,56,13905.0,8754998.0,15853284.0,24608281.0,47,2
Office,tier3,standard,893.0,4,21,3572.0,2749337.0,3892326.0,6641663.0,50,1
Apartment,tier1,standard,730.0,1,3,730.0,506228.0,1055370.0,1561599.0,59,1
Home,tier1,standard,2611.0,4,35,10444.0,11394180.0,15389278.0,26783458.0,57,2
Office,tier2,premium,2236.0,4,28,8944.0,10762371.0,16267855.0,27030226.0,83,3
Bridge,tier2,standard,37918.4,1,122,37918.4,120959240.0,237306409.0,358265649.0,194,14
Office,tier3,basic,3152.0,2,27,6304.0,3497241.0,6417754.0,9914995.0,54,2
Home,tier3,standard,3129.0,1,7,3129.0,1546380.0,2734548.0,4280928.0,78,1
School,tier2,basic,5160.0,1,23,5160.0,3061357.0,4447412.0,7508769.0,63,2
Road,tier1,premium,40300.0,1,62,40300.0,10130801.0,26440783.0,36571583.0,61,18
School,tier2,basic,4747.0,2,39,9494.0,5906967.0,7037017.0,12943984.0,65,3
Apartment,tier3,standard,2852.0,2,25,5704.0,3359753.0,5306158.0,8665911.0,72,2
Home,tier2,standard,1610.0,1,7,1610.0,886433.0,1977731.0,2864164.0,43,1
Apartment,tier3,basic,598.0,2,4,1196.0,750227.0,1043117.0,1793344.0,67,1
Apartment,tier2,basic,682.0,1,3,682.0,357812.0,531159.0,888971.0,60,1
Apartment,tier1,standard,4966.0,4,57,19864.0,22049951.0,28606388.0,50656339.0,86,5
School,tier2,basic,1141.0,2,5,2282.0,1989089.0,2432181.0,4421271.0,91,1
School,tier2,premium,2722.0,2,20,5444.0,8243370.0,9396085.0,17639455.0,87,2
School,tier1,premium,3218.0,3,33,9654.0,14587505.0,16513717.0,31101221.0,82,4
Hospital,tier2,basic,3513.0,3,46,10539.0,10108979.0,13019112.0,23128091.0,89,4
Home,tier2,premium,903.0,1,3,903.0,924989.0,1569707.0,2494696.0,65,1
Other,tier1,basic,3331.0,1,12,3331.0,2344992.0,3731799.0,6076791.0,57,2
School,tier2,basic,1798.0,2,13,3596.0,2931298.0,3429099.0,6360398.0,59,2
Apartment,tier2,basic,2307.0,3,28,6921.0,4985327.0,6158502.0,11143829.0,63,2
Road,tier3,premium,29022.0,1,129,29022.0,6657211.0,11743118.0,18400329.0,37,9
Home,tier2,standard,2977.0,4,26,11908.0,9248130.0,11360117.0,20608247.0,82,2
Bridge,tier3,basic,35328.0,1,147,35328.0,73772104.0,114884494.0,188656598.0,173,19
Bridge,tier3,standard,55972.8,1,175,55972.8,137264555.0,235378639.0,372643195.0,196,35
Road,tier2,standard,37587.0,1,153,37587.0,5363502.0,14537465.0,19900967.0,31,15
Office,tier1,standard,3724.0,1,19,3724.0,4214399.0,5929268.0,10143667.0,66,2
Office,tier3,standard,4633.0,3,12,13899.0,9031107.0,17797504.0,26828611.0,221,4
Bridge,tier1,premium,19864.0,1,94,19864.0,96403422.0,277643567.0,374046989.0,204,9
Road,tier3,standard,25802.0,1,82,25802.0,3153480.0,7940280.0,11093760.0,38,9
Other,tier2,basic,1930.0,4,18,7720.0,5773271.0,6341114.0,12114385.0,62,3
Home,tier2,premium,442.0,4,5,1768.0,2311645.0,3173013.0,5484658.0,76,1
Office,tier2,basic,5377.0,3,34,16131.0,12117246.0,17388708.0,29505954.0,83,5
Office,tier2,standard,3352.0,1,13,3352.0,2349093.0,3956164.0,6305257.0,71,2
Bridge,tier3,standard,15060.0,1,32,15060.0,51008684.0,75424382.0,126433066.0,257,12
Road,tier1,basic,38247.0,1,181,38247.0,6217406.0,11808077.0,18025482.0,29,16
School,tier3,basic,1125.0,2,9,2250.0,1166205.0,1681543.0,2847748.0,61,1
Other,tier1,standard,3030.0,4,44,12120.0,12828001.0,17579249.0,30407250.0,41,3
Office,tier3,premium,2845.0,3,8,8535.0,11270911.0,15405510.0,26676421.0,235,3
Hospital,tier3,premium,5476.0,4,39,21904.0,40128798.0,42578867.0,82707665.0,199,8
Home,tier2,standard,4868.0,4,63,19472.0,14909352.0,20917402.0,35826755.0,64,4
Office,tier1,basic,4700.0,3,47,14100.0,10825378.0,16787810.0,27613187.0,62,4
Road,tier3,basic,118300.0,1,300,118300.0,11715948.0,19433111.0,31149059.0,43,49
Home,tier3,standard,3313.0,1,3,3313.0,1990108.0,2993315.0,4983423.0,150,2
School,tier2,standard,5890.0,2,29,11780.0,10135744.0,15688070.0,25823814.0,85,4
Hospital,tier2,standard,505.0,3,7,1515.0,2301378.0,3024484.0,5325863.0,103,2
Hospital,tier3,basic,4048.0,4,48,16192.0,10738752.0,18625293.0,29364045.0,100,4
Bridge,tier1,basic,30649.6,1,85,30649.6,98451895.0,169444336.0,267896230.0,200,20
School,tier2,standard,4553.0,4,26,18212.0,17092590.0,23247089.0,40339679.0,133,4
Road,tier2,standard,21651.0,1,99,21651.0,2378432.0,8005109.0,10383541.0,31,9
Home,tier1,standard,4323.0,4,48,17292.0,14487400.0,21927880.0,36415280.0,80,3
Home,tier3,basic,1801.0,4,33,7204.0,2790012.0,5421204.0,8211216.0,39,2
School,tier2,premium,5341.0,1,27,5341.0,7087903.0,11211676.0,18299579.0,55,2
Other,tier3,standard,5090.0,3,74,15270.0,10247465.0,15745095.0,25992560.0,40,3
Home,tier2,standard,3970.0,2,26,7940.0,6091235.0,9119398.0,15210633.0,59,1
School,tier2,standard,2777.0,4,31,11108.0,11027768.0,14654715.0,25682482.0,89,3
Apartment,tier2,standard,1250.0,4,13,5000.0,4301272.0,6976654.0,11277926.0,86,2
Apartment,tier2,standard,1541.0,1,9,1541.0,1157317.0,1639344.0,2796661.0,52,1
Bridge,tier3,standard,24806.4,1,77,24806.4,58782504.0,123260829.0,182043333.0,227,15
School,tier2,standard,4762.0,4,87,19048.0,13566631.0,25936952.0,39503583.0,62,5
Hospital,tier3,standard,5701.0,3,67,17103.0,23140386.0,21149708.0,44290094.0,96,8
Apartment,tier2,basic,3806.0,4,43,15224.0,7060948.0,14152906.0,21213855.0,80,5
Home,tier1,premium,5654.0,3,52,16962.0,21577060.0,33703424.0,55280484.0,76,2
Apartment,tier1,basic,1503.0,4,28,6012.0,4204835.0,8227305.0,12432140.0,57,2
Home,tier3,basic,4559.0,4,61,18236.0,9446569.0,12860362.0,22306931.0,60,2
Apartment,tier2,standard,3383.0,4,38,13532.0,9076069.0,14360891.0,23436960.0,80,5
Home,tier2,basic,1186.0,1,3,1186.0,538177.0,1002206.0,1540383.0,64,1
Home,tier2,premium,4289.0,4,64,17156.0,20973994.0,31203790.0,52177784.0,56,2
Home,tier2,standard,5459.0,2,30,10918.0,7551467.0,13024727.0,20576194.0,61,2
Road,tier2,basic,7232.0,1,29,7232.0,656730.0,1506856.0,2163586.0,28,5
Office,tier2,basic,1830.0,3,35,5490.0,4163814.0,6043293.0,10207107.0,51,2
Home,tier3,basic,2093.0,3,25,6279.0,2854602.0,4664886.0,7519488.0,44,2
Road,tier1,basic,3368.0,1,18,3368.0,413392.0,1153595.0,1566987.0,25,2
Road,tier2,basic,12103.0,1,30,12103.0,1188269.0,3624004.0,4812273.0,37,6
Apartment,tier1,basic,1614.0,3,20,4842.0,3587743.0,5526567.0,9114310.0,59,3
Apartment,tier3,basic,4248.0,3,61,12744.0,5078163.0,8285395.0,13363558.0,51,4
School,tier2,standard,4583.0,3,68,13749.0,13186153.0,21401961.0,34588114.0,59,4
Home,tier2,basic,494.0,3,7,1482.0,570997.0,1097145.0,1668142.0,38,1
Office,tier3,basic,2549.0,2,17,5098.0,2960743.0,3868166.0,6828910.0,64,2
Apartment,tier2,basic,1711.0,3,22,5133.0,2939315.0,5901291.0,8840606.0,58,2
Home,tier1,basic,4841.0,2,21,9682.0,6776135.0,8954973.0,15731108.0,69,2
Road,tier2,basic,40898.0,1,213,40898.0,3744885.0,10038856.0,13783741.0,27,17
Apartment,tier1,basic,3387.0,1,8,3387.0,2176268.0,3726075.0,5902343.0,96,1
Other,tier3,standard,1655.0,1,8,1655.0,985081.0,1363191.0,2348272.0,38,1
Road,tier2,premium,29175.0,1,133,29175.0,5328314.0,13230637.0,18558951.0,32,12
Hospital,tier3,basic,5790.0,3,79,17370.0,16178321.0,14887981.0,31066301.0,88,6
Road,tier3,basic,30405.0,1,175,30405.0,2586362.0,7717490.0,10303852.0,26,17
Apartment,tier3,standard,1311.0,3,18,3933.0,2516907.0,3918490.0,6435397.0,66,2
Home,tier2,standard,3112.0,1,6,3112.0,2363079.0,3519989.0,5883069.0,75,1
Home,tier1,basic,4590.0,4,74,18360.0,13156465.0,17954063.0,31110528.0,48,3
School,tier2,standard,2067.0,4,9,8268.0,8131036.0,12670942.0,20801978.0,163,3
Office,tier3,standard,5990.0,1,19,5990.0,4591196.0,7103488.0,11694684.0,75,2
Hospital,tier3,premium,3012.0,1,9,3012.0,5109082.0,5192183.0,10301265.0,139,2
Road,tier3,premium,70908.0,1,289,70908.0,12699854.0,31939684.0,44639538.0,38,36
Apartment,tier1,standard,5673.0,2,27,11346.0,13541501.0,18592888.0,32134388.0,88,4
Apartment,tier1,standard,3777.0,1,9,3777.0,3060675.0,5011025.0,8071699.0,98,2
Road,tier3,standard,48864.0,1,191,48864.0,4505805.0,13325605.0,17831410.0,33,22
Apartment,tier1,premium,991.0,3,14,2973.0,4230962.0,7133636.0,11364598.0,67,1
Office,tier2,standard,5889.0,2,39,11778.0,8528731.0,13761272.0,22290003.0,61,3
Road,tier2,basic,9369.0,1,57,9369.0,677324.0,2171978.0,2849302.0,24,4
Home,tier2,basic,5271.0,2,31,10542.0,5352338.0,7015959.0,12368296.0,50,2
Apartment,tier2,standard,5930.0,3,73,17790.0,14591498.0,22112472.0,36703971.0,58,6
Apartment,tier3,standard,4569.0,2,34,9138.0,5498638.0,6666685.0,12165323.0,66,2
Apartment,tier3,premium,5848.0,3,51,17544.0,16671165.0,25515128.0,42186293.0,91,6
Apartment,tier2,basic,5744.0,3,84,17232.0,6982837.0,10278674.0,17261511.0,48,5
Other,tier2,premium,2705.0,2,12,5410.0,5385816.0,9020942.0,14406758.0,89,2
Office,tier3,basic,3976.0,4,14,15904.0,9429884.0,15285045.0,24714929.0,155,4
Apartment,tier2,standard,4995.0,3,48,14985.0,9540505.0,20276817.0,29817322.0,70,5
School,tier2,standard,5706.0,1,17,5706.0,5615338.0,7145152.0,12760490.0,75,3
Road,tier2,basic,58960.0,1,270,58960.0,6052433.0,16861658.0,22914091.0,29,29
School,tier1,standard,4920.0,2,18,9840.0,9153036.0,14293007.0,23446043.0,99,3
Road,tier1,basic,129168.0,1,300,129168.0,9987216.0,43038211.0,53025428.0,42,45
Office,tier3,basic,2800.0,2,21,5600.0,3230883.0,5214160.0,8445043.0,60,2
Office,tier2,premium,5007.0,1,19,5007.0,6547442.0,9742888.0,16290329.0,81,2
Home,tier1,basic,1110.0,3,15,3330.0,2310979.0,3539978.0,5850957.0,47,1
Road,tier1,standard,161704.0,1,300,161704.0,20898210.0,59052775.0,79950986.0,50,60
Apartment,tier3,standard,4812.0,3,49,14436.0,8862661.0,18401630.0,27264291.0,67,3
School,tier2,basic,5881.0,3,68,17643.0,12457709.0,16048331.0,28506040.0,66,5
Bridge,tier2,premium,22374.0,1,72,22374.0,109856000.0,180432758.0,290288758.0,208,13
Road,tier1,standard,49878.0,1,88,49878.0,3752917.0,17677178.0,21430094.0,45,23
Road,tier3,standard,55560.0,1,159,55560.0,7761526.0,16114754.0,23876280.0,41,22
Office,tier3,premium,3259.0,3,30,9777.0,9843516.0,17067911.0,26911427.0,79,3
Apartment,tier2,standard,5853.0,4,63,23412.0,16895220.0,29603197.0,46498417.0,66,5
Home,tier2,premium,2557.0,4,30,10228.0,10464060.0,16566411.0,27030471.0,73,2
Hospital,tier2,basic,5350.0,1,19,5350.0,5669602.0,5689936.0,11359538.0,118,2
Apartment,tier3,basic,5697.0,4,69,22788.0,8672689.0,23254786.0,31927475.0,66,5
School,tier3,standard,4533.0,1,20,4533.0,3060566.0,4351057.0,7411624.0,61,2
Apartment,tier3,basic,798.0,1,3,798.0,408874.0,611766.0,1020639.0,65,1
Office,tier2,standard,5780.0,1,3,5780.0,4866933.0,5872409.0,10739341.0,274,2
Apartment,tier2,standard,3190.0,3,16,9570.0,8373741.0,9812890.0,18186631.0,114,3
Hospital,tier2,basic,2022.0,1,3,2022.0,1914117.0,2623489.0,4537606.0,190,1
Apartment,tier3,premium,3126.0,3,28,9378.0,9323616.0,13224167.0,22547783.0,96,3
Hospital,tier1,basic,2866.0,2,17,5732.0,8406715.0,9840014.0,18246729.0,120,4
Apartment,tier1,basic,2535.0,4,36,10140.0,8288458.0,12222645.0,20511103.0,53,3
Other,tier2,standard,4194.0,1,18,4194.0,2383346.0,3913681.0,6297027.0,52,2
Road,tier2,standard,39277.0,1,129,39277.0,4202904.0,11691989.0,15894893.0,34,16
Apartment,tier3,premium,3944.0,3,31,11832.0,11187776.0,20784858.0,31972633.0,103,3
Hospital,tier1,basic,1807.0,1,6,1807.0,1864091.0,2591289.0,4455380.0,94,1
Road,tier2,premium,61824.0,1,170,61824.0,14498117.0,32476173.0,46974289.0,50,27
Apartment,tier1,standard,5905.0,3,29,17715.0,18476645.0,24109375.0,42586020.0,107,5
Road,tier2,premium,78984.0,1,300,78984.0,16099242.0,40203850.0,56303092.0,39,44
School,tier3,basic,4924.0,2,38,9848.0,5015190.0,7544567.0,12559757.0,68,2
Home,tier2,standard,2195.0,1,11,2195.0,1603228.0,2448711.0,4051939.0,47,1
Office,tier2,standard,5094.0,2,19,10188.0,11279951.0,12478715.0,23758665.0,105,3
Apartment,tier1,standard,3387.0,1,5,3387.0,3044084.0,5015431.0,8059515.0,128,2
Road,tier2,basic,76950.0,1,172,76950.0,9451275.0,20081836.0,29533110.0,35,31
Road,tier3,standard,38200.0,1,145,38200.0,3611241.0,9326958.0,12938199.0,37,19
Office,tier3,standard,4106.0,2,36,8212.0,5711153.0,10090870.0,15802023.0,67,3
Road,tier1,standard,42367.0,1,155,42367.0,9675102.0,15803598.0,25478700.0,32,18
Apartment,tier2,standard,3228.0,1,11,3228.0,1909481.0,4062959.0,5972440.0,47,1
Apartment,tier1,basic,1293.0,2,11,2586.0,1530259.0,2097309.0,3627568.0,64,2
Home,tier1,premium,4193.0,1,12,4193.0,4104800.0,7292239.0,11397039.0,61,2
School,tier1,standard,3903.0,3,53,11709.0,12376488.0,19657191.0,32033680.0,66,3
Road,tier1,standard,64908.0,1,300,64908.0,11775790.0,28545747.0,40321537.0,27,25
School,tier1,premium,5748.0,1,12,5748.0,8715293.0,12974154.0,21689446.0,115,2
Road,tier3,standard,25740.0,1,78,25740.0,3232873.0,7261453.0,10494326.0,33,12
Road,tier1,basic,158925.0,1,272,158925.0,21969909.0,40974622.0,62944531.0,48,63
Road,tier3,standard,48739.0,1,108,48739.0,4183590.0,13657606.0,17841196.0,37,23
School,tier3,premium,1062.0,1,4,1062.0,924040.0,1141653.0,2065693.0,77,1
Bridge,tier2,basic,5860.8,1,8,5860.8,11133600.0,28919792.0,40053392.0,297,4
Road,tier2,standard,1482.0,1,4,1482.0,207224.0,639698.0,846922.0,43,2
Apartment,tier3,basic,2748.0,3,38,8244.0,4380463.0,6205882.0,10586345.0,54,3
Hospital,tier1,premium,1174.0,1,4,1174.0,2347693.0,3157407.0,5505100.0,137,1
Road,tier2,standard,37592.0,1,159,37592.0,4683327.0,13407057.0,18090384.0,30,17
Apartment,tier2,premium,3202.0,2,12,6404.0,5603749.0,12409028.0,18012776.0,131,3
Apartment,tier3,standard,5342.0,3,55,16026.0,9143992.0,13741277.0,22885269.0,74,5
Home,tier3,basic,575.0,1,3,575.0,276919.0,399664.0,676583.0,44,1
School,tier3,standard,624.0,4,6,2496.0,1867501.0,2770312.0,4637814.0,77,1
Office,tier2,premium,3381.0,1,9,3381.0,4040463.0,6079073.0,10119536.0,92,1
Hospital,tier2,basic,635.0,4,10,2540.0,3572636.0,3493348.0,7065984.0,106,2
Office,tier3,basic,3445.0,2,16,6890.0,3396442.0,6053701.0,9450143.0,93,2
Hospital,tier3,standard,4360.0,2,36,8720.0,9804277.0,15590620.0,25394898.0,130,4
Office,tier2,standard,3135.0,1,4,3135.0,2378546.0,3660412.0,6038958.0,116,2
Bridge,tier3,basic,6336.0,1,3,6336.0,12373223.0,18489923.0,30863146.0,646,5
Apartment,tier3,basic,970.0,4,14,3880.0,1835164.0,2937391.0,4772555.0,48,2
Road,tier2,basic,6300.0,1,14,6300.0,801719.0,1732381.0,2534100.0,49,4
Apartment,tier1,standard,1296.0,3,10,3888.0,3564378.0,5566503.0,9130882.0,88,2
Other,tier1,standard,3192.0,2,28,6384.0,4726092.0,7312380.0,12038472.0,51,2
Apartment,tier3,standard,2618.0,4,43,10472.0,6836013.0,12487966.0,19323979.0,63,4
Home,tier1,premium,3419.0,4,26,13676.0,16299988.0,31112155.0,47412143.0,102,3
Apartment,tier2,basic,1257.0,2,10,2514.0,1391566.0,2529270.0,3920836.0,67,1
Home,tier2,standard,2895.0,3,26,8685.0,6901903.0,8701987.0,15603891.0,55,2
Road,tier3,standard,4480.0,1,17,4480.0,419290.0,1239783.0,1659073.0,29,3
Apartment,tier3,standard,787.0,1,3,787.0,580065.0,901849.0,1481914.0,66,1
Hospital,tier3,standard,4808.0,3,23,14424.0,15386080.0,18287553.0,33673633.0,186,4
Bridge,tier2,standard,21952.0,1,55,21952.0,63473219.0,117588507.0,181061726.0,235,16
Road,tier1,premium,86595.0,1,45,86595.0,21642588.0,57173213.0,78815801.0,176,30
Apartment,tier2,basic,4961.0,4,70,19844.0,7652089.0,14887481.0,22539570.0,59,5
Hospital,tier1,basic,2904.0,3,33,8712.0,11296407.0,14966548.0,26262954.0,101,4
Road,tier2,standard,49863.0,1,125,49863.0,9238114.0,18976694.0,28214808.0,42,22
Apartment,tier3,standard,2556.0,4,33,10224.0,8724310.0,11099874.0,19824184.0,79,3
Office,tier2,basic,3883.0,3,26,11649.0,6577645.0,11010017.0,17587662.0,89,3
Home,tier2,premium,2300.0,4,44,9200.0,9315273.0,15298860.0,24614133.0,51,2
School,tier2,standard,3951.0,3,22,11853.0,9434232.0,16094397.0,25528629.0,95,3
Other,tier3,standard,5009.0,1,15,5009.0,3030473.0,4471834.0,7502307.0,56,2
Office,tier2,standard,5756.0,2,21,11512.0,11298414.0,17761283.0,29059696.0,115,3
Office,tier2,basic,2628.0,3,28,7884.0,5854870.0,9516163.0,15371033.0,59,3
Home,tier1,standard,5929.0,2,54,11858.0,12487954.0,14531987.0,27019942.0,44,3
Apartment,tier2,standard,1792.0,2,3,3584.0,2966296.0,3707185.0,6673482.0,204,2
Office,tier1,premium,5692.0,3,70,17076.0,23756670.0,40352749.0,64109419.0,82,5
Bridge,tier2,standard,12443.2,1,65,12443.2,39961603.0,79244592.0,119206195.0,140,8
Other,tier3,basic,3431.0,1,12,3431.0,1426021.0,2693870.0,4119892.0,53,1
Home,tier1,basic,4167.0,3,32,12501.0,7414441.0,15311790.0,22726231.0,59,2
School,tier2,basic,633.0,3,6,1899.0,1316579.0,1730945.0,3047524.0,69,1
Bridge,tier1,premium,13345.6,1,36,13345.6,96013639.0,167687914.0,263701553.0,264,9
Apartment,tier1,standard,1952.0,1,11,1952.0,2150142.0,2801102.0,4951244.0,62,1
Road,tier1,premium,20304.0,1,87,20304.0,3639764.0,10398374.0,14038137.0,33,8
Road,tier1,premium,64844.0,1,284,64844.0,20370529.0,35850396.0,56220925.0,37,23
Home,tier3,basic,982.0,2,11,1964.0,1044183.0,1335380.0,2379563.0,40,1
Hospital,tier3,standard,619.0,3,9,1857.0,2013916.0,2587701.0,4601618.0,105,1
Apartment,tier2,standard,532.0,2,3,1064.0,957518.0,1398842.0,2356360.0,91,1
Home,tier2,basic,607.0,1,3,607.0,318468.0,473958.0,792426.0,39,1
Road,tier3,standard,48400.0,1,295,48400.0,5132190.0,12670561.0,17802751.0,28,22
Apartment,tier3,standard,2214.0,4,22,8856.0,6232126.0,8449693.0,14681818.0,89,2
Home,tier2,premium,1567.0,4,20,6268.0,9313164.0,9983368.0,19296532.0,77,2
Office,tier1,basic,2569.0,3,17,7707.0,5221185.0,8814385.0,14035570.0,85,3
School,tier2,premium,2849.0,2,7,5698.0,6944639.0,9314816.0,16259455.0,160,2
Office,tier3,premium,3652.0,3,25,10956.0,12717912.0,20194482.0,32912393.0,112,4
Office,tier1,premium,3188.0,1,7,3188.0,4217991.0,6265640.0,10483630.0,100,2
Road,tier2,basic,28134.0,1,73,28134.0,2569464.0,6508204.0,9077667.0,35,15
Home,tier2,basic,2494.0,1,10,2494.0,1100185.0,1695994.0,2796178.0,43,1
Bridge,tier2,standard,14899.2,1,49,14899.2,43668752.0,78415328.0,122084079.0,179,9
Hospital,tier2,basic,2707.0,3,37,8121.0,8016727.0,9277792.0,17294519.0,71,3
School,tier2,basic,669.0,3,7,2007.0,1447244.0,1697564.0,3144808.0,62,1
Home,tier3,standard,4595.0,1,16,4595.0,1920226.0,4465632.0,6385858.0,55,1
Apartment,tier3,basic,3424.0,2,20,6848.0,2805021.0,5451810.0,8256831.0,77,2
Home,tier1,standard,2632.0,1,15,2632.0,2213073.0,4289090.0,6502163.0,38,1
Apartment,tier3,premium,2404.0,3,20,7212.0,6148309.0,12526032.0,18674341.0,90,3
Road,tier3,standard,142507.0,1,300,142507.0,20542849.0,50010091.0,70552941.0,46,52
Apartment,tier2,premium,5446.0,1,11,5446.0,5419439.0,8574525.0,13993964.0,127,2
Office,tier2,standard,2630.0,3,24,7890.0,6771042.0,10161420.0,16932462.0,75,2
Home,tier3,basic,2816.0,4,64,11264.0,6012385.0,8490426.0,14502811.0,40,2
Road,tier2,basic,49692.0,1,205,49692.0,4155379.0,12813396.0,16968774.0,31,26
Home,tier1,standard,2202.0,4,15,8808.0,9446924.0,12393739.0,21840664.0,98,2
Office,tier2,basic,4595.0,2,20,9190.0,5359897.0,6748101.0,12107998.0,77,3
Hospital,tier1,premium,4453.0,2,46,8906.0,22606481.0,22439288.0,45045769.0,127,5
Apartment,tier2,premium,4910.0,3,51,14730.0,18560744.0,28672329.0,47233072.0,66,4
Home,tier1,basic,3162.0,2,19,6324.0,5507333.0,7640585.0,13147918.0,60,1
Apartment,tier2,basic,5440.0,2,26,10880.0,7435893.0,10935567.0,18371460.0,84,3
Apartment,tier2,standard,3508.0,1,10,3508.0,2542049.0,4207052.0,6749101.0,90,1
Apartment,tier3,standard,1131.0,1,6,1131.0,816773.0,1097684.0,1914457.0,56,1
Hospital,tier2,basic,1251.0,4,13,5004.0,5041838.0,6953714.0,11995552.0,119,3
Hospital,tier3,basic,3178.0,1,8,3178.0,2646361.0,2711931.0,5358292.0,113,2
Bridge,tier3,basic,28563.6,1,115,28563.6,58807651.0,89357007.0,148164658.0,143,14
School,tier1,standard,1000.0,4,8,4000.0,5047801.0,6276549.0,11324350.0,96,2
Apartment,tier2,basic,659.0,4,6,2636.0,1582573.0,2522431.0,4105004.0,76,2
Home,tier1,standard,3863.0,1,13,3863.0,3444202.0,5977037.0,9421239.0,53,1
Office,tier3,basic,4627.0,4,62,18508.0,8406853.0,12454565.0,20861417.0,57,6
Home,tier2,standard,1632.0,3,12,4896.0,4301184.0,4964875.0,9266058.0,78,2
Apartment,tier1,standard,1775.0,2,14,3550.0,3526238.0,6255315.0,9781553.0,61,2
Road,tier1,basic,55185.0,1,198,55185.0,6862090.0,19402533.0,26264623.0,32,24
Hospital,tier2,premium,1074.0,4,4,4296.0,8223789.0,9154776.0,17378565.0,324,3
Apartment,tier3,standard,5091.0,3,65,15273.0,8559547.0,14378086.0,22937632.0,66,5
Other,tier3,premium,3701.0,2,20,7402.0,5474254.0,10503534.0,15977789.0,76,1
Home,tier1,standard,2424.0,2,21,4848.0,5291399.0,6884837.0,12176236.0,53,1
Apartment,tier2,standard,3644.0,2,42,7288.0,5148226.0,9923568.0,15071794.0,58,2
Apartment,tier2,basic,1312.0,2,9,2624.0,1289435.0,2625323.0,3914758.0,73,1
Home,tier2,standard,2168.0,4,22,8672.0,7213319.0,11142738.0,18356058.0,65,2
Apartment,tier1,standard,3378.0,1,17,3378.0,3531681.0,4697623.0,8229304.0,53,2
Road,tier2,standard,5144.0,1,12,5144.0,595976.0,2021130.0,2617106.0,42,3
School,tier3,basic,5125.0,3,85,15375.0,8794900.0,14146700.0,22941600.0,55,4
Bridge,tier2,basic,22264.0,1,62,22264.0,47108890.0,96487491.0,143596381.0,202,14
Office,tier2,basic,2277.0,3,18,6831.0,4218866.0,6273332.0,10492198.0,68,2
Home,tier2,basic,5587.0,3,102,16761.0,9187846.0,16788192.0,25976038.0,38,3
Home,tier2,standard,1120.0,3,13,3360.0,2665137.0,3475694.0,6140831.0,51,1
Home,tier2,premium,2083.0,3,33,6249.0,5140036.0,8914719.0,14054755.0,48,1
School,tier1,basic,2807.0,2,19,5614.0,5389100.0,7060662.0,12449761.0,66,2
Road,tier1,basic,56525.0,1,182,56525.0,9052116.0,17030336.0,26082451.0,37,26
Office,tier3,basic,4174.0,4,3,16696.0,11099664.0,14116291.0,25215955.0,713,4
Hospital,tier3,basic,2715.0,2,25,5430.0,4271749.0,5574554.0,9846303.0,107,3
Hospital,tier2,standard,5679.0,2,43,11358.0,15734996.0,19936187.0,35671184.0,117,4
Bridge,tier1,basic,53244.0,1,171,53244.0,130116176.0,261481930.0,391598106.0,210,34
Apartment,tier1,premium,3925.0,1,16,3925.0,5336700.0,8184815.0,13521515.0,80,2
Road,tier1,premium,13600.0,1,46,13600.0,3303784.0,8862206.0,12165991.0,34,7
Apartment,tier3,standard,1280.0,1,3,1280.0,774251.0,1406853.0,2181104.0,98,2
Home,tier3,premium,1629.0,2,12,3258.0,1895573.0,4307167.0,6202740.0,65,1
Hospital,tier2,standard,406.0,1,3,406.0,560829.0,643480.0,1204309.0,92,1
Other,tier3,premium,5268.0,1,22,5268.0,3796774.0,6778887.0,10575661.0,49,2
Apartment,tier1,basic,3898.0,2,23,7796.0,4758249.0,8677959.0,13436208.0,61,2
School,tier2,premium,5159.0,3,43,15477.0,16822033.0,23703798.0,40525832.0,90,4
School,tier1,basic,2262.0,2,12,4524.0,5069603.0,5669854.0,10739458.0,62,2
Road,tier2,standard,39025.0,1,90,39025.0,4149687.0,14342263.0,18491951.0,47,13
Hospital,tier3,premium,2236.0,4,24,8944.0,15377216.0,19567309.0,34944525.0,155,2
Apartment,tier3,standard,501.0,1,3,501.0,292237.0,431774.0,724010.0,64,1
Other,tier1,basic,2099.0,3,15,6297.0,3960199.0,5135846.0,9096045.0,67,2
Road,tier1,basic,82966.0,1,163,82966.0,10883775.0,29492315.0,40376090.0,47,32
Home,tier2,basic,1598.0,1,7,1598.0,816434.0,1049636.0,1866070.0,47,1
School,tier1,standard,3977.0,4,50,15908.0,21993315.0,27681244.0,49674559.0,75,4
Home,tier2,standard,5788.0,3,73,17364.0,16719379.0,22745212.0,39464591.0,50,3
Office,tier2,standard,1743.0,2,11,3486.0,2782802.0,4206472.0,6989274.0,72,2
Office,tier1,premium,5902.0,1,16,5902.0,8056654.0,13371735.0,21428389.0,70,2
Hospital,tier1,basic,4670.0,2,12,9340.0,8755443.0,10166745.0,18922188.0,214,4
Home,tier1,premium,1073.0,4,9,4292.0,5219025.0,7556942.0,12775967.0,105,1
Home,tier3,standard,432.0,3,3,1296.0,892531.0,1363218.0,2255748.0,80,1
Home,tier2,standard,1032.0,1,4,1032.0,898852.0,1191787.0,2090639.0,53,2
Apartment,tier2,standard,4408.0,2,28,8816.0,6448296.0,9533029.0,15981325.0,74,3
Hospital,tier2,premium,4156.0,1,9,4156.0,7409811.0,8399705.0,15809516.0,156,3
Home,tier2,basic,5363.0,1,3,5363.0,2367884.0,3727381.0,6095265.0,184,1
Home,tier1,standard,3341.0,1,13,3341.0,2237989.0,4429669.0,6667658.0,49,1
School,tier1,premium,650.0,4,11,2600.0,5543195.0,6255161.0,11798356.0,73,1
Office,tier2,standard,5999.0,1,27,5999.0,5071146.0,7917334.0,12988480.0,62,2
School,tier2,basic,5257.0,1,12,5257.0,2776784.0,3693164.0,6469948.0,77,3
Road,tier1,standard,63112.0,1,286,63112.0,11475191.0,28537153.0,40012344.0,26,32
Apartment,tier2,standard,5540.0,4,89,22160.0,22995116.0,34561721.0,57556837.0,61,5
Office,tier3,basic,1964.0,3,23,5892.0,2872899.0,5234615.0,8107514.0,58,2
Hospital,tier1,standard,3400.0,4,36,13600.0,26855645.0,22237542.0,49093187.0,114,5
Home,tier1,premium,3380.0,1,11,3380.0,5197499.0,6471106.0,11668605.0,69,1
Other,tier2,standard,1993.0,1,11,1993.0,1329045.0,2400043.0,3729088.0,50,1
Other,tier1,basic,5978.0,2,63,11956.0,7542452.0,13799682.0,21342134.0,37,3
Hospital,tier2,standard,3551.0,4,47,14204.0,16153434.0,26400175.0,42553609.0,146,6
Road,tier2,standard,9716.0,1,35,9716.0,1196122.0,3271443.0,4467564.0,31,5
Office,tier2,standard,2139.0,3,5,6417.0,4542944.0,7389815.0,11932759.0,197,2
Apartment,tier2,standard,3174.0,1,15,3174.0,2403964.0,2885011.0,5288975.0,63,1
Hospital,tier2,standard,5625.0,4,95,22500.0,32448269.0,39677812.0,72126081.0,107,7
Office,tier3,premium,1403.0,1,5,1403.0,1297947.0,2139252.0,3437199.0,64,1
Road,tier1,standard,57402.0,1,151,57402.0,10569916.0,24719984.0,35289900.0,41,24
Road,tier2,premium,55566.0,1,190,55566.0,10709540.0,27041553.0,37751093.0,40,25
Apartment,tier2,standard,4872.0,2,49,9744.0,6376119.0,12903824.0,19279943.0,57,3
Hospital,tier2,basic,4608.0,4,69,18432.0,16787342.0,26067049.0,42854391.0,106,6
School,tier1,standard,3815.0,3,73,11445.0,13488443.0,19411184.0,32899628.0,57,3
School,tier2,basic,437.0,2,4,874.0,621252.0,850791.0,1472043.0,53,1
Office,tier2,standard,2015.0,3,14,6045.0,5028557.0,8531240.0,13559797.0,92,2
Road,tier1,basic,93024.0,1,265,93024.0,12087543.0,28918159.0,41005702.0,33,40
Home,tier2,standard,3200.0,3,24,9600.0,6599907.0,11823349.0,18423256.0,81,2
Apartment,tier3,standard,2410.0,3,31,7230.0,4617172.0,6897090.0,11514262.0,70,3
Road,tier2,standard,162468.0,1,300,162468.0,21613934.0,64841877.0,86455810.0,46,81
Road,tier1,standard,12628.0,1,67,12628.0,2007891.0,5143039.0,7150930.0,31,6
Office,tier3,basic,2544.0,4,30,10176.0,6292005.0,8520901.0,14812906.0,71,3
Office,tier1,basic,2664.0,3,31,7992.0,6606779.0,10525534.0,17132313.0,62,3
School,tier3,standard,2311.0,2,22,4622.0,3653073.0,4731463.0,8384535.0,60,2
Office,tier2,premium,3231.0,2,33,6462.0,7533513.0,13379615.0,20913128.0,60,3
Home,tier1,premium,5756.0,4,44,23024.0,36003587.0,45865023.0,81868611.0,99,3
Apartment,tier3,premium,5984.0,4,97,23936.0,26759391.0,45365835.0,72125226.0,67,6
Road,tier2,basic,21208.0,1,41,21208.0,2379117.0,5313236.0,7692354.0,36,11
Road,tier2,basic,13838.0,1,36,13838.0,1126487.0,3730014.0,4856502.0,34,8
Road,tier2,standard,133476.0,1,241,133476.0,19003081.0,56582059.0,75585140.0,49,63
Apartment,tier2,standard,3622.0,3,28,10866.0,7778061.0,12594474.0,20372535.0,76,4
Office,tier2,standard,1398.0,1,3,1398.0,1387211.0,2075522.0,3462733.0,97,1
Apartment,tier3,standard,3476.0,2,14,6952.0,2907935.0,6393766.0,9301701.0,103,2
Apartment,tier1,standard,4833.0,4,44,19332.0,17025973.0,31670355.0,48696328.0,87,5
Hospital,tier2,standard,2660.0,1,10,2660.0,2979545.0,3224848.0,6204393.0,110,3
Road,tier2,premium,32720.0,1,110,32720.0,4772450.0,14898688.0,19671138.0,41,14
Hospital,tier2,basic,4738.0,2,13,9476.0,10172563.0,11356223.0,21528785.0,171,3
Road,tier2,premium,108775.0,1,300,108775.0,21326765.0,56542249.0,77869014.0,34,63
Road,tier2,standard,1624.0,1,4,1624.0,266433.0,465667.0,732100.0,47,2
Bridge,tier3,basic,13632.0,1,24,13632.0,28880886.0,62110488.0,90991374.0,248,8
Office,tier2,premium,1037.0,3,12,3111.0,4816677.0,6469228.0,11285905.0,75,1
Home,tier1,premium,2070.0,1,7,2070.0,2743209.0,3975329.0,6718538.0,67,1
Road,tier2,standard,91675.0,1,219,91675.0,12101375.0,23944127.0,36045502.0,37,42
Home,tier1,basic,4081.0,1,15,4081.0,2964356.0,4582669.0,7547025.0,46,2
Road,tier1,basic,93104.0,1,237,93104.0,11052476.0,28822025.0,39874501.0,37,44
School,tier1,standard,2416.0,1,7,2416.0,2927818.0,3288682.0,6216500.0,77,1
Apartment,tier2,basic,5929.0,4,120,23716.0,15270022.0,25052716.0,40322738.0,48,5
Home,tier3,basic,1918.0,2,13,3836.0,1795614.0,2577455.0,4373070.0,53,1
School,tier2,standard,5323.0,4,86,21292.0,19692195.0,33380456.0,53072651.0,70,6
Road,tier1,basic,25400.0,1,69,25400.0,3390569.0,7605655.0,10996225.0,34,11
Home,tier3,standard,4279.0,1,15,4279.0,2627654.0,4271967.0,6899621.0,61,1
Office,tier1,standard,5734.0,1,14,5734.0,7427524.0,8760882.0,16188407.0,89,2
Home,tier3,basic,1822.0,4,17,7288.0,4001400.0,6082769.0,10084169.0,68,1
Office,tier2,standard,1082.0,1,3,1082.0,1029239.0,1639280.0,2668520.0,74,1
Office,tier1,basic,4838.0,1,12,4838.0,3354219.0,5387480.0,8741700.0,74,2
Road,tier2,basic,11616.0,1,53,11616.0,1055869.0,2652167.0,3708036.0,30,6
Bridge,tier2,standard,11366.4,1,46,11366.4,27794945.0,71214858.0,99009803.0,147,6
Home,tier3,standard,5509.0,1,4,5509.0,4556244.0,6437932.0,10994176.0,166,2
Home,tier1,basic,4418.0,3,71,13254.0,10342136.0,16821781.0,27163916.0,38,3
Home,tier3,standard,3430.0,3,42,10290.0,6568096.0,9350967.0,15919063.0,51,2
Bridge,tier3,standard,19015.2,1,89,19015.2,53848976.0,86559364.0,140408341.0,160,12
Office,tier3,standard,5799.0,3,55,17397.0,14846970.0,18330198.0,33177168.0,76,5
Bridge,tier3,basic,9816.0,1,16,9816.0,22366068.0,35490721.0,57856789.0,270,6
Office,tier1,standard,3748.0,1,7,3748.0,3934657.0,6534660.0,10469317.0,102,2
Home,tier2,standard,552.0,2,6,1104.0,762249.0,1434957.0,2197206.0,42,1
Apartment,tier3,basic,4166.0,1,6,4166.0,2011086.0,3638839.0,5649925.0,124,2
Home,tier2,standard,5077.0,4,33,20308.0,20042791.0,28439913.0,48482704.0,109,3
Home,tier1,standard,4831.0,3,41,14493.0,14635559.0,19790386.0,34425945.0,62,3
Home,tier1,basic,2510.0,4,17,10040.0,7208170.0,11113181.0,18321351.0,86,2
Other,tier1,standard,1518.0,4,24,6072.0,6067631.0,7670819.0,13738450.0,50,1
School,tier3,standard,2882.0,1,12,2882.0,1832379.0,2931387.0,4763767.0,57,2
School,tier2,basic,3537.0,2,27,7074.0,4614472.0,6773087.0,11387559.0,52,1
Other,tier2,premium,1906.0,4,20,7624.0,9689497.0,12396838.0,22086336.0,89,3
Home,tier3,standard,3839.0,3,42,11517.0,7524726.0,14584380.0,22109106.0,59,2
Other,tier1,standard,5577.0,3,91,16731.0,15843289.0,19501694.0,35344983.0,45,3
Office,tier3,premium,1072.0,4,7,4288.0,5055120.0,7648432.0,12703552.0,145,2
School,tier1,premium,1779.0,3,25,5337.0,7331114.0,11629528.0,18960642.0,63,2
Road,tier1,standard,66744.0,1,285,66744.0,10443059.0,31224710.0,41667769.0,33,33
Road,tier1,standard,37642.0,1,121,37642.0,8729493.0,19891813.0,28621306.0,37,17
Apartment,tier2,basic,4715.0,2,33,9430.0,5438997.0,8278815.0,13717813.0,62,3
Home,tier2,basic,740.0,4,11,2960.0,2409602.0,3088891.0,5498492.0,37,1
Other,tier2,premium,627.0,4,6,2508.0,2449060.0,3810542.0,6259602.0,73,1
Road,tier1,standard,18880.0,1,27,18880.0,2671350.0,8135237.0,10806587.0,72,9
School,tier1,premium,2715.0,3,36,8145.0,15144371.0,15365618.0,30509989.0,82,2
Other,tier2,basic,4350.0,1,8,4350.0,2131816.0,3511414.0,5643230.0,67,1
Home,tier1,basic,1216.0,3,8,3648.0,2721777.0,3763624.0,6485401.0,55,2
Apartment,tier3,basic,4789.0,4,52,19156.0,10589783.0,17007940.0,27597723.0,84,5
School,tier3,standard,1384.0,3,15,4152.0,2533757.0,2943533.0,5477291.0,69,2
Hospital,tier2,basic,5713.0,4,63,22852.0,22708366.0,25123732.0,47832098.0,113,8
Home,tier2,basic,3270.0,2,16,6540.0,3481477.0,7387708.0,10869185.0,56,2
Bridge,tier2,premium,8414.4,1,37,8414.4,34299750.0,60051480.0,94351230.0,162,5
Hospital,tier2,standard,565.0,4,7,2260.0,3037319.0,3705753.0,6743071.0,141,2
Road,tier3,standard,99627.0,1,239,99627.0,13657078.0,29480413.0,43137491.0,44,41
Home,tier3,basic,2779.0,1,11,2779.0,941800.0,2232599.0,3174399.0,38,1
Office,tier2,standard,3212.0,3,33,9636.0,7555564.0,12256391.0,19811955.0,64,3
Apartment,tier2,standard,543.0,2,4,1086.0,849576.0,1381101.0,2230677.0,80,1
Home,tier3,basic,3877.0,2,30,7754.0,3624181.0,6354691.0,9978871.0,49,2
Hospital,tier1,standard,5583.0,1,18,5583.0,8007405.0,10366593.0,18373998.0,105,3
Other,tier2,premium,5973.0,1,26,5973.0,6234800.0,9088477.0,15323276.0,52,1
Home,tier2,basic,5344.0,3,27,16032.0,10189726.0,14961924.0,25151650.0,82,2
Home,tier2,premium,4418.0,3,63,13254.0,18930675.0,22083044.0,41013719.0,58,2
Hospital,tier2,basic,1585.0,2,7,3170.0,3319712.0,3825259.0,7144971.0,136,2
Home,tier1,basic,2466.0,2,7,4932.0,4238515.0,5848076.0,10086591.0,108,2
School,tier1,basic,768.0,2,4,1536.0,1219399.0,1775507.0,2994906.0,78,1
Hospital,tier2,premium,1659.0,4,19,6636.0,12307386.0,14537119.0,26844504.0,114,3
School,tier3,standard,1803.0,4,18,7212.0,5202215.0,8049533.0,13251747.0,90,2
Road,tier3,standard,26825.0,1,59,26825.0,3386975.0,8884180.0,12271155.0,44,11
Hospital,tier2,standard,558.0,1,3,558.0,688141.0,734668.0,1422809.0,92,1
School,tier1,premium,5604.0,3,39,16812.0,18235212.0,32354896.0,50590108.0,106,4
Office,tier3,standard,4514.0,1,3,4514.0,3501505.0,4926421.0,8427926.0,225,2
School,tier2,standard,4165.0,3,37,12495.0,10165510.0,15386868.0,25552378.0,79,3
Apartment,tier2,standard,3613.0,3,62,10839.0,11671454.0,15318111.0,26989565.0,52,3
Hospital,tier2,standard,1820.0,4,15,7280.0,9693682.0,13430868.0,23124550.0,148,3
Road,tier1,standard,98722.0,1,225,98722.0,22992772.0,43568595.0,66561367.0,49,54
Office,tier3,basic,3970.0,3,34,11910.0,5232436.0,10991353.0,16223789.0,70,3
Home,tier2,premium,5171.0,1,27,5171.0,5327548.0,8970325.0,14297873.0,52,2
Office,tier2,basic,4224.0,4,49,16896.0,12464496.0,18033351.0,30497846.0,65,4
Home,tier3,premium,4932.0,2,21,9864.0,9720341.0,16053190.0,25773532.0,103,2
Other,tier2,standard,2957.0,4,44,11828.0,10205575.0,12438482.0,22644057.0,55,3
Office,tier3,basic,2689.0,1,10,2689.0,1392161.0,2019232.0,3411393.0,58,2
Apartment,tier2,basic,4772.0,2,37,9544.0,5441506.0,10096688.0,15538194.0,69,3
Home,tier2,standard,3817.0,2,16,7634.0,4979839.0,8226549.0,13206388.0,77,2
Office,tier3,standard,2606.0,4,28,10424.0,7557871.0,11322185.0,18880056.0,81,3
Road,tier3,premium,68652.0,1,300,68652.0,10811571.0,29624031.0,40435602.0,30,28
Office,tier3,standard,3516.0,3,40,10548.0,6953205.0,12535926.0,19489131.0,61,4
Apartment,tier3,basic,3894.0,2,33,7788.0,3433451.0,6346252.0,9779703.0,63,2
Other,tier2,standard,2419.0,3,24,7257.0,5853185.0,6465585.0,12318770.0,58,3
Apartment,tier1,standard,1248.0,2,11,2496.0,2594723.0,4227920.0,6822643.0,63,2
Home,tier2,premium,5430.0,3,60,16290.0,20171239.0,30351146.0,50522384.0,62,3
Apartment,tier3,standard,2080.0,2,11,4160.0,3238536.0,4292598.0,7531135.0,84,2
Home,tier2,premium,1306.0,3,16,3918.0,5192945.0,6549636.0,11742581.0,55,2
Apartment,tier3,basic,1810.0,4,17,7240.0,2528690.0,5370751.0,7899441.0,78,3
Bridge,tier3,standard,38094.0,1,196,38094.0,111744127.0,183064177.0,294808304.0,150,24
Office,tier3,standard,1337.0,4,24,5348.0,4775343.0,6678046.0,11453389.0,58,2
Home,tier3,standard,4304.0,3,39,12912.0,10355711.0,13616511.0,23972222.0,64,2
Home,tier2,basic,2717.0,2,17,5434.0,2852178.0,4585672.0,7437850.0,56,2
Office,tier2,standard,3801.0,4,53,15204.0,15506285.0,24373496.0,39879781.0,77,4
Apartment,tier3,basic,4468.0,3,42,13404.0,5415901.0,12490134.0,17906035.0,74,4
Apartment,tier1,basic,1645.0,3,24,4935.0,2800712.0,4175587.0,6976299.0,50,2
Other,tier1,basic,2617.0,2,14,5234.0,3240169.0,5307818.0,8547987.0,56,2
Home,tier3,standard,4828.0,3,23,14484.0,10327096.0,11392524.0,21719621.0,108,3
School,tier2,basic,5902.0,1,18,5902.0,3962139.0,4348945.0,8311084.0,74,3
Office,tier2,standard,5176.0,2,44,10352.0,8622428.0,16244731.0,24867159.0,68,3
Bridge,tier1,premium,18273.6,1,83,18273.6,93865913.0,213089307.0,306955220.0,182,12
Office,tier2,standard,1728.0,1,6,1728.0,1315180.0,2125499.0,3440679.0,67,1
Office,tier3,standard,5709.0,3,44,17127.0,10825029.0,19673330.0,30498359.0,85,5
School,tier2,standard,4245.0,4,56,16980.0,18136588.0,21033023.0,39169611.0,63,4
Home,tier2,basic,1483.0,2,8,2966.0,1358226.0,2709614.0,4067841.0,58,1
Road,tier2,standard,43092.0,1,28,43092.0,7110846.0,15014147.0,22124994.0,141,21
School,tier3,basic,2196.0,2,10,4392.0,2164144.0,3152728.0,5316872.0,79,2
Home,tier3,basic,1276.0,3,15,3828.0,1307197.0,3214044.0,4521241.0,47,1
Apartment,tier2,basic,1318.0,3,12,3954.0,2223373.0,3130520.0,5353893.0,69,2
Bridge,tier2,standard,19512.0,1,58,19512.0,49113116.0,116774883.0,165887999.0,233,13
Apartment,tier1,basic,1732.0,4,32,6928.0,5668343.0,10937581.0,16605924.0,50,2
School,tier2,basic,4796.0,3,32,14388.0,9441287.0,11950780.0,21392067.0,88,4
Hospital,tier1,premium,1279.0,4,12,5116.0,10014268.0,17317340.0,27331608.0,160,3
Hospital,tier2,basic,1448.0,4,22,5792.0,5999471.0,6333283.0,12332754.0,98,3
Apartment,tier2,standard,3899.0,3,29,11697.0,8905005.0,14439214.0,23344219.0,73,3
School,tier2,standard,2831.0,3,21,8493.0,7115232.0,10928227.0,18043459.0,100,3
Office,tier1,standard,1523.0,3,23,4569.0,5813700.0,8582962.0,14396662.0,61,2
Home,tier1,basic,787.0,3,5,2361.0,1127489.0,2962645.0,4090134.0,61,1
School,tier1,basic,876.0,3,7,2628.0,2508072.0,2824566.0,5332638.0,65,1
Home,tier2,premium,2031.0,1,8,2031.0,1444221.0,2863251.0,4307473.0,56,1
Office,tier1,standard,1891.0,2,12,3782.0,4604092.0,4782561.0,9386653.0,76,2
Home,tier1,basic,3651.0,3,19,10953.0,11305073.0,10619182.0,21924254.0,80,2
Bridge,tier3,basic,6596.8,1,36,6596.8,12040213.0,22569756.0,34609970.0,129,4
Home,tier1,standard,1327.0,2,6,2654.0,2465767.0,4189156.0,6654923.0,75,1
School,tier3,basic,2800.0,1,9,2800.0,1167523.0,2072025.0,3239548.0,77,1
Apartment,tier2,standard,3011.0,1,12,3011.0,1774661.0,3847305.0,5621966.0,70,2
Apartment,tier2,standard,1274.0,4,30,5096.0,4662591.0,7871233.0,12533824.0,44,2
Office,tier2,standard,3136.0,1,9,3136.0,2689444.0,4386823.0,7076267.0,68,2
Bridge,tier1,premium,58019.6,1,131,58019.6,259186462.0,502496828.0,761683290.0,271,28
School,tier3,standard,2145.0,1,8,2145.0,1730618.0,3090552.0,4821170.0,69,2
Road,tier3,premium,36859.0,1,213,36859.0,6437145.0,13103866.0,19541012.0,33,15
School,tier2,standard,1770.0,4,25,7080.0,8291829.0,10275103.0,18566933.0,70,2
Office,tier3,standard,4343.0,2,26,8686.0,5607404.0,9723685.0,15331089.0,79,2
Other,tier2,standard,997.0,4,15,3988.0,2351652.0,4219249.0,6570901.0,42,1
Home,tier3,standard,2984.0,4,11,11936.0,6670410.0,12598841.0,19269250.0,149,2
Apartment,tier3,basic,5451.0,3,43,16353.0,7583468.0,12225985.0,19809453.0,82,4
School,tier1,premium,3355.0,2,8,6710.0,10468034.0,13327038.0,23795072.0,197,2
Office,tier3,premium,4972.0,4,58,19888.0,21277073.0,35942755.0,57219829.0,75,6
Hospital,tier3,basic,1746.0,3,14,5238.0,5177036.0,5305531.0,10482567.0,121,3
Home,tier2,standard,1439.0,4,3,5756.0,4358496.0,8716373.0,13074869.0,214,1
Apartment,tier1,standard,3117.0,2,22,6234.0,6262833.0,9389675.0,15652508.0,69,3
School,tier3,premium,1788.0,3,22,5364.0,6145926.0,8111528.0,14257453.0,81,2
Home,tier2,standard,4480.0,3,42,13440.0,8884290.0,15130655.0,24014945.0,66,2
Home,tier2,basic,2370.0,3,11,7110.0,4283031.0,5699514.0,9982545.0,88,2
Apartment,tier3,standard,4720.0,3,68,14160.0,9897737.0,13337908.0,23235646.0,58,4
Office,tier2,basic,596.0,3,10,1788.0,919917.0,1679532.0,2599449.0,63,1
Apartment,tier3,standard,2306.0,4,35,9224.0,8712766.0,11947169.0,20659935.0,66,2
Apartment,tier2,standard,1760.0,4,21,7040.0,5595387.0,9543369.0,15138756.0,74,2
Hospital,tier1,standard,4201.0,2,25,8402.0,14018735.0,17193712.0,31212447.0,120,4
Office,tier3,basic,1553.0,4,24,6212.0,4906601.0,5401918.0,10308519.0,51,2
Hospital,tier2,standard,3124.0,2,21,6248.0,6606972.0,6825395.0,13432368.0,125,3
Apartment,tier2,standard,2417.0,1,9,2417.0,2056020.0,3564372.0,5620392.0,73,2
Home,tier2,basic,4540.0,1,18,4540.0,1964715.0,3637866.0,5602581.0,50,1
Office,tier1,basic,2471.0,3,18,7413.0,6128622.0,8107900.0,14236522.0,83,2
Office,tier2,basic,4268.0,2,20,8536.0,5730092.0,7429263.0,13159355.0,74,3
Road,tier2,premium,143040.0,1,300,143040.0,27857767.0,81497517.0,109355285.0,54,60
Hospital,tier3,standard,4601.0,4,71,18404.0,24565509.0,34214008.0,58779517.0,125,7
Road,tier3,standard,52602.0,1,80,52602.0,6061210.0,18919137.0,24980347.0,56,23
School,tier3,standard,1323.0,1,4,1323.0,880193.0,1260518.0,2140710.0,72,1
Office,tier1,premium,1009.0,1,3,1009.0,1326789.0,1823090.0,3149880.0,95,1
Home,tier2,standard,2203.0,4,24,8812.0,6193661.0,10607165.0,16800826.0,61,2
Office,tier1,basic,5932.0,2,59,11864.0,9127425.0,13501271.0,22628696.0,47,3
Apartment,tier3,basic,1883.0,1,9,1883.0,672993.0,1232640.0,1905633.0,50,2
School,tier2,basic,3058.0,2,23,6116.0,4428897.0,5619617.0,10048514.0,80,2
Road,tier3,premium,65730.0,1,300,65730.0,11219544.0,27683516.0,38903060.0,37,20
Apartment,tier2,standard,2051.0,1,9,2051.0,1467312.0,2624650.0,4091962.0,66,1
Home,tier1,standard,3003.0,3,31,9009.0,11225706.0,12050423.0,23276129.0,51,2
Office,tier3,standard,1382.0,2,8,2764.0,1890259.0,3565810.0,5456069.0,80,2
Office,tier2,premium,4136.0,4,48,16544.0,22234486.0,33073096.0,55307582.0,102,4
Other,tier3,premium,1295.0,2,10,2590.0,3352090.0,3185644.0,6537734.0,63,2
Hospital,tier3,standard,3589.0,3,31,10767.0,11557796.0,14517900.0,26075696.0,115,4
School,tier2,basic,2181.0,2,7,4362.0,2772505.0,3567092.0,6339597.0,107,2
Home,tier2,basic,3647.0,3,32,10941.0,6818846.0,8619138.0,15437984.0,55,2
Home,tier2,standard,3468.0,1,16,3468.0,2116144.0,4462092.0,6578236.0,48,1
School,tier3,standard,3944.0,1,3,3944.0,2768353.0,4393898.0,7162251.0,180,1
Road,tier3,standard,30708.0,1,153,30708.0,3465171.0,8637351.0,12102522.0,26,7
Apartment,tier2,basic,1928.0,2,15,3856.0,2080072.0,3425363.0,5505435.0,58,2
Apartment,tier2,standard,3694.0,1,11,3694.0,2930289.0,5004065.0,7934354.0,72,1
Road,tier1,standard,155552.0,1,300,155552.0,27999638.0,53127043.0,81126681.0,49,71
Hospital,tier2,basic,2573.0,3,34,7719.0,7624326.0,14484948.0,22109274.0,92,4
Other,tier3,premium,1605.0,1,5,1605.0,1298904.0,1962865.0,3261769.0,82,1
Road,tier3,standard,76670.0,1,300,76670.0,6363121.0,24278734.0,30641855.0,34,28
School,tier2,basic,4764.0,4,82,19056.0,14867469.0,17885813.0,32753282.0,64,5
Apartment,tier2,basic,3788.0,2,27,7576.0,4195672.0,7572412.0,11768085.0,63,3
Office,tier1,standard,944.0,2,4,1888.0,2144341.0,2649185.0,4793526.0,74,1
Apartment,tier1,standard,830.0,3,8,2490.0,3239962.0,3301868.0,6541829.0,81,1
Home,tier2,basic,2170.0,2,4,4340.0,2000273.0,3497613.0,5497885.0,134,1
School,tier3,standard,3696.0,1,14,3696.0,2434842.0,3472074.0,5906916.0,71,2
Apartment,tier2,standard,1969.0,3,17,5907.0,4044907.0,6036852.0,10081758.0,79,2
School,tier2,basic,5972.0,3,47,17916.0,16183876.0,12976019.0,29159896.0,59,5
Road,tier2,standard,42522.0,1,174,42522.0,5991600.0,14059109.0,20050710.0,30,18
School,tier1,standard,5406.0,1,10,5406.0,4415116.0,6378323.0,10793439.0,94,2
Home,tier1,basic,5575.0,3,58,16725.0,12469755.0,15672819.0,28142573.0,52,3
Office,tier3,basic,937.0,4,11,3748.0,2182256.0,3346291.0,5528547.0,72,2
Office,tier1,basic,5320.0,4,66,21280.0,21385179.0,28886969.0,50272148.0,81,7
School,tier2,standard,684.0,3,8,2052.0,1791939.0,2036436.0,3828375.0,70,1
Road,tier2,premium,50320.0,1,275,50320.0,9704570.0,24264033.0,33968604.0,29,20
Office,tier1,standard,3425.0,2,26,6850.0,8062806.0,8500300.0,16563107.0,62,3
Apartment,tier1,premium,3425.0,2,34,6850.0,9425406.0,16760437.0,26185843.0,69,3
Road,tier1,standard,84966.0,1,300,84966.0,13133205.0,34439503.0,47572708.0,37,35
Road,tier2,standard,11583.0,1,49,11583.0,1496013.0,4352273.0,5848286.0,27,5
Road,tier3,standard,49392.0,1,58,49392.0,4563204.0,14866584.0,19429788.0,70,17
Home,tier2,standard,4837.0,3,44,14511.0,9508813.0,13677309.0,23186122.0,60,2
Hospital,tier2,premium,3711.0,2,15,7422.0,17266169.0,13703626.0,30969795.0,154,3
Road,tier2,standard,108216.0,1,300,108216.0,13291822.0,32499520.0,45791342.0,42,41
Home,tier3,standard,1419.0,1,3,1419.0,1076209.0,1337890.0,2414100.0,81,1
Other,tier1,premium,1603.0,4,10,6412.0,8841763.0,16959113.0,25800876.0,118,2
Apartment,tier3,premium,2118.0,2,3,4236.0,4312188.0,6609373.0,10921561.0,289,2
Hospital,tier2,premium,3110.0,2,13,6220.0,10184951.0,14277735.0,24462686.0,191,2
Apartment,tier3,basic,4958.0,4,69,19832.0,8554421.0,18048495.0,26602916.0,77,6
Apartment,tier2,basic,2836.0,1,13,2836.0,1704624.0,2453920.0,4158544.0,60,1
Office,tier1,standard,2849.0,2,12,5698.0,6812106.0,10347722.0,17159828.0,83,2
School,tier2,standard,5681.0,1,27,5681.0,4664665.0,6483337.0,11148003.0,79,2
School,tier1,basic,921.0,3,9,2763.0,1914036.0,3855491.0,5769527.0,60,1
Office,tier3,standard,585.0,2,3,1170.0,628346.0,1170241.0,1798587.0,85,1
Office,tier2,standard,5960.0,3,63,17880.0,18210704.0,22936991.0,41147695.0,66,5
Home,tier2,basic,5719.0,3,86,17157.0,9613702.0,13037332.0,22651033.0,41,3
School,tier1,standard,2659.0,3,27,7977.0,9398195.0,12031657.0,21429852.0,75,3
Apartment,tier2,basic,1712.0,4,14,6848.0,3986143.0,5677450.0,9663593.0,93,3
Apartment,tier2,premium,1088.0,4,17,4352.0,5416272.0,8377547.0,13793819.0,86,2
Office,tier3,basic,1212.0,1,5,1212.0,727027.0,999061.0,1726088.0,54,1
Office,tier2,standard,5395.0,3,50,16185.0,14156510.0,21363822.0,35520333.0,76,6
Road,tier2,standard,153650.0,1,300,153650.0,19172626.0,48192281.0,67364908.0,52,71
Bridge,tier3,basic,59779.2,1,40,59779.2,110196839.0,252470334.0,362667174.0,634,28
Apartment,tier2,standard,3326.0,2,25,6652.0,6205597.0,8912644.0,15118241.0,71,3
Apartment,tier2,premium,4083.0,3,52,12249.0,19231908.0,23814976.0,43046884.0,64,3
Apartment,tier1,standard,5415.0,4,36,21660.0,23621788.0,35472552.0,59094340.0,132,5
Apartment,tier2,basic,2402.0,1,4,2402.0,1423168.0,2094912.0,3518080.0,98,2
Other,tier2,standard,3438.0,4,62,13752.0,7652028.0,14783480.0,22435507.0,44,3
Road,tier1,basic,119229.0,1,300,119229.0,14943988.0,45758422.0,60702411.0,42,45
Home,tier3,standard,3230.0,4,64,12920.0,5837183.0,10932209.0,16769392.0,46,3
Home,tier1,standard,1589.0,3,12,4767.0,4643115.0,8201018.0,12844133.0,68,2
Road,tier2,standard,11020.0,1,39,11020.0,1903453.0,3400234.0,5303687.0,40,6
Office,tier1,basic,2400.0,1,9,2400.0,1552307.0,2023598.0,3575904.0,57,2
Home,tier2,basic,5718.0,2,15,11436.0,7596826.0,8920004.0,16516830.0,96,2
Other,tier3,basic,1920.0,3,20,5760.0,2217805.0,4357059.0,6574864.0,53,2
Home,tier1,standard,4121.0,1,14,4121.0,3244898.0,5611279.0,8856177.0,44,1
Other,tier2,standard,3600.0,3,45,10800.0,7341478.0,11773564.0,19115042.0,51,2
Apartment,tier2,standard,3768.0,1,10,3768.0,2877890.0,4267722.0,7145612.0,84,1
School,tier3,basic,1129.0,1,5,1129.0,629441.0,806876.0,1436317.0,54,1
Hospital,tier1,basic,4824.0,3,50,14472.0,16784589.0,17865332.0,34649921.0,109,5
Office,tier3,standard,4794.0,4,102,19176.0,14716025.0,24631092.0,39347116.0,56,7
School,tier2,standard,967.0,4,16,3868.0,3419876.0,4803884.0,8223759.0,65,2
Home,tier2,premium,2606.0,3,29,7818.0,9417127.0,15880866.0,25297992.0,67,2
Apartment,tier2,basic,5251.0,3,31,15753.0,9475612.0,16609592.0,26085205.0,94,4
Office,tier2,basic,1729.0,3,9,5187.0,3519895.0,6071667.0,9591562.0,94,2
Office,tier2,standard,3202.0,2,33,6404.0,6262975.0,10247309.0,16510284.0,60,2
Hospital,tier1,standard,5033.0,1,22,5033.0,7676688.0,11235320.0,18912008.0,109,3
School,tier2,standard,4892.0,1,15,4892.0,3763898.0,5876982.0,9640880.0,99,1
Road,tier2,basic,72072.0,1,205,72072.0,5803298.0,13504313.0,19307611.0,38,31
School,tier2,basic,4390.0,3,47,13170.0,8668126.0,12978934.0,21647060.0,61,4
Home,tier1,standard,5612.0,2,20,11224.0,11885373.0,18776361.0,30661734.0,75,2
Hospital,tier2,basic,2927.0,1,8,2927.0,3064507.0,3632099.0,6696606.0,114,2
Office,tier2,standard,5854.0,4,95,23416.0,20667239.0,30911816.0,51579055.0,50,8
Office,tier2,basic,4710.0,1,20,4710.0,2684515.0,4778144.0,7462659.0,60,2
Home,tier3,basic,4027.0,4,47,16108.0,7298435.0,11991024.0,19289460.0,55,2
Office,tier2,basic,4435.0,1,23,4435.0,2611506.0,4587179.0,7198684.0,48,3
Office,tier2,premium,1449.0,2,13,2898.0,3452906.0,5214196.0,8667102.0,71,2
Road,tier1,basic,29978.0,1,73,29978.0,3611157.0,11820665.0,15431822.0,37,11
Home,tier3,basic,5033.0,4,37,20132.0,9534399.0,16299888.0,25834287.0,81,2
Home,tier2,premium,4371.0,2,35,8742.0,10470593.0,13752942.0,24223535.0,57,2
Bridge,tier2,basic,896.4,1,3,896.4,2021812.0,3527740.0,5549553.0,176,1
Home,tier1,basic,3249.0,4,34,12996.0,10077724.0,13143470.0,23221194.0,68,2
Hospital,tier1,basic,2559.0,4,37,10236.0,12950806.0,13309048.0,26259854.0,117,3
Apartment,tier3,standard,5101.0,2,43,10202.0,5311567.0,14157966.0,19469533.0,73,3
Road,tier1,standard,136803.0,1,300,136803.0,16607491.0,61261150.0,77868642.0,47,59
Apartment,tier1,premium,4934.0,3,50,14802.0,18495590.0,36918082.0,55413671.0,68,3
Home,tier1,standard,5031.0,4,13,20124.0,16153930.0,26129362.0,42283292.0,199,3
Home,tier3,standard,1355.0,4,24,5420.0,3387993.0,4646485.0,8034478.0,40,1
Hospital,tier3,basic,5263.0,3,38,15789.0,14533866.0,14867381.0,29401247.0,143,6
Apartment,tier3,standard,521.0,4,8,2084.0,1399477.0,2203791.0,3603268.0,67,2
Apartment,tier3,premium,4630.0,3,44,13890.0,14576427.0,21079143.0,35655570.0,97,4
Home,tier3,premium,1499.0,1,9,1499.0,1483679.0,2510655.0,3994334.0,51,1
Apartment,tier2,basic,630.0,3,11,1890.0,860177.0,1440268.0,2300445.0,50,1
Road,tier1,standard,109650.0,1,300,109650.0,17749723.0,54477537.0,72227260.0,46,47
Office,tier2,standard,2300.0,3,12,6900.0,6352874.0,9923847.0,16276722.0,117,2
Home,tier1,premium,5279.0,1,10,5279.0,7555977.0,8602196.0,16158173.0,103,1
Other,tier2,basic,1983.0,1,7,1983.0,984153.0,1434533.0,2418686.0,52,1
Home,tier1,standard,4323.0,2,23,8646.0,8608734.0,13780832.0,22389566.0,76,2
Apartment,tier1,standard,4004.0,3,24,12012.0,11193880.0,19141475.0,30335355.0,106,3
School,tier2,premium,4995.0,1,14,4995.0,6199052.0,7820078.0,14019130.0,85,1
Hospital,tier1,standard,5222.0,4,81,20888.0,33958176.0,38354700.0,72312876.0,98,7
Hospital,tier1,premium,3688.0,3,36,11064.0,26240346.0,28816758.0,55057105.0,133,4
Apartment,tier1,standard,2337.0,4,26,9348.0,9627949.0,11920765.0,21548714.0,76,3
Home,tier2,basic,3236.0,2,19,6472.0,3948591.0,5894266.0,9842857.0,57,1
Home,tier1,standard,3770.0,3,36,11310.0,9255364.0,15838209.0,25093572.0,56,2
School,tier1,premium,5834.0,4,84,23336.0,36138232.0,46175657.0,82313889.0,75,5
Road,tier1,basic,121290.0,1,300,121290.0,18308342.0,37225579.0,55533920.0,43,37
Home,tier3,standard,851.0,4,5,3404.0,1903876.0,3381360.0,5285236.0,123,1
Home,tier1,premium,3000.0,3,32,9000.0,12533471.0,23743920.0,36277391.0,59,2
Office,tier1,premium,2759.0,3,24,8277.0,14135644.0,19712538.0,33848183.0,84,3
Home,tier3,standard,5444.0,3,35,16332.0,11937767.0,15347625.0,27285392.0,77,3
Home,tier3,standard,1957.0,3,17,5871.0,3981305.0,5829846.0,9811151.0,65,2
Apartment,tier1,basic,1230.0,4,23,4920.0,3774988.0,6461834.0,10236822.0,58,2
Office,tier1,standard,1083.0,1,5,1083.0,1272679.0,1772156.0,3044835.0,56,1
Other,tier1,standard,5406.0,1,19,5406.0,5332099.0,6189316.0,11521415.0,58,2
Other,tier2,standard,3791.0,1,9,3791.0,2093496.0,3696465.0,5789961.0,69,2
Home,tier1,basic,5865.0,4,41,23460.0,16812086.0,26261318.0,43073404.0,78,3
Hospital,tier3,basic,1874.0,2,8,3748.0,2702904.0,4262515.0,6965419.0,127,2
School,tier3,standard,855.0,4,11,3420.0,2248777.0,3127125.0,5375902.0,82,2
Hospital,tier2,standard,2992.0,4,40,11968.0,11434153.0,17801141.0,29235295.0,131,5
Home,tier1,premium,1368.0,2,7,2736.0,3320828.0,4797425.0,8118253.0,84,1
Home,tier3,standard,1164.0,1,5,1164.0,608038.0,825434.0,1433472.0,52,1
Home,tier2,premium,5342.0,4,81,21368.0,24624492.0,34003981.0,58628473.0,68,3
School,tier3,standard,2583.0,2,3,5166.0,2910557.0,5476501.0,8387058.0,269,2
Other,tier1,standard,792.0,2,5,1584.0,1432252.0,2082444.0,3514697.0,64,1
Hospital,tier2,standard,1521.0,4,26,6084.0,7796198.0,12362748.0,20158947.0,102,3
Hospital,tier3,basic,2454.0,2,18,4908.0,4370587.0,4959185.0,9329772.0,90,3
Other,tier3,basic,5422.0,2,44,10844.0,5779717.0,6912235.0,12691952.0,43,2
Hospital,tier2,premium,3974.0,2,24,7948.0,15428847.0,21128738.0,36557586.0,174,4
Home,tier2,basic,3325.0,4,43,13300.0,8169725.0,11023526.0,19193250.0,52,2
Apartment,tier2,standard,3662.0,2,24,7324.0,3916959.0,6731191.0,10648150.0,85,3
Road,tier2,basic,89856.0,1,300,89856.0,7262761.0,19442530.0,26705290.0,34,38
Home,tier3,standard,1485.0,3,12,4455.0,3005675.0,4651097.0,7656773.0,66,2
Bridge,tier2,basic,17031.6,1,78,17031.6,33296786.0,83921855.0,117218641.0,138,10
Apartment,tier1,standard,2563.0,1,13,2563.0,2408203.0,4102062.0,6510265.0,54,2
Office,tier1,standard,637.0,3,5,1911.0,2724324.0,4168910.0,6893234.0,80,2
Road,tier2,basic,183557.0,1,300,183557.0,19866798.0,47663516.0,67530314.0,49,93
Home,tier3,standard,4289.0,1,8,4289.0,2459954.0,4039544.0,6499498.0,92,1
Home,tier1,premium,4130.0,2,31,8260.0,11027897.0,17828891.0,28856788.0,57,2
Home,tier2,standard,667.0,2,5,1334.0,910937.0,1278509.0,2189446.0,50,1
Hospital,tier3,premium,2611.0,4,40,10444.0,17660665.0,25172500.0,42833165.0,136,5
Apartment,tier2,standard,2612.0,4,41,10448.0,8369169.0,13190554.0,21559722.0,79,3
Home,tier1,standard,1271.0,4,14,5084.0,5564158.0,9202964.0,14767122.0,66,2
Office,tier2,standard,3462.0,1,4,3462.0,2766562.0,3340022.0,6106584.0,152,2
Home,tier2,premium,3373.0,4,37,13492.0,14149088.0,24780185.0,38929273.0,76,2
Home,tier1,standard,4767.0,4,100,19068.0,19049245.0,25383354.0,44432599.0,44,3
School,tier2,standard,4676.0,3,51,14028.0,10539181.0,16279210.0,26818391.0,68,4
Hospital,tier2,premium,5432.0,4,83,21728.0,41291342.0,62256565.0,103547907.0,121,8
School,tier2,premium,2778.0,4,49,11112.0,13915163.0,20562526.0,34477690.0,74,2
Road,tier2,standard,45508.0,1,107,45508.0,5788982.0,18961260.0,24750243.0,46,22
School,tier1,basic,3431.0,2,25,6862.0,5839975.0,6769646.0,12609621.0,63,2
Home,tier1,standard,4116.0,2,32,8232.0,7427998.0,10989663.0,18417662.0,49,2
Home,tier1,standard,2266.0,2,10,4532.0,5400608.0,7279519.0,12680127.0,73,1
Apartment,tier1,standard,3033.0,2,23,6066.0,5241630.0,7655060.0,12896690.0,72,2
Apartment,tier2,standard,5543.0,3,81,16629.0,13806620.0,17350929.0,31157549.0,55,4
Apartment,tier1,standard,4698.0,2,27,9396.0,6013426.0,9946663.0,15960089.0,72,3
Apartment,tier2,basic,3814.0,2,10,7628.0,3679678.0,7067933.0,10747611.0,126,3
School,tier1,standard,5663.0,1,20,5663.0,5590279.0,9545182.0,15135460.0,70,2
Apartment,tier1,standard,479.0,3,4,1437.0,1605199.0,2196224.0,3801423.0,80,1
Road,tier1,standard,35685.0,1,126,35685.0,6498341.0,15221447.0,21719788.0,37,13
Home,tier2,basic,1890.0,2,9,3780.0,2070291.0,2748496.0,4818787.0,64,2
Home,tier2,premium,2005.0,1,7,2005.0,2219506.0,2913909.0,5133415.0,61,1
Home,tier3,basic,4790.0,2,46,9580.0,4499819.0,6425654.0,10925473.0,43,2
Home,tier1,premium,4871.0,3,48,14613.0,20353509.0,30630717.0,50984226.0,63,3
Road,tier2,standard,97632.0,1,138,97632.0,13903642.0,33776092.0,47679735.0,68,45
Hospital,tier3,basic,3349.0,1,13,3349.0,2917026.0,2851237.0,5768263.0,104,2
Apartment,tier2,premium,3759.0,3,38,11277.0,11370762.0,21951334.0,33322096.0,74,3
School,tier1,standard,5340.0,2,38,10680.0,11298131.0,16066097.0,27364228.0,71,4
Home,tier1,standard,522.0,2,5,1044.0,871154.0,1395961.0,2267115.0,42,1
Hospital,tier1,premium,3570.0,3,29,10710.0,25321171.0,33299247.0,58620418.0,168,4
Road,tier3,premium,76582.0,1,230,76582.0,10091076.0,29428802.0,39519878.0,42,36
Home,tier2,standard,5647.0,1,12,5647.0,4076042.0,6272914.0,10348956.0,84,2
Office,tier2,premium,1735.0,1,6,1735.0,2035028.0,2661221.0,4696249.0,73,1
Office,tier3,basic,498.0,2,4,996.0,467182.0,909359.0,1376541.0,57,1
Office,tier2,basic,4931.0,1,15,4931.0,3043544.0,5084244.0,8127788.0,70,2
Apartment,tier2,basic,4538.0,1,19,4538.0,2440509.0,3427392.0,5867902.0,58,2
Apartment,tier1,basic,5448.0,3,35,16344.0,14274304.0,20093711.0,34368015.0,79,3
Hospital,tier2,standard,2340.0,1,8,2340.0,2860869.0,4862798.0,7723667.0,127,1
Home,tier1,basic,1948.0,2,16,3896.0,2586250.0,3776027.0,6362277.0,47,1
Apartment,tier1,standard,4144.0,1,11,4144.0,3948698.0,5750844.0,9699541.0,75,2
Hospital,tier1,basic,5696.0,4,39,22784.0,34915720.0,39181483.0,74097203.0,154,6
Home,tier2,standard,5677.0,1,8,5677.0,3201275.0,5179909.0,8381184.0,100,1
School,tier2,standard,2637.0,2,19,5274.0,4808894.0,6144736.0,10953630.0,66,2
Road,tier2,basic,119868.0,1,300,119868.0,11494504.0,30354540.0,41849044.0,36,49
Road,tier1,standard,98307.0,1,258,98307.0,12063577.0,52231936.0,64295512.0,39,46
Home,tier3,standard,4571.0,1,18,4571.0,3157631.0,3664563.0,6822194.0,44,2
Bridge,tier1,standard,15016.4,1,8,15016.4,64666695.0,111903099.0,176569795.0,686,8
Home,tier3,premium,1285.0,2,10,2570.0,2152855.0,3262487.0,5415342.0,66,1
Home,tier2,premium,3937.0,1,8,3937.0,5295386.0,5957999.0,11253385.0,114,2
Home,tier2,basic,1354.0,3,12,4062.0,1976037.0,3233417.0,5209454.0,50,1
Other,tier2,standard,2927.0,3,30,8781.0,6323612.0,11039952.0,17363564.0,63,2
Office,tier3,basic,3611.0,3,15,10833.0,7122823.0,8513281.0,15636103.0,137,4
Road,tier2,standard,15990.0,1,112,15990.0,1662182.0,4205941.0,5868122.0,24,8
Office,tier1,standard,2811.0,2,15,5622.0,6035643.0,9334916.0,15370559.0,84,2
Apartment,tier3,standard,2154.0,4,35,8616.0,5822552.0,10486600.0,16309152.0,72,3
School,tier1,premium,1022.0,4,21,4088.0,4498757.0,9863166.0,14361922.0,63,2
Apartment,tier2,standard,4025.0,3,44,12075.0,9204560.0,13264660.0,22469220.0,76,4
Office,tier2,standard,4478.0,4,34,17912.0,15872206.0,26061801.0,41934007.0,98,5
Home,tier3,standard,5404.0,1,19,5404.0,3178070.0,4667094.0,7845163.0,61,1
School,tier2,basic,4314.0,3,15,12942.0,9267640.0,12188873.0,21456514.0,146,4
Road,tier1,basic,13034.0,1,38,13034.0,1604195.0,4138374.0,5742569.0,39,8
Apartment,tier2,standard,912.0,2,10,1824.0,1131986.0,1981548.0,3113534.0,54,2
Apartment,tier1,standard,5004.0,3,25,15012.0,17853983.0,29177850.0,47031833.0,123,4
Road,tier2,basic,14495.0,1,34,14495.0,1355916.0,3684947.0,5040863.0,37,9
Other,tier2,standard,2529.0,2,28,5058.0,3633029.0,5377114.0,9010143.0,38,2
School,tier3,basic,2521.0,2,16,5042.0,3583361.0,4249466.0,7832828.0,67,2
Office,tier1,standard,1417.0,1,3,1417.0,1482810.0,2557779.0,4040589.0,101,2
Road,tier1,standard,102182.0,1,300,102182.0,15450634.0,49215296.0,64665930.0,37,40
Home,tier2,basic,4713.0,4,53,18852.0,11218322.0,19878939.0,31097261.0,66,3
Apartment,tier1,basic,5403.0,4,4,21612.0,15845305.0,29038973.0,44884277.0,691,4
Home,tier1,basic,3028.0,4,21,12112.0,10271771.0,13558695.0,23830466.0,73,2
Office,tier2,standard,2833.0,4,65,11332.0,12174692.0,15612548.0,27787240.0,52,3
School,tier2,premium,1537.0,1,6,1537.0,1679927.0,2702158.0,4382085.0,70,1
Home,tier1,basic,870.0,1,4,870.0,728683.0,897235.0,1625918.0,49,1
Home,tier2,standard,5107.0,1,11,5107.0,4194055.0,5618530.0,9812585.0,82,2
Hospital,tier3,standard,5106.0,4,67,20424.0,15061814.0,26299201.0,41361016.0,120,7
Home,tier2,standard,5893.0,1,18,5893.0,4370142.0,7139761.0,11509903.0,65,1
Road,tier1,basic,63900.0,1,172,63900.0,7243734.0,19229729.0,26473463.0,33,17
Office,tier1,basic,2760.0,2,20,5520.0,5461890.0,6059205.0,11521095.0,54,2
Office,tier1,premium,3969.0,3,24,11907.0,17237785.0,23146307.0,40384092.0,99,3
Home,tier2,premium,5332.0,4,101,21328.0,21232201.0,36690891.0,57923092.0,43,4
Apartment,tier2,standard,2715.0,4,42,10860.0,9652055.0,12317782.0,21969837.0,60,3
Other,tier1,standard,1175.0,1,4,1175.0,1009973.0,1620899.0,2630873.0,60,1
Home,tier1,basic,5493.0,2,38,10986.0,8222483.0,9837587.0,18060070.0,54,2
Other,tier2,basic,866.0,1,3,866.0,367588.0,497417.0,865005.0,46,1
School,tier2,basic,4347.0,2,11,8694.0,6198807.0,6636825.0,12835632.0,95,3
School,tier3,standard,2450.0,2,11,4900.0,3451696.0,4841750.0,8293446.0,87,2
Hospital,tier1,basic,400.0,4,5,1600.0,2556357.0,2378451.0,4934809.0,120,2
Hospital,tier1,basic,3344.0,3,29,10032.0,12963402.0,15631198.0,28594600.0,129,4
Apartment,tier2,basic,2487.0,1,10,2487.0,1159855.0,2112418.0,3272273.0,62,1
Road,tier1,basic,9510.0,1,38,9510.0,1196297.0,3201764.0,4398061.0,26,4
Bridge,tier1,standard,51341.6,1,138,51341.6,226518294.0,456986086.0,683504381.0,230,41
Office,tier2,standard,4168.0,3,28,12504.0,12270388.0,19114360.0,31384749.0,93,4
Home,tier2,standard,1987.0,4,33,7948.0,5162487.0,7627460.0,12789948.0,54,1
Hospital,tier1,standard,1253.0,1,4,1253.0,2476912.0,2994050.0,5470961.0,112,1
Home,tier2,standard,2634.0,4,27,10536.0,9100044.0,14336854.0,23436898.0,72,2
Office,tier2,standard,1450.0,4,12,5800.0,6918035.0,8674628.0,15592663.0,103,3
Home,tier1,basic,3431.0,1,9,3431.0,2041700.0,2868136.0,4909836.0,52,1
Home,tier3,basic,3381.0,3,38,10143.0,3803881.0,8134031.0,11937912.0,45,2
School,tier1,premium,4870.0,3,77,14610.0,24038059.0,35965463.0,60003521.0,55,4
School,tier3,standard,5885.0,4,73,23540.0,14527645.0,24732655.0,39260301.0,69,6
Road,tier3,standard,22932.0,1,54,22932.0,2623925.0,7226188.0,9850113.0,43,10
Home,tier2,basic,609.0,1,4,609.0,410572.0,545856.0,956429.0,31,1
Road,tier1,basic,68742.0,1,199,68742.0,8737269.0,21165945.0,29903214.0,38,30
Road,tier3,basic,168091.0,1,300,168091.0,21050477.0,39146775.0,60197252.0,52,93
Hospital,tier2,premium,5164.0,2,30,10328.0,18348064.0,28100003.0,46448067.0,144,4
School,tier1,standard,4924.0,2,28,9848.0,7970046.0,12775427.0,20745472.0,74,3
Road,tier2,basic,55893.0,1,269,55893.0,5759177.0,12613938.0,18373115.0,27,21
Road,tier2,basic,51114.0,1,71,51114.0,5098428.0,15341924.0,20440352.0,64,19
Other,tier3,basic,3308.0,4,53,13232.0,5300671.0,8909600.0,14210271.0,49,3
Apartment,tier2,basic,3454.0,1,11,3454.0,2055344.0,3397791.0,5453136.0,56,2
Road,tier3,standard,12782.0,1,34,12782.0,1444119.0,4089881.0,5534000.0,31,6
Road,tier2,standard,156940.0,1,300,156940.0,19980493.0,57704614.0,77685107.0,45,67
Home,tier2,premium,4392.0,3,40,13176.0,13335630.0,21336806.0,34672435.0,71,2
Apartment,tier2,standard,1740.0,1,6,1740.0,1273522.0,2132035.0,3405556.0,59,1
Office,tier3,premium,3255.0,2,18,6510.0,8079445.0,12293889.0,20373334.0,88,1
Office,tier3,premium,4936.0,4,64,19744.0,22937645.0,31328000.0,54265645.0,68,5
Other,tier3,premium,5815.0,3,42,17445.0,15090827.0,26405599.0,41496426.0,85,3
Hospital,tier3,premium,1476.0,1,9,1476.0,2267324.0,3848304.0,6115627.0,103,2
Home,tier2,basic,602.0,3,8,1806.0,1190811.0,1486385.0,2677197.0,51,1
Home,tier1,basic,3723.0,4,58,14892.0,10526277.0,15880210.0,26406486.0,47,3
Home,tier3,basic,705.0,4,8,2820.0,1447344.0,1949051.0,3396395.0,55,1
School,tier1,standard,4222.0,1,18,4222.0,3325400.0,5030235.0,8355635.0,73,2
Home,tier1,standard,2793.0,1,10,2793.0,2114957.0,3407994.0,5522952.0,58,2
Apartment,tier2,basic,4883.0,1,17,4883.0,2694829.0,4498823.0,7193652.0,65,2
Apartment,tier2,premium,1283.0,2,7,2566.0,3239894.0,4786464.0,8026358.0,93,1
Bridge,tier2,standard,33529.6,1,123,33529.6,106583704.0,182324385.0,288908089.0,212,21
School,tier1,standard,1612.0,2,17,3224.0,4117075.0,5023337.0,9140412.0,54,2
Office,tier1,standard,754.0,4,10,3016.0,4468478.0,5061982.0,9530460.0,60,2
Home,tier1,basic,1240.0,1,4,1240.0,677535.0,1253677.0,1931213.0,52,1
Hospital,tier2,standard,4642.0,4,64,18568.0,22866990.0,31159686.0,54026676.0,114,7
Home,tier1,basic,4277.0,4,58,17108.0,9617878.0,17988872.0,27606750.0,58,2
Home,tier2,standard,3882.0,4,42,15528.0,13736142.0,19446740.0,33182882.0,67,3
Office,tier1,basic,2759.0,3,20,8277.0,6635116.0,10807430.0,17442546.0,84,3
Home,tier2,basic,1651.0,3,21,4953.0,3380002.0,4409711.0,7789714.0,34,2
Road,tier2,standard,18752.0,1,89,18752.0,2709081.0,6238140.0,8947221.0,28,10
Hospital,tier2,standard,5307.0,4,127,21228.0,21898152.0,37603684.0,59501837.0,107,7
Apartment,tier3,standard,1802.0,3,21,5406.0,3977015.0,6093253.0,10070268.0,60,2
School,tier1,premium,5420.0,3,56,16260.0,19323643.0,31247723.0,50571367.0,78,5
Apartment,tier2,basic,3891.0,2,34,7782.0,4102986.0,6987561.0,11090547.0,63,2
Road,tier2,premium,50463.0,1,115,50463.0,10880658.0,21521923.0,32402581.0,49,28
Apartment,tier1,basic,1595.0,3,20,4785.0,4050827.0,6460366.0,10511193.0,64,2
Bridge,tier3,basic,29913.2,1,136,29913.2,67532763.0,134124859.0,201657622.0,143,23
Office,tier3,premium,481.0,1,3,481.0,482213.0,815416.0,1297628.0,57,1
Apartment,tier2,standard,2171.0,4,46,8684.0,7754974.0,9421768.0,17176742.0,61,2
Office,tier3,standard,4257.0,1,11,4257.0,3906570.0,5000048.0,8906618.0,73,1
Home,tier2,standard,3181.0,3,26,9543.0,6626165.0,10470048.0,17096213.0,61,2
Office,tier2,standard,1214.0,1,4,1214.0,961283.0,1235263.0,2196546.0,77,2
Road,tier1,standard,1890.0,1,4,1890.0,210121.0,698539.0,908661.0,43,2
Road,tier1,basic,37373.0,1,148,37373.0,4799492.0,12190481.0,16989973.0,30,14
Bridge,tier1,standard,62566.4,1,258,62566.4,192756319.0,390402683.0,583159003.0,187,48
Apartment,tier2,premium,4267.0,3,51,12801.0,14140579.0,28949024.0,43089603.0,76,5
Office,tier2,premium,1279.0,4,18,5116.0,7273686.0,8941070.0,16214756.0,79,2
Bridge,tier1,standard,9356.0,1,42,9356.0,30403849.0,61311276.0,91715125.0,190,7
Road,tier2,standard,146336.0,1,300,146336.0,21440993.0,56636794.0,78077786.0,58,66
Apartment,tier1,standard,3714.0,1,10,3714.0,3582094.0,6011242.0,9593336.0,84,2
Home,tier2,standard,3706.0,4,3,14824.0,14063564.0,20325939.0,34389504.0,611,2
Home,tier1,premium,5355.0,3,47,16065.0,18323388.0,28226470.0,46549858.0,80,2
Bridge,tier2,standard,12562.8,1,42,12562.8,42718523.0,48749836.0,91468359.0,175,6
Hospital,tier2,standard,823.0,2,6,1646.0,2207119.0,3307462.0,5514581.0,130,2
Apartment,tier2,standard,400.0,3,4,1200.0,760698.0,994294.0,1754992.0,69,1
School,tier1,basic,5618.0,4,61,22472.0,14274863.0,26625098.0,40899960.0,71,7
Apartment,tier2,premium,2112.0,3,15,6336.0,7849968.0,10930944.0,18780912.0,95,2
Road,tier3,premium,50576.0,1,108,50576.0,8294263.0,17648705.0,25942968.0,49,21
Home,tier1,basic,1470.0,2,11,2940.0,2012391.0,3231000.0,5243391.0,54,2
Home,tier2,basic,3173.0,3,44,9519.0,4736168.0,7434591.0,12170759.0,44,2
Home,tier1,standard,5376.0,4,40,21504.0,23056315.0,37305332.0,60361647.0,87,3
Office,tier1,basic,5570.0,3,55,16710.0,14544893.0,23182498.0,37727391.0,78,5
Road,tier2,premium,132297.0,1,300,132297.0,27023161.0,67588538.0,94611699.0,52,50
Road,tier1,basic,41328.0,1,129,41328.0,5286235.0,12651170.0,17937405.0,33,18
School,tier2,basic,4389.0,2,37,8778.0,4847558.0,7371877.0,12219435.0,54,3
Road,tier3,basic,136554.0,1,300,136554.0,12682802.0,28539844.0,41222646.0,37,57
Hospital,tier1,standard,2699.0,2,20,5398.0,7633651.0,9511804.0,17145455.0,103,3
Hospital,tier1,standard,3721.0,1,10,3721.0,8036061.0,7483994.0,15520055.0,125,2
Office,tier3,premium,3139.0,3,46,9417.0,10491497.0,16420853.0,26912349.0,61,3
Road,tier2,premium,62688.0,1,189,62688.0,10996786.0,28837713.0,39834500.0,41,24
School,tier3,standard,3829.0,4,46,15316.0,14030545.0,19245714.0,33276259.0,82,3
School,tier2,basic,671.0,4,11,2684.0,1557628.0,2870566.0,4428193.0,61,1
Office,tier2,basic,5280.0,2,31,10560.0,6675502.0,12946467.0,19621968.0,81,3
Office,tier3,premium,3513.0,3,32,10539.0,12058793.0,21122399.0,33181192.0,90,3
Hospital,tier1,basic,2812.0,1,8,2812.0,3191646.0,4512041.0,7703687.0,111,2
School,tier3,premium,1456.0,3,14,4368.0,4181995.0,5876369.0,10058364.0,88,2
Home,tier2,premium,4311.0,4,61,17244.0,18162216.0,28683364.0,46845580.0,65,3
Road,tier3,standard,96228.0,1,99,96228.0,14015234.0,39336974.0,53352208.0,91,36
Apartment,tier1,standard,1371.0,4,18,5484.0,4839810.0,8759004.0,13598814.0,80,2
Home,tier2,premium,4258.0,1,5,4258.0,4300028.0,6527346.0,10827374.0,154,1
Apartment,tier1,standard,1925.0,4,22,7700.0,6899073.0,12355043.0,19254116.0,94,3
Home,tier3,standard,4598.0,2,34,9196.0,5243523.0,7950505.0,13194028.0,57,2
Bridge,tier1,standard,7044.4,1,21,7044.4,28259317.0,56568953.0,84828271.0,214,6
Road,tier1,standard,29304.0,1,122,29304.0,3704967.0,11523319.0,15228286.0,36,13
Home,tier3,standard,4203.0,3,47,12609.0,8067639.0,10859600.0,18927240.0,58,2
Apartment,tier2,premium,4471.0,1,4,4471.0,4757959.0,7939864.0,12697823.0,235,2
Road,tier2,standard,13376.0,1,63,13376.0,1733678.0,4525903.0,6259580.0,29,5
Other,tier1,standard,4879.0,4,71,19516.0,20526248.0,26047131.0,46573379.0,43,4
Office,tier2,basic,2459.0,1,7,2459.0,1329529.0,2531384.0,3860912.0,57,2
Apartment,tier1,premium,3029.0,1,8,3029.0,3803260.0,5405107.0,9208367.0,96,1
Apartment,tier2,standard,792.0,4,3,3168.0,2460664.0,5164677.0,7625341.0,171,1
School,tier2,standard,2346.0,3,25,7038.0,7949961.0,8832889.0,16782850.0,70,2
Office,tier2,basic,2974.0,2,24,5948.0,4032733.0,4736700.0,8769433.0,64,2
Hospital,tier1,premium,4717.0,2,24,9434.0,24060064.0,27855720.0,51915784.0,146,6
Bridge,tier1,standard,69798.4,1,159,69798.4,249466599.0,497242460.0,746709059.0,199,45
Apartment,tier2,standard,4132.0,4,58,16528.0,14011337.0,24448524.0,38459861.0,62,4
Road,tier1,basic,93390.0,1,300,93390.0,10417660.0,35217588.0,45635248.0,29,45
Office,tier1,basic,1520.0,4,28,6080.0,6413834.0,8474391.0,14888225.0,48,2
Home,tier2,basic,3386.0,2,29,6772.0,3109045.0,5456798.0,8565843.0,45,2
Hospital,tier2,basic,2837.0,2,32,5674.0,5504993.0,5156654.0,10661647.0,104,3
Other,tier2,standard,5612.0,2,50,11224.0,7053203.0,9025161.0,16078363.0,51,2
Home,tier2,standard,1420.0,2,13,2840.0,2753152.0,3953189.0,6706340.0,51,1
Hospital,tier3,standard,3597.0,3,37,10791.0,14805790.0,15164657.0,29970447.0,121,5
Apartment,tier2,standard,4761.0,4,56,19044.0,16101082.0,28859499.0,44960582.0,69,4
Home,tier3,standard,2850.0,1,13,2850.0,1591393.0,2143919.0,3735311.0,58,1
Home,tier2,basic,1783.0,3,12,5349.0,2957346.0,5260305.0,8217650.0,65,2
Hospital,tier1,premium,1128.0,1,4,1128.0,1967912.0,2771115.0,4739027.0,141,1
School,tier3,standard,3887.0,1,10,3887.0,3088208.0,3820432.0,6908641.0,65,2
Home,tier3,standard,3933.0,2,29,7866.0,5168517.0,7313185.0,12481702.0,53,2
Apartment,tier2,premium,4518.0,4,66,18072.0,20473277.0,32901812.0,53375089.0,78,5
Bridge,tier1,standard,26104.0,1,92,26104.0,82165661.0,195585104.0,277750765.0,180,16
Apartment,tier1,standard,5952.0,2,39,11904.0,13659588.0,19042459.0,32702047.0,63,4
Apartment,tier2,standard,1449.0,4,23,5796.0,5477281.0,6055074.0,11532355.0,67,2
Apartment,tier2,premium,2825.0,2,23,5650.0,7260394.0,11030502.0,18290896.0,83,2
Bridge,tier2,premium,66185.6,1,113,66185.6,332491052.0,527140633.0,859631685.0,404,31
Office,tier2,basic,5285.0,4,69,21140.0,17604732.0,20561561.0,38166293.0,75,5
Bridge,tier2,standard,23528.0,1,67,23528.0,78520776.0,144883453.0,223404229.0,233,14
Home,tier1,premium,4120.0,4,59,16480.0,27773549.0,34368838.0,62142386.0,75,2
School,tier1,premium,2164.0,4,25,8656.0,14415978.0,21048839.0,35464817.0,105,2
Home,tier1,basic,447.0,1,3,447.0,410778.0,505908.0,916686.0,33,1
Bridge,tier3,standard,44787.6,1,146,44787.6,88411912.0,292888563.0,381300475.0,197,28
Home,tier2,standard,2591.0,2,23,5182.0,2569879.0,4615952.0,7185831.0,42,1
Office,tier3,basic,4267.0,3,28,12801.0,7708492.0,10246650.0,17955142.0,86,4
Office,tier2,standard,2607.0,2,16,5214.0,5608242.0,7408486.0,13016728.0,72,2
School,tier3,standard,1464.0,3,11,4392.0,3138364.0,4201086.0,7339450.0,84,2
Apartment,tier2,basic,1069.0,4,16,4276.0,2361427.0,4374798.0,6736225.0,61,2
Home,tier3,basic,1412.0,1,3,1412.0,682505.0,950620.0,1633125.0,53,1
Apartment,tier3,premium,2847.0,4,15,11388.0,14567850.0,19591651.0,34159501.0,134,3
Apartment,tier2,premium,1904.0,2,10,3808.0,4258507.0,5463175.0,9721682.0,106,1
Road,tier1,premium,10070.0,1,40,10070.0,2237454.0,5732100.0,7969554.0,34,6
School,tier2,premium,2174.0,3,16,6522.0,9545768.0,11715055.0,21260823.0,109,2
Road,tier1,premium,97475.0,1,300,97475.0,23569789.0,64156650.0,87726439.0,41,49
Home,tier1,standard,5102.0,4,53,20408.0,25896149.0,27492163.0,53388312.0,57,3
Bridge,tier2,basic,49024.8,1,63,49024.8,113097434.0,228484175.0,341581609.0,267,28
Home,tier3,premium,3321.0,2,29,6642.0,6221571.0,8848715.0,15070286.0,52,2
Apartment,tier1,standard,1425.0,3,17,4275.0,5164644.0,6307904.0,11472547.0,60,2
Apartment,tier1,standard,2707.0,4,36,10828.0,10599954.0,18400333.0,29000287.0,72,3
Apartment,tier3,premium,3770.0,1,13,3770.0,3099549.0,5508937.0,8608486.0,84,2
School,tier1,basic,506.0,3,5,1518.0,1368646.0,1657532.0,3026178.0,70,1
School,tier1,premium,5202.0,1,11,5202.0,7031396.0,10808253.0,17839649.0,111,2
Other,tier2,standard,5465.0,2,53,10930.0,8124345.0,9745548.0,17869893.0,50,2
Office,tier3,basic,5635.0,2,36,11270.0,8108049.0,8378435.0,16486483.0,72,4
Home,tier2,premium,1582.0,2,12,3164.0,3022527.0,4407576.0,7430103.0,56,1
School,tier2,standard,5408.0,3,45,16224.0,16903231.0,20207892.0,37111122.0,65,2
Office,tier2,standard,1037.0,3,12,3111.0,3061588.0,3744403.0,6805991.0,60,1
Office,tier1,standard,5339.0,3,75,16017.0,16793173.0,27730452.0,44523625.0,59,4
Home,tier3,basic,1159.0,1,4,1159.0,511328.0,795050.0,1306378.0,48,1
School,tier3,basic,2349.0,4,35,9396.0,4927443.0,8976517.0,13903960.0,68,3
Office,tier2,basic,5712.0,3,75,17136.0,12708189.0,20444748.0,33152937.0,48,4
Home,tier1,basic,3230.0,1,13,3230.0,2431218.0,4002454.0,6433672.0,54,1
Home,tier1,basic,1613.0,4,29,6452.0,5780807.0,7510543.0,13291350.0,47,2
Road,tier1,standard,69621.0,1,258,69621.0,15392304.0,26708333.0,42100637.0,32,32
Apartment,tier1,basic,2249.0,3,25,6747.0,4178466.0,9708867.0,13887334.0,58,3
Office,tier1,standard,5564.0,2,40,11128.0,9172739.0,14947601.0,24120340.0,66,3
Hospital,tier3,basic,2708.0,4,47,10832.0,8744852.0,13919229.0,22664081.0,111,4
Apartment,tier1,basic,919.0,2,5,1838.0,1504222.0,2016346.0,3520568.0,72,2
Office,tier2,premium,1327.0,3,16,3981.0,3945304.0,7021796.0,10967100.0,67,2
Apartment,tier2,premium,3504.0,3,63,10512.0,10753848.0,18433240.0,29187089.0,60,3
Hospital,tier3,premium,476.0,3,5,1428.0,2208434.0,3210937.0,5419371.0,115,1
School,tier3,basic,1782.0,4,14,7128.0,4136769.0,6288992.0,10425761.0,99,3
Home,tier2,standard,3782.0,1,11,3782.0,3051999.0,4407221.0,7459220.0,67,2
Home,tier1,basic,5162.0,1,21,5162.0,3951928.0,6213404.0,10165332.0,50,2
Other,tier2,standard,940.0,3,7,2820.0,2092588.0,2960464.0,5053052.0,80,2
Apartment,tier1,premium,2299.0,4,20,9196.0,10746014.0,20265712.0,31011725.0,103,3
Apartment,tier1,standard,2587.0,2,9,5174.0,5668376.0,8095326.0,13763702.0,112,2
Apartment,tier1,premium,5236.0,3,49,15708.0,26663303.0,38671974.0,65335276.0,86,4
Home,tier3,standard,4803.0,4,100,19212.0,14874461.0,21723347.0,36597808.0,51,3
Apartment,tier1,basic,5597.0,3,46,16791.0,11909024.0,21600108.0,33509132.0,71,3
Road,tier2,basic,71520.0,1,300,71520.0,8585116.0,22311115.0,30896231.0,23,32
Apartment,tier2,premium,1363.0,4,16,5452.0,6345529.0,9797234.0,16142764.0,87,2
Home,tier2,standard,5656.0,4,65,22624.0,18673033.0,33522966.0,52195999.0,69,3
Office,tier1,basic,4623.0,3,55,13869.0,9722475.0,16103698.0,25826173.0,62,3
Apartment,tier3,basic,4100.0,3,19,12300.0,4911454.0,7417300.0,12328754.0,108,4
Apartment,tier2,premium,2359.0,3,37,7077.0,7762063.0,10644718.0,18406781.0,62,2
School,tier2,basic,4853.0,3,58,14559.0,9405099.0,12619554.0,22024653.0,64,4
Office,tier2,premium,2658.0,2,24,5316.0,7119871.0,9635068.0,16754939.0,71,2
Office,tier3,standard,2214.0,3,20,6642.0,4956382.0,6546365.0,11502746.0,76,2
Other,tier3,basic,1936.0,3,23,5808.0,2523915.0,4297169.0,6821084.0,45,2
Road,tier2,standard,25091.0,1,111,25091.0,3012159.0,9810523.0,12822682.0,30,9
Road,tier2,standard,49648.0,1,160,49648.0,6966595.0,17704897.0,24671492.0,34,23
School,tier1,standard,1672.0,3,12,5016.0,5560864.0,7672089.0,13232953.0,96,2
Road,tier1,basic,54296.0,1,121,54296.0,8474077.0,18897517.0,27371595.0,40,21
School,tier1,basic,1672.0,2,9,3344.0,2761318.0,3208690.0,5970007.0,68,2
Road,tier1,premium,72345.0,1,260,72345.0,15243101.0,46178939.0,61422040.0,47,35
Apartment,tier1,standard,2322.0,2,15,4644.0,4647565.0,6140137.0,10787702.0,69,2
Apartment,tier3,standard,4759.0,4,53,19036.0,14648369.0,21540359.0,36188728.0,74,5
Apartment,tier3,basic,1699.0,2,14,3398.0,1656164.0,2422466.0,4078630.0,52,2
School,tier3,standard,2612.0,3,22,7836.0,5974658.0,8849405.0,14824063.0,74,2
Road,tier2,standard,5976.0,1,16,5976.0,893240.0,2209404.0,3102643.0,43,3
Hospital,tier2,basic,426.0,4,8,1704.0,1774694.0,1979015.0,3753709.0,81,1
Apartment,tier1,premium,561.0,2,4,1122.0,1094093.0,2265835.0,3359928.0,81,1
School,tier2,premium,770.0,1,3,770.0,774406.0,1408301.0,2182707.0,71,1
Hospital,tier1,basic,5596.0,2,20,11192.0,12158437.0,15829562.0,27987999.0,143,5
Hospital,tier2,premium,1933.0,2,8,3866.0,6753411.0,8448320.0,15201731.0,149,2
Hospital,tier3,standard,3377.0,1,11,3377.0,2844844.0,3206275.0,6051119.0,121,2
Hospital,tier3,standard,5741.0,3,81,17223.0,16565886.0,20187072.0,36752958.0,85,6
Office,tier1,basic,3128.0,1,16,3128.0,2980910.0,3669987.0,6650897.0,51,2
Road,tier2,premium,93925.0,1,300,93925.0,14245180.0,44998529.0,59243708.0,42,28
School,tier1,standard,4482.0,2,50,8964.0,11003959.0,14871507.0,25875466.0,44,3
Home,tier1,premium,4567.0,3,49,13701.0,18983573.0,25422192.0,44405766.0,68,2
Apartment,tier1,basic,964.0,1,4,964.0,708118.0,1092512.0,1800630.0,48,1
School,tier1,basic,5642.0,4,60,22568.0,17853569.0,27720572.0,45574141.0,89,7
Home,tier2,premium,1089.0,1,3,1089.0,1241830.0,1785106.0,3026935.0,75,1
Apartment,tier2,standard,2313.0,4,28,9252.0,7790507.0,11141720.0,18932226.0,71,3
Hospital,tier1,basic,5737.0,2,37,11474.0,16988084.0,14850141.0,31838225.0,115,4
Apartment,tier3,premium,3543.0,4,90,14172.0,15778934.0,25406712.0,41185646.0,53,4
Road,tier2,basic,21252.0,1,71,21252.0,2122761.0,5888353.0,8011114.0,24,9
Apartment,tier2,premium,5172.0,4,44,20688.0,23435727.0,35209908.0,58645635.0,127,6
Road,tier2,premium,2717.0,1,12,2717.0,479118.0,1057691.0,1536809.0,33,3
School,tier2,basic,3842.0,4,38,15368.0,11715977.0,13478974.0,25194952.0,79,4
Home,tier2,standard,3454.0,3,36,10362.0,8639570.0,12176404.0,20815974.0,55,2
School,tier2,premium,1028.0,3,13,3084.0,4514220.0,5202783.0,9717004.0,66,2
Hospital,tier3,premium,2105.0,3,14,6315.0,10525814.0,10745771.0,21271586.0,153,3
School,tier2,standard,4709.0,2,48,9418.0,8691422.0,11099515.0,19790937.0,64,3
Road,tier2,standard,35554.0,1,165,35554.0,3723011.0,14468977.0,18191988.0,31,12
Apartment,tier1,standard,5462.0,4,82,21848.0,18722538.0,46605017.0,65327555.0,68,5
Hospital,tier3,basic,5772.0,3,93,17316.0,13023708.0,19301662.0,32325370.0,101,6
Office,tier2,standard,4705.0,2,27,9410.0,9534486.0,15943264.0,25477750.0,76,3
Other,tier1,basic,404.0,2,3,808.0,728927.0,797587.0,1526514.0,54,1
Hospital,tier3,basic,4614.0,3,51,13842.0,9219356.0,17663057.0,26882413.0,122,6
Other,tier2,standard,5895.0,1,15,5895.0,3952208.0,6331480.0,10283689.0,77,2
Other,tier1,premium,4631.0,1,12,4631.0,7215147.0,9036018.0,16251164.0,84,2
Apartment,tier1,basic,3970.0,2,45,7940.0,3605283.0,9622834.0,13228117.0,46,3
Apartment,tier2,basic,3830.0,3,53,11490.0,6186696.0,9927056.0,16113753.0,59,3
School,tier3,basic,3174.0,4,55,12696.0,6024968.0,9558334.0,15583302.0,57,3
Home,tier2,basic,1787.0,2,9,3574.0,2007763.0,2858595.0,4866358.0,67,1
Bridge,tier1,premium,22795.2,1,95,22795.2,111236933.0,228630308.0,339867241.0,221,15
Apartment,tier2,standard,5500.0,3,48,16500.0,11406294.0,20947529.0,32353823.0,78,4
Bridge,tier2,basic,39571.2,1,210,39571.2,84005313.0,182173906.0,266179219.0,127,31
Apartment,tier1,premium,1121.0,4,21,4484.0,4834990.0,9876094.0,14711085.0,73,1
Home,tier3,basic,5299.0,3,70,15897.0,8736395.0,13449046.0,22185441.0,44,2
Road,tier1,standard,10368.0,1,44,10368.0,1890994.0,5071257.0,6962251.0,35,5
Bridge,tier3,premium,12520.8,1,40,12520.8,46628489.0,85870720.0,132499208.0,222,10
Road,tier3,standard,72880.0,1,284,72880.0,10985408.0,23155934.0,34141342.0,32,37
Home,tier1,basic,1021.0,4,21,4084.0,3450773.0,4460446.0,7911219.0,41,1
Home,tier2,standard,4173.0,4,65,16692.0,15194070.0,21655521.0,36849591.0,54,3
Apartment,tier3,standard,3419.0,3,24,10257.0,5048174.0,10272036.0,15320209.0,73,3
Road,tier2,standard,60567.0,1,291,60567.0,7337390.0,20756918.0,28094308.0,27,31
Home,tier2,basic,2430.0,2,12,4860.0,2913794.0,4303441.0,7217235.0,70,1
Home,tier1,premium,4872.0,3,48,14616.0,20603831.0,29582397.0,50186228.0,63,3
Road,tier1,standard,77110.0,1,214,77110.0,14848334.0,30603972.0,45452306.0,39,35
Home,tier2,standard,1302.0,4,3,5208.0,4465933.0,5778138.0,10244071.0,232,1
Hospital,tier1,premium,4683.0,1,17,4683.0,10941527.0,13712269.0,24653796.0,120,3
Apartment,tier1,premium,3821.0,3,67,11463.0,16215585.0,26494236.0,42709821.0,60,3
Office,tier2,standard,2683.0,4,40,10732.0,10617446.0,18166354.0,28783800.0,59,4
School,tier1,basic,1601.0,1,11,1601.0,1159464.0,1545399.0,2704863.0,43,1
Home,tier3,basic,1267.0,2,8,2534.0,1146238.0,1891745.0,3037983.0,55,1
Office,tier3,standard,1027.0,3,11,3081.0,2905319.0,3393462.0,6298781.0,78,2
Apartment,tier3,basic,1889.0,3,18,5667.0,2688108.0,3743104.0,6431212.0,73,2
Bridge,tier1,standard,27252.0,1,93,27252.0,100495303.0,195552428.0,296047731.0,202,20
Apartment,tier2,standard,3413.0,3,39,10239.0,8033719.0,13144074.0,21177793.0,75,3
Office,tier3,standard,5930.0,2,60,11860.0,9337905.0,15866143.0,25204047.0,58,4
Office,tier2,basic,4551.0,3,32,13653.0,8232267.0,15090268.0,23322535.0,79,4
Road,tier2,premium,16328.0,1,55,16328.0,2825937.0,9399756.0,12225693.0,36,7
Road,tier2,standard,29711.0,1,120,29711.0,3342750.0,12092888.0,15435638.0,34,10
Other,tier2,standard,3611.0,2,35,7222.0,3011652.0,6193631.0,9205283.0,47,3
Home,tier1,standard,4972.0,4,16,19888.0,20647833.0,29196167.0,49844000.0,163,4
Apartment,tier2,basic,4724.0,4,32,18896.0,8196283.0,20261450.0,28457733.0,99,5
Apartment,tier1,standard,4923.0,1,17,4923.0,3556443.0,9893196.0,13449639.0,63,2
School,tier3,basic,1798.0,1,8,1798.0,1157870.0,1294744.0,2452615.0,62,1
Road,tier2,standard,37180.0,1,103,37180.0,5891134.0,13516364.0,19407498.0,45,12
Bridge,tier1,basic,15312.0,1,63,15312.0,45609830.0,90298521.0,135908351.0,141,8
Office,tier2,basic,2179.0,1,12,2179.0,1354965.0,2112921.0,3467886.0,56,2
Apartment,tier2,basic,4356.0,1,15,4356.0,3009606.0,3716353.0,6725959.0,73,2
Road,tier1,basic,10336.0,1,32,10336.0,1475863.0,3165416.0,4641279.0,29,5
Apartment,tier3,premium,4801.0,4,75,19204.0,20822244.0,35252617.0,56074861.0,60,5
School,tier2,premium,4435.0,1,16,4435.0,4924378.0,6562204.0,11486582.0,79,2
Bridge,tier2,basic,15397.6,1,56,15397.6,37302777.0,77417924.0,114720701.0,165,10
Hospital,tier3,basic,1227.0,2,8,2454.0,1624353.0,2744889.0,4369242.0,110,2
Bridge,tier2,standard,4242.0,1,13,4242.0,16299938.0,24472090.0,40772028.0,221,3
Apartment,tier2,basic,1790.0,3,12,5370.0,1983567.0,4917419.0,6900986.0,81,2
Home,tier1,standard,2395.0,1,10,2395.0,1797210.0,3736873.0,5534083.0,62,1
Other,tier1,basic,4991.0,1,11,4991.0,3674503.0,4159696.0,7834199.0,58,2
Apartment,tier2,standard,647.0,4,6,2588.0,2313653.0,3095217.0,5408870.0,84,1
Apartment,tier2,premium,3425.0,2,13,6850.0,6370098.0,9709761.0,16079859.0,113,3
Road,tier2,basic,44800.0,1,132,44800.0,5147783.0,11033252.0,16181035.0,34,19
Apartment,tier2,premium,2433.0,4,33,9732.0,10705578.0,19305531.0,30011109.0,94,3
Office,tier2,premium,2145.0,3,13,6435.0,6454684.0,10776158.0,17230842.0,100,3
Apartment,tier3,premium,1545.0,3,14,4635.0,3847230.0,6430167.0,10277397.0,81,2
Home,tier3,standard,2806.0,3,30,8418.0,5389949.0,8608473.0,13998422.0,52,2
Office,tier2,premium,3848.0,2,12,7696.0,10231743.0,15009708.0,25241451.0,136,3
Road,tier3,standard,66688.0,1,163,66688.0,7150374.0,19920611.0,27070985.0,43,28
Office,tier3,premium,5161.0,2,56,10322.0,8984925.0,18790282.0,27775206.0,58,2
Road,tier1,basic,29523.0,1,74,29523.0,5001726.0,8319362.0,13321087.0,33,16
Apartment,tier2,standard,2038.0,4,34,8152.0,6137799.0,10044808.0,16182607.0,64,2
Office,tier1,standard,2383.0,4,26,9532.0,10357538.0,16798417.0,27155955.0,90,2
Hospital,tier2,basic,2591.0,3,28,7773.0,6817396.0,8200547.0,15017944.0,117,4
Home,tier2,basic,4472.0,1,11,4472.0,2202558.0,3481671.0,5684230.0,60,1
Apartment,tier2,basic,965.0,1,3,965.0,454673.0,914618.0,1369291.0,70,1
Apartment,tier3,standard,2001.0,2,11,4002.0,3011365.0,4504851.0,7516217.0,86,2
Road,tier2,basic,77316.0,1,298,77316.0,5269212.0,22225955.0,27495168.0,32,32
Hospital,tier2,basic,3594.0,1,15,3594.0,4637137.0,4466115.0,9103252.0,116,2
Apartment,tier3,basic,5799.0,2,41,11598.0,6160893.0,11184986.0,17345879.0,66,3
Apartment,tier3,standard,5872.0,2,28,11744.0,7522257.0,12244960.0,19767217.0,79,3
Road,tier3,basic,34344.0,1,151,34344.0,2716107.0,7358323.0,10074429.0,24,11
Road,tier1,basic,126595.0,1,300,126595.0,17437333.0,52439464.0,69876797.0,41,68
Apartment,tier1,basic,3597.0,2,18,7194.0,5768245.0,8483974.0,14252219.0,67,2
Office,tier1,standard,1902.0,3,12,5706.0,5954214.0,10775483.0,16729697.0,101,2
Apartment,tier2,basic,1694.0,2,10,3388.0,1395535.0,3240820.0,4636355.0,67,2
Office,tier1,premium,4230.0,4,51,16920.0,28038772.0,40082851.0,68121623.0,75,4
Apartment,tier3,basic,2121.0,2,16,4242.0,1917754.0,2868146.0,4785900.0,65,2
Home,tier2,basic,3750.0,4,26,15000.0,8981250.0,16724574.0,25705824.0,73,2
Home,tier2,standard,617.0,4,7,2468.0,1859447.0,3295605.0,5155052.0,67,2
Other,tier1,premium,5876.0,2,28,11752.0,16800372.0,19514926.0,36315298.0,87,2
Apartment,tier2,standard,873.0,2,7,1746.0,1170801.0,2100551.0,3271352.0,53,1
Apartment,tier2,basic,593.0,3,7,1779.0,852792.0,1590850.0,2443642.0,69,1
Other,tier2,standard,2739.0,2,12,5478.0,3849463.0,5721766.0,9571229.0,87,2
Road,tier1,standard,62307.0,1,243,62307.0,8364087.0,29658281.0,38022368.0,35,35
Office,tier3,standard,3974.0,2,26,7948.0,5264769.0,6077675.0,11342444.0,78,2
Home,tier1,premium,3135.0,4,53,12540.0,19852810.0,20995802.0,40848613.0,53,2
Bridge,tier1,premium,1523.2,1,4,1523.2,7121358.0,16044776.0,23166134.0,277,2
Office,tier3,standard,1670.0,1,7,1670.0,1429270.0,1875257.0,3304527.0,66,2
Apartment,tier1,basic,4057.0,1,18,4057.0,2603474.0,4222870.0,6826343.0,45,2
Home,tier1,standard,3218.0,3,33,9654.0,8492936.0,10578606.0,19071542.0,51,2
Home,tier2,premium,3832.0,2,44,7664.0,6741422.0,11682412.0,18423834.0,44,2
Office,tier2,premium,2708.0,2,21,5416.0,7732146.0,12280229.0,20012376.0,84,2
Home,tier1,basic,2083.0,3,34,6249.0,4402718.0,6460014.0,10862733.0,36,2
Office,tier1,basic,1404.0,2,18,2808.0,2304255.0,2823303.0,5127558.0,45,1
School,tier1,basic,2036.0,4,11,8144.0,5990826.0,8058637.0,14049463.0,99,3
Office,tier2,premium,1628.0,3,23,4884.0,6167739.0,9783905.0,15951644.0,62,2
School,tier1,standard,3131.0,2,25,6262.0,7242657.0,9170484.0,16413140.0,73,2
Apartment,tier3,basic,2013.0,2,15,4026.0,2107422.0,3162381.0,5269804.0,54,2
School,tier3,basic,4855.0,2,25,9710.0,6842381.0,9465123.0,16307504.0,80,3
Hospital,tier1,basic,3492.0,1,8,3492.0,3398471.0,4634817.0,8033288.0,122,2
Road,tier2,premium,34125.0,1,72,34125.0,6016845.0,16857214.0,22874059.0,65,13
Home,tier1,standard,865.0,4,21,3460.0,3125077.0,5728913.0,8853990.0,41,1
Office,tier1,basic,1083.0,4,17,4332.0,3637042.0,5374713.0,9011755.0,58,2
Other,tier1,standard,897.0,1,3,897.0,543678.0,968709.0,1512388.0,54,1
School,tier3,standard,2201.0,3,14,6603.0,5891270.0,6733731.0,12625001.0,96,3
Office,tier2,standard,2257.0,2,4,4514.0,3530278.0,5661470.0,9191748.0,154,2
Road,tier2,premium,15512.0,1,73,15512.0,2568198.0,7079458.0,9647656.0,33,7
Apartment,tier2,basic,4360.0,3,44,13080.0,5188785.0,12973062.0,18161847.0,62,3
Hospital,tier3,basic,3361.0,4,53,13444.0,14604835.0,16025715.0,30630550.0,97,5
School,tier2,basic,5878.0,3,59,17634.0,14967561.0,17011598.0,31979159.0,81,4
Apartment,tier1,standard,5369.0,1,24,5369.0,4666814.0,6693189.0,11360003.0,71,2
Hospital,tier3,premium,467.0,3,4,1401.0,2032976.0,2244408.0,4277385.0,169,1
School,tier2,basic,4319.0,4,64,17276.0,12595434.0,18611997.0,31207432.0,69,5
Home,tier2,standard,5845.0,4,85,23380.0,25256986.0,30817074.0,56074060.0,57,3
Home,tier2,standard,4887.0,3,29,14661.0,13448382.0,21375543.0,34823925.0,95,3
Other,tier2,premium,4241.0,2,21,8482.0,7404878.0,11170924.0,18575802.0,86,2
School,tier1,standard,1179.0,3,11,3537.0,4120329.0,6625873.0,10746202.0,80,2
Road,tier1,basic,34293.0,1,127,34293.0,3936558.0,11487021.0,15423579.0,35,15
School,tier2,standard,5002.0,3,74,15006.0,10026014.0,15889704.0,25915718.0,65,4
Home,tier2,premium,3403.0,1,12,3403.0,3087846.0,5030503.0,8118348.0,67,2
Apartment,tier3,standard,5560.0,2,36,11120.0,5708161.0,11418650.0,17126811.0,80,3
Office,tier2,premium,2992.0,3,33,8976.0,14080885.0,16554821.0,30635706.0,76,2
Apartment,tier3,standard,3384.0,2,21,6768.0,4279916.0,5486595.0,9766511.0,80,2
Bridge,tier3,standard,68339.2,1,226,68339.2,200722626.0,371424823.0,572147449.0,202,53
Office,tier2,basic,4433.0,3,68,13299.0,9311922.0,14165838.0,23477760.0,46,3
Home,tier1,standard,3486.0,4,43,13944.0,16846792.0,21357912.0,38204705.0,56,2
Apartment,tier2,basic,4785.0,4,70,19140.0,10065697.0,18082898.0,28148595.0,68,5
Home,tier2,basic,5425.0,3,42,16275.0,11051785.0,13389624.0,24441409.0,62,3
Home,tier2,basic,4032.0,3,58,12096.0,6433011.0,9229705.0,15662716.0,42,2
Apartment,tier1,standard,5401.0,2,25,10802.0,10793189.0,17556304.0,28349493.0,94,3
Road,tier2,premium,1892.0,1,6,1892.0,330545.0,955038.0,1285582.0,33,2
Road,tier2,basic,78659.0,1,300,78659.0,8381465.0,19541655.0,27923120.0,29,30
Office,tier2,standard,4032.0,1,9,4032.0,2965443.0,5474050.0,8439492.0,88,2
Apartment,tier3,basic,3613.0,4,63,14452.0,4996750.0,10977909.0,15974659.0,59,3
Office,tier2,standard,1400.0,1,3,1400.0,1113537.0,2176275.0,3289811.0,100,1
Office,tier2,basic,2955.0,3,18,8865.0,4936122.0,10127417.0,15063539.0,83,3
Office,tier2,standard,1154.0,2,7,2308.0,2006671.0,3608661.0,5615332.0,84,1
Office,tier2,premium,4260.0,3,79,12780.0,17381932.0,28921403.0,46303335.0,51,3
Office,tier1,standard,4873.0,4,68,19492.0,22332881.0,29607866.0,51940747.0,73,5
Home,tier2,standard,4221.0,1,15,4221.0,3123923.0,4268844.0,7392767.0,52,1
Home,tier2,standard,5243.0,1,24,5243.0,2886916.0,5086922.0,7973839.0,53,1
Road,tier2,basic,4488.0,1,9,4488.0,637058.0,1176698.0,1813756.0,44,2
Apartment,tier1,basic,2523.0,4,3,10092.0,6707521.0,13801188.0,20508709.0,386,3
Home,tier3,basic,749.0,1,4,749.0,371967.0,504800.0,876767.0,40,1
Office,tier3,standard,585.0,2,5,1170.0,885654.0,1216219.0,2101873.0,64,1
Apartment,tier2,premium,5796.0,3,49,17388.0,16152357.0,30134139.0,46286496.0,95,4
Apartment,tier2,standard,4762.0,1,16,4762.0,3764672.0,6443696.0,10208368.0,75,2
Hospital,tier2,standard,2279.0,4,42,9116.0,15805833.0,18055508.0,33861341.0,101,4
Office,tier2,basic,5750.0,3,55,17250.0,14363832.0,18548548.0,32912380.0,62,4
Road,tier2,basic,33050.0,1,116,33050.0,3978214.0,7720637.0,11698851.0,26,12
Office,tier2,premium,4724.0,1,27,4724.0,7271540.0,7674276.0,14945816.0,63,1
Home,tier3,basic,1581.0,1,3,1581.0,685783.0,1322521.0,2008304.0,80,1
Road,tier2,standard,35750.0,1,141,35750.0,5000059.0,12321406.0,17321465.0,38,13
School,tier2,basic,787.0,1,3,787.0,642354.0,767707.0,1410061.0,63,1
Road,tier2,basic,163240.0,1,300,163240.0,16521650.0,49581021.0,66102671.0,47,61
School,tier2,basic,2959.0,4,44,11836.0,11316627.0,13766159.0,25082786.0,65,4
Office,tier2,premium,3661.0,4,37,14644.0,21618459.0,28611612.0,50230071.0,104,4
Road,tier3,basic,83927.0,1,133,83927.0,4527397.0,14952591.0,19479988.0,48,31
Apartment,tier1,standard,2470.0,1,7,2470.0,2069942.0,3838458.0,5908400.0,82,2
Apartment,tier1,basic,1301.0,3,14,3903.0,2667025.0,4489436.0,7156461.0,64,1
Office,tier1,standard,3852.0,4,72,15408.0,19193857.0,26271008.0,45464865.0,63,4
School,tier3,standard,429.0,4,4,1716.0,1559785.0,2238487.0,3798273.0,108,1
Office,tier2,standard,5467.0,3,39,16401.0,13133132.0,21723055.0,34856187.0,89,4
Home,tier2,basic,1378.0,2,8,2756.0,1375792.0,2154798.0,3530591.0,48,1
Hospital,tier2,basic,3321.0,2,16,6642.0,5420262.0,8082325.0,13502587.0,115,3
Home,tier2,premium,5973.0,3,49,17919.0,26764981.0,34057227.0,60822208.0,85,3
Road,tier3,standard,17152.0,1,38,17152.0,1938078.0,4737496.0,6675574.0,38,7
Road,tier3,basic,126466.0,1,300,126466.0,10232266.0,29470359.0,39702625.0,40,46
Home,tier3,standard,5774.0,4,64,23096.0,19562488.0,26694711.0,46257199.0,60,3
Home,tier3,basic,776.0,3,8,2328.0,1103052.0,1945009.0,3048061.0,65,1
Road,tier1,standard,10236.0,1,38,10236.0,1076453.0,3680518.0,4756971.0,29,5
Other,tier1,standard,3559.0,1,6,3559.0,2861901.0,4335553.0,7197453.0,88,2
School,tier2,basic,4452.0,2,36,8904.0,5228982.0,7692061.0,12921044.0,66,3
Road,tier2,standard,16540.0,1,59,16540.0,1890305.0,4665296.0,6555602.0,33,8
Home,tier1,standard,3089.0,1,11,3089.0,2725174.0,3894043.0,6619217.0,51,1
School,tier2,premium,3467.0,2,22,6934.0,5584165.0,9562754.0,15146918.0,76,3
Home,tier1,standard,1995.0,1,6,1995.0,2008874.0,2625776.0,4634650.0,58,1
Bridge,tier1,standard,44716.8,1,152,44716.8,159554808.0,343883616.0,503438424.0,171,30
Apartment,tier2,standard,5718.0,1,20,5718.0,4035068.0,6059788.0,10094856.0,71,2
Road,tier3,basic,70240.0,1,137,70240.0,5524611.0,12079717.0,17604328.0,53,33
Office,tier2,standard,4221.0,2,44,8442.0,7519981.0,13387419.0,20907400.0,67,4
Home,tier2,basic,1198.0,4,12,4792.0,2509061.0,4233119.0,6742180.0,75,1
Home,tier3,basic,2565.0,2,17,5130.0,2881267.0,3880165.0,6761432.0,51,2
Road,tier3,standard,72234.0,1,300,72234.0,8344102.0,20756650.0,29100752.0,33,30
Apartment,tier2,basic,5710.0,2,34,11420.0,7430521.0,11870505.0,19301026.0,72,3
Office,tier3,standard,5970.0,4,86,23880.0,19472910.0,30381415.0,49854325.0,62,6
School,tier1,standard,2276.0,3,5,6828.0,8118352.0,10350196.0,18468548.0,169,2
Hospital,tier2,basic,2727.0,3,8,8181.0,6407920.0,10431198.0,16839117.0,193,3
Home,tier1,standard,4236.0,2,28,8472.0,9905415.0,12386658.0,22292072.0,59,2
Home,tier2,standard,1227.0,2,9,2454.0,2062694.0,2415190.0,4477884.0,47,1
Office,tier2,standard,3543.0,2,33,7086.0,5724782.0,8421559.0,14146342.0,54,2
Hospital,tier1,premium,1615.0,3,21,4845.0,13711813.0,12183997.0,25895811.0,122,2
Road,tier2,basic,83776.0,1,124,83776.0,9338394.0,20681739.0,30020133.0,41,33
Hospital,tier2,premium,4455.0,2,43,8910.0,19351779.0,21361757.0,40713536.0,128,3
Apartment,tier2,standard,4540.0,2,18,9080.0,5499374.0,8995802.0,14495176.0,103,2
Apartment,tier1,basic,1051.0,4,18,4204.0,3974592.0,6272002.0,10246594.0,56,2
Other,tier1,standard,2021.0,2,11,4042.0,3632902.0,5668884.0,9301786.0,62,1
Apartment,tier2,basic,2382.0,4,62,9528.0,6159476.0,8819704.0,14979180.0,51,3
Apartment,tier3,basic,4462.0,3,35,13386.0,7159507.0,10959534.0,18119041.0,69,3
Apartment,tier3,basic,2239.0,1,7,2239.0,819563.0,1477094.0,2296656.0,78,2
Hospital,tier2,premium,2994.0,3,32,8982.0,21362557.0,18141016.0,39503573.0,141,4
Apartment,tier2,premium,1676.0,4,20,6704.0,7893923.0,13842178.0,21736101.0,83,3
Apartment,tier2,premium,2331.0,4,20,9324.0,12831775.0,14716891.0,27548666.0,111,3
Road,tier3,basic,77662.0,1,300,77662.0,6991876.0,18016977.0,25008853.0,33,30
School,tier1,standard,1577.0,2,8,3154.0,3516270.0,5291950.0,8808220.0,88,2
Bridge,tier2,premium,56270.4,1,145,56270.4,229912469.0,450923814.0,680836283.0,246,35
Apartment,tier2,basic,1197.0,2,8,2394.0,1607811.0,2363963.0,3971774.0,61,2
Road,tier2,standard,27522.0,1,98,27522.0,3541725.0,9589235.0,13130960.0,33,11
Apartment,tier1,basic,1317.0,3,10,3951.0,3745048.0,5220991.0,8966040.0,75,2
Apartment,tier1,standard,582.0,1,3,582.0,507615.0,1055630.0,1563245.0,59,1
Other,tier2,standard,5069.0,2,36,10138.0,6807886.0,11754918.0,18562804.0,53,2
Office,tier2,basic,5833.0,1,20,5833.0,3696897.0,4744262.0,8441159.0,57,2
Hospital,tier2,basic,3262.0,2,26,6524.0,5537550.0,8484215.0,14021766.0,114,2
Apartment,tier1,standard,3787.0,4,35,15148.0,16288370.0,27472226.0,43760596.0,97,4
Apartment,tier3,standard,1332.0,1,4,1332.0,863467.0,1167329.0,2030795.0,70,1
Apartment,tier2,basic,820.0,2,5,1640.0,841122.0,1682520.0,2523641.0,66,1
School,tier3,basic,846.0,1,4,846.0,403001.0,734593.0,1137594.0,62,2
School,tier1,premium,1468.0,2,9,2936.0,4685901.0,6205721.0,10891622.0,79,2
Home,tier3,standard,1024.0,4,12,4096.0,2449313.0,3906586.0,6355899.0,62,1
Other,tier3,standard,4524.0,4,16,18096.0,13421770.0,20088689.0,33510459.0,157,3
Office,tier3,standard,4714.0,4,48,18856.0,14680701.0,24278214.0,38958916.0,76,5
Hospital,tier3,premium,4497.0,2,13,8994.0,13029226.0,18125742.0,31154968.0,208,4
Apartment,tier2,basic,2009.0,2,7,4018.0,1858690.0,3599094.0,5457784.0,99,2
Road,tier2,basic,77952.0,1,293,77952.0,10824216.0,19759995.0,30584210.0,27,32
Office,tier2,standard,2408.0,4,69,9632.0,9338465.0,12857463.0,22195928.0,46,4
Home,tier2,premium,1231.0,4,18,4924.0,5633713.0,9955441.0,15589154.0,68,2
Apartment,tier3,basic,3047.0,2,23,6094.0,2829058.0,4106148.0,6935206.0,58,3
Bridge,tier1,basic,36484.8,1,89,36484.8,106600053.0,210555959.0,317156012.0,216,22
Home,tier2,basic,1545.0,1,3,1545.0,867058.0,1118618.0,1985676.0,82,1
Hospital,tier3,standard,1947.0,3,33,5841.0,7385714.0,10079388.0,17465103.0,94,3
Office,tier1,standard,3034.0,1,7,3034.0,3290626.0,4966888.0,8257514.0,92,2
Apartment,tier1,standard,942.0,2,3,1884.0,1483836.0,2686112.0,4169948.0,109,1
Office,tier2,basic,3698.0,2,27,7396.0,5065168.0,8118466.0,13183634.0,66,2
Office,tier3,standard,2337.0,4,26,9348.0,9450295.0,11264522.0,20714818.0,83,3
Home,tier3,basic,4374.0,2,35,8748.0,3174521.0,6864979.0,10039501.0,53,2
Bridge,tier1,standard,930.0,1,5,930.0,3868355.0,5746903.0,9615258.0,170,1
Road,tier2,basic,22814.0,1,86,22814.0,1156425.0,5247357.0,6403782.0,31,9
Apartment,tier2,premium,2383.0,1,9,2383.0,3399133.0,3888717.0,7287849.0,99,2
Road,tier2,standard,52866.0,1,217,52866.0,5802658.0,15124657.0,20927315.0,34,19
Road,tier2,standard,30240.0,1,196,30240.0,4857903.0,9587119.0,14445022.0,29,13
Office,tier3,basic,1477.0,1,9,1477.0,548734.0,1087471.0,1636204.0,46,1
Office,tier2,basic,1074.0,3,10,3222.0,2823127.0,3584672.0,6407799.0,64,2
Apartment,tier1,standard,1990.0,2,18,3980.0,4699507.0,6389470.0,11088977.0,62,2
Home,tier2,standard,3739.0,1,20,3739.0,2763407.0,4168791.0,6932198.0,39,1
Other,tier2,standard,1770.0,3,22,5310.0,3657861.0,7012991.0,10670853.0,50,2
Office,tier2,standard,3324.0,2,22,6648.0,5000200.0,9258202.0,14258402.0,70,2
Home,tier1,standard,4275.0,3,35,12825.0,11584260.0,16745438.0,28329698.0,73,2
Office,tier1,premium,4179.0,3,43,12537.0,17544568.0,24954885.0,42499453.0,88,3
Home,tier3,standard,3373.0,4,27,13492.0,9333180.0,15283639.0,24616819.0,83,2
Apartment,tier1,premium,3601.0,3,47,10803.0,13683242.0,22105721.0,35788963.0,68,4
Bridge,tier2,standard,36240.0,1,180,36240.0,141680154.0,266885608.0,408565762.0,185,20
Office,tier3,basic,3184.0,1,9,3184.0,1536846.0,2251581.0,3788427.0,59,1
Hospital,tier1,standard,4852.0,1,14,4852.0,7958675.0,10742025.0,18700700.0,109,2
School,tier1,basic,3060.0,3,19,9180.0,8347762.0,12419674.0,20767436.0,90,3
Apartment,tier2,basic,2370.0,1,9,2370.0,933421.0,1991351.0,2924772.0,62,1
Other,tier2,basic,5784.0,2,38,11568.0,6202995.0,8376003.0,14578997.0,51,4
Hospital,tier2,standard,5535.0,1,9,5535.0,7205058.0,7936612.0,15141671.0,150,2
Apartment,tier2,standard,5228.0,2,70,10456.0,10637359.0,17085196.0,27722555.0,47,3
Apartment,tier1,basic,4996.0,4,25,19984.0,14890606.0,23478446.0,38369052.0,146,7
Road,tier1,basic,107384.0,1,178,107384.0,10512366.0,32310407.0,42822773.0,56,51
Hospital,tier1,basic,5773.0,4,102,23092.0,34589052.0,35685947.0,70274999.0,106,6
Home,tier2,basic,4059.0,4,67,16236.0,7571639.0,14111324.0,21682964.0,42,3
Apartment,tier2,basic,5388.0,4,54,21552.0,13200201.0,20527259.0,33727460.0,76,5
Other,tier3,basic,514.0,3,4,1542.0,602060.0,1104714.0,1706774.0,59,1
Home,tier1,premium,998.0,1,4,998.0,1023110.0,2401529.0,3424639.0,55,1
Apartment,tier2,standard,517.0,1,3,517.0,314256.0,612916.0,927172.0,52,1
Apartment,tier2,basic,5984.0,4,60,23936.0,12448797.0,22617701.0,35066497.0,78,4
Office,tier2,basic,2184.0,2,20,4368.0,2803435.0,5085271.0,7888706.0,47,2
Bridge,tier2,basic,46324.8,1,185,46324.8,116393140.0,205338028.0,321731168.0,180,31
Apartment,tier1,basic,4626.0,1,23,4626.0,3053136.0,5210196.0,8263332.0,54,2
Other,tier2,standard,4832.0,1,16,4832.0,2831627.0,3801537.0,6633164.0,55,2
Home,tier2,premium,5582.0,3,72,16746.0,21079270.0,28595381.0,49674651.0,47,3
Road,tier3,standard,121140.0,1,300,121140.0,12606670.0,34492180.0,47098850.0,45,45
Hospital,tier1,standard,4224.0,3,50,12672.0,21763303.0,27014587.0,48777890.0,99,6
Office,tier2,basic,3860.0,4,58,15440.0,8388028.0,13527488.0,21915516.0,63,5
Office,tier2,standard,4355.0,1,19,4355.0,3709151.0,5689878.0,9399030.0,55,2
Home,tier2,premium,3296.0,4,52,13184.0,15940788.0,22816799.0,38757588.0,60,2
Home,tier1,basic,579.0,4,3,2316.0,1531888.0,2687598.0,4219487.0,89,1
School,tier2,premium,1337.0,3,10,4011.0,5044396.0,6298974.0,11343370.0,96,2
School,tier2,basic,5608.0,2,38,11216.0,7970875.0,11472379.0,19443254.0,66,3
School,tier2,standard,670.0,1,3,670.0,463863.0,776101.0,1239964.0,64,1
Apartment,tier2,basic,886.0,1,4,886.0,484347.0,893120.0,1377467.0,62,1
Road,tier1,standard,86963.0,1,300,86963.0,16206339.0,41435300.0,57641640.0,36,35
Office,tier1,basic,5702.0,1,14,5702.0,4856002.0,5435576.0,10291578.0,88,2
Home,tier3,standard,2901.0,4,51,11604.0,8721190.0,12364669.0,21085858.0,42,3
Office,tier2,standard,1193.0,1,3,1193.0,755308.0,1642337.0,2397646.0,100,1
Office,tier2,standard,3695.0,4,71,14780.0,14956868.0,21530072.0,36486940.0,63,4
Home,tier2,standard,586.0,4,11,2344.0,1691217.0,2534664.0,4225881.0,45,1
Home,tier2,basic,2418.0,2,16,4836.0,2626425.0,4052904.0,6679329.0,57,1
Home,tier2,standard,3556.0,2,18,7112.0,5112486.0,8239269.0,13351755.0,82,1
Hospital,tier2,basic,5330.0,3,40,15990.0,17059657.0,18764253.0,35823910.0,142,7
School,tier2,standard,1036.0,4,9,4144.0,3704817.0,5802539.0,9507356.0,83,2
Apartment,tier1,basic,3797.0,1,9,3797.0,2260583.0,3955807.0,6216390.0,82,3
Apartment,tier3,standard,561.0,1,3,561.0,384243.0,471727.0,855970.0,61,1
School,tier3,standard,3005.0,1,8,3005.0,2855721.0,2617445.0,5473166.0,82,2
Home,tier2,premium,4139.0,2,12,8278.0,9036328.0,12403372.0,21439700.0,133,2
School,tier3,standard,601.0,3,5,1803.0,1459906.0,1656662.0,3116569.0,84,1
Home,tier3,basic,4534.0,2,31,9068.0,3823209.0,6039896.0,9863105.0,46,2
Road,tier2,standard,5742.0,1,17,5742.0,775595.0,1853770.0,2629365.0,42,2
Road,tier2,basic,90594.0,1,207,90594.0,7643672.0,21620544.0,29264216.0,40,47
Road,tier2,basic,32310.0,1,18,32310.0,3253155.0,9226738.0,12479893.0,116,13
Office,tier1,standard,3387.0,1,16,3387.0,3738265.0,4753353.0,8491618.0,53,2
Hospital,tier1,standard,5541.0,1,18,5541.0,8033302.0,9258581.0,17291883.0,119,3
Apartment,tier2,premium,3681.0,1,14,3681.0,3995223.0,5939896.0,9935119.0,84,2
Apartment,tier3,premium,4897.0,4,69,19588.0,14943589.0,28664683.0,43608272.0,83,4
School,tier2,basic,1300.0,4,20,5200.0,3365577.0,4515832.0,7881409.0,67,2
Bridge,tier3,basic,10476.0,1,38,10476.0,20471560.0,47775800.0,68247360.0,168,5
Home,tier2,premium,2864.0,3,30,8592.0,7435954.0,13947964.0,21383918.0,65,2
Hospital,tier2,basic,5460.0,1,23,5460.0,5146974.0,6154569.0,11301543.0,84,3
Bridge,tier1,standard,19185.6,1,86,19185.6,98453716.0,165006657.0,263460373.0,171,11
Office,tier2,premium,1587.0,3,24,4761.0,6916344.0,8982352.0,15898696.0,62,2
Office,tier1,basic,5359.0,4,51,21436.0,16443899.0,27807456.0,44251355.0,80,5
Apartment,tier1,standard,3864.0,4,56,15456.0,12480419.0,20019475.0,32499894.0,54,4
School,tier1,premium,2745.0,2,8,5490.0,9406023.0,11535591.0,20941614.0,178,2
Road,tier1,standard,4872.0,1,14,4872.0,658819.0,2039967.0,2698785.0,38,3
School,tier1,premium,4316.0,4,54,17264.0,27991050.0,45019427.0,73010477.0,89,4
Road,tier2,standard,110580.0,1,300,110580.0,15734468.0,33754500.0,49488968.0,41,45
Road,tier2,basic,22640.0,1,72,22640.0,2224229.0,6152070.0,8376299.0,32,9
Office,tier1,premium,5126.0,2,42,10252.0,17402987.0,28825989.0,46228976.0,74,3
Road,tier3,standard,98940.0,1,290,98940.0,9129674.0,33947580.0,43077255.0,42,35
Hospital,tier2,premium,813.0,4,9,3252.0,5783341.0,6882731.0,12666072.0,153,2
Home,tier3,standard,4818.0,4,46,19272.0,13148577.0,19723502.0,32872079.0,79,3
Apartment,tier2,standard,3538.0,2,29,7076.0,5393755.0,9861877.0,15255632.0,70,2
Office,tier1,basic,3371.0,1,10,3371.0,1965585.0,3662553.0,5628138.0,73,2
Hospital,tier3,basic,3831.0,1,3,3831.0,3468381.0,4523736.0,7992116.0,328,2
School,tier3,premium,742.0,2,6,1484.0,1577942.0,2261504.0,3839446.0,76,1
School,tier2,premium,5481.0,3,37,16443.0,23876430.0,30087403.0,53963833.0,104,3
School,tier2,standard,5302.0,3,57,15906.0,14230248.0,18638238.0,32868487.0,70,4
Other,tier2,premium,5991.0,3,36,17973.0,19333518.0,28290748.0,47624266.0,102,4
Bridge,tier2,standard,22378.4,1,75,22378.4,59042675.0,124348235.0,183390910.0,164,15
Hospital,tier3,premium,1741.0,1,3,1741.0,2997433.0,3940270.0,6937704.0,234,2
Hospital,tier2,standard,3763.0,1,12,3763.0,5934086.0,6491547.0,12425633.0,120,2
Office,tier1,standard,1978.0,4,18,7912.0,10202980.0,17673307.0,27876287.0,88,3
Office,tier1,standard,3253.0,1,6,3253.0,2860092.0,4171249.0,7031341.0,89,2
Road,tier1,standard,90516.0,1,300,90516.0,16055262.0,40044068.0,56099330.0,35,34
Office,tier1,premium,1374.0,2,9,2748.0,4170428.0,7123028.0,11293456.0,70,2
Road,tier2,standard,36720.0,1,112,36720.0,4001960.0,12380055.0,16382015.0,31,16
Road,tier3,premium,42614.0,1,106,42614.0,6960281.0,19190045.0,26150326.0,45,18
School,tier1,basic,5605.0,1,25,5605.0,3106097.0,5893494.0,8999590.0,57,2
Office,tier2,basic,3406.0,2,19,6812.0,6050686.0,6687843.0,12738529.0,65,3
Apartment,tier1,standard,2309.0,1,12,2309.0,1585034.0,3058068.0,4643102.0,59,2
Road,tier2,standard,48184.0,1,230,48184.0,7585817.0,16121709.0,23707526.0,33,23
Hospital,tier2,premium,2098.0,2,21,4196.0,8573435.0,10450079.0,19023514.0,112,2
Home,tier2,basic,1234.0,4,22,4936.0,2761954.0,4159896.0,6921850.0,34,2
Road,tier3,basic,65592.0,1,172,65592.0,6436569.0,16389558.0,22826127.0,37,27
Home,tier3,standard,4668.0,4,63,18672.0,11254398.0,14552300.0,25806699.0,60,2
Hospital,tier3,premium,1512.0,3,14,4536.0,8415488.0,8282698.0,16698186.0,136,2
Road,tier3,premium,55782.0,1,240,55782.0,9782229.0,17652397.0,27434627.0,35,20
Apartment,tier2,premium,4616.0,3,46,13848.0,14612950.0,23052178.0,37665128.0,86,4
Office,tier2,standard,4323.0,1,13,4323.0,3402403.0,5227592.0,8629995.0,66,2
School,tier2,premium,847.0,2,9,1694.0,1901189.0,2901237.0,4802426.0,72,1
Office,tier3,basic,663.0,1,3,663.0,353339.0,647056.0,1000395.0,53,1
School,tier1,premium,798.0,1,3,798.0,985801.0,1567805.0,2553606.0,74,1
Road,tier1,standard,33572.0,1,96,33572.0,4085251.0,12927142.0,17012393.0,40,12
Road,tier1,standard,129177.0,1,300,129177.0,23709156.0,50456017.0,74165173.0,37,37
Office,tier2,standard,813.0,3,9,2439.0,1970294.0,3572251.0,5542545.0,75,2
Home,tier2,standard,4326.0,2,33,8652.0,6512603.0,10417157.0,16929760.0,48,2
Home,tier1,basic,4507.0,3,49,13521.0,12298043.0,14932733.0,27230776.0,58,3
Other,tier2,basic,5796.0,1,4,5796.0,2069935.0,3731124.0,5801060.0,194,2
Road,tier2,standard,93296.0,1,195,93296.0,16485090.0,35859066.0,52344156.0,42,38
Home,tier3,premium,5747.0,3,52,17241.0,16574926.0,21002119.0,37577045.0,74,3
Other,tier1,standard,2927.0,4,43,11708.0,9032185.0,17694093.0,26726278.0,49,3
Home,tier1,basic,1885.0,3,12,5655.0,3992300.0,6242167.0,10234467.0,62,2
Road,tier2,standard,39816.0,1,86,39816.0,4808881.0,10154840.0,14963721.0,34,14
Hospital,tier2,basic,3319.0,2,20,6638.0,6504018.0,7299774.0,13803792.0,124,3
Apartment,tier3,basic,2225.0,2,22,4450.0,2068652.0,4063498.0,6132150.0,52,2
Hospital,tier2,basic,4001.0,4,13,16004.0,19650245.0,19831979.0,39482223.0,290,6
Road,tier3,standard,49777.0,1,12,49777.0,5504872.0,13787775.0,19292647.0,298,21
Other,tier2,basic,4586.0,4,98,18344.0,10699431.0,15695556.0,26394987.0,35,4
Home,tier2,basic,4530.0,1,7,4530.0,1860306.0,4537445.0,6397750.0,96,1
Other,tier3,basic,505.0,2,3,1010.0,505420.0,598160.0,1103581.0,59,1
Apartment,tier1,standard,3340.0,1,5,3340.0,3631636.0,4691531.0,8323167.0,119,2
Apartment,tier3,basic,5186.0,1,15,5186.0,2325150.0,3453589.0,5778740.0,79,2
Office,tier1,basic,4087.0,4,52,16348.0,13695232.0,18507257.0,32202488.0,64,5
Home,tier2,standard,4433.0,1,23,4433.0,3083694.0,4658725.0,7742419.0,41,2
Hospital,tier1,standard,5867.0,3,73,17601.0,23428236.0,26573555.0,50001791.0,106,4
Bridge,tier2,premium,15664.0,1,29,15664.0,69032446.0,149554346.0,218586792.0,303,10
Bridge,tier3,standard,2292.0,1,3,2292.0,6120151.0,11559435.0,17679586.0,294,3
Apartment,tier1,standard,565.0,4,9,2260.0,2425876.0,3373436.0,5799312.0,49,1
School,tier1,premium,1243.0,2,7,2486.0,4321963.0,5748153.0,10070117.0,105,1
Office,tier2,standard,4308.0,2,21,8616.0,7984513.0,11467299.0,19451812.0,94,2
Road,tier1,standard,6900.0,1,33,6900.0,1071399.0,3509014.0,4580413.0,33,3
Home,tier2,basic,4808.0,3,19,14424.0,8807210.0,15319931.0,24127141.0,110,3
Home,tier3,basic,5271.0,4,61,21084.0,10248655.0,17369321.0,27617976.0,54,3
Home,tier1,basic,5406.0,2,44,10812.0,7512900.0,10011785.0,17524685.0,45,2
Apartment,tier2,standard,668.0,4,5,2672.0,2208619.0,3807899.0,6016518.0,100,1
Hospital,tier2,premium,2222.0,2,22,4444.0,8593044.0,8743209.0,17336253.0,116,2
Bridge,tier1,basic,23862.8,1,51,23862.8,60169802.0,125825139.0,185994941.0,233,18
Road,tier1,standard,8740.0,1,28,8740.0,1175662.0,3914867.0,5090529.0,35,4
Hospital,tier2,premium,5473.0,4,55,21892.0,58418829.0,51169703.0,109588532.0,166,6
Apartment,tier2,standard,5805.0,3,3,17415.0,14575840.0,23484878.0,38060718.0,959,4
Apartment,tier3,basic,4746.0,2,27,9492.0,4961326.0,7992378.0,12953704.0,73,2
Bridge,tier2,premium,17427.6,1,74,17427.6,72088239.0,158136856.0,230225095.0,166,14
Apartment,tier2,basic,1047.0,4,9,4188.0,2808806.0,4161219.0,6970026.0,90,2
Bridge,tier3,basic,30791.2,1,80,30791.2,69957038.0,117322923.0,187279961.0,175,18
Road,tier3,standard,178414.0,1,300,178414.0,18494516.0,49288057.0,67782573.0,50,67
Apartment,tier3,basic,5696.0,4,90,22784.0,11460093.0,20828686.0,32288780.0,62,5
Road,tier1,premium,6360.0,1,19,6360.0,1498836.0,4032187.0,5531023.0,46,3
Road,tier3,basic,41085.0,1,138,41085.0,2942933.0,9119946.0,12062878.0,32,23
Office,tier3,premium,5447.0,4,74,21788.0,22332137.0,37757364.0,60089501.0,71,6
Bridge,tier3,basic,18618.4,1,51,18618.4,37329370.0,63592533.0,100921903.0,247,12
Bridge,tier2,premium,27180.0,1,144,27180.0,120049803.0,224684758.0,344734561.0,160,18
Hospital,tier3,basic,3040.0,2,13,6080.0,4794614.0,6428923.0,11223537.0,146,2
Road,tier2,premium,16802.0,1,70,16802.0,3876787.0,8595084.0,12471871.0,33,9
Office,tier2,basic,2653.0,1,13,2653.0,2050259.0,2758869.0,4809128.0,48,1
Apartment,tier2,premium,448.0,1,3,448.0,570665.0,733741.0,1304406.0,57,1
Road,tier2,premium,11660.0,1,40,11660.0,1904043.0,6306395.0,8210438.0,38,5
Apartment,tier3,standard,1798.0,2,14,3596.0,1405931.0,3402635.0,4808566.0,67,2
Office,tier1,basic,1056.0,4,12,4224.0,4863378.0,6548600.0,11411978.0,65,2
School,tier2,standard,2711.0,1,3,2711.0,1995315.0,3042833.0,5038148.0,150,1
Bridge,tier2,standard,13510.0,1,41,13510.0,33909837.0,79465255.0,113375092.0,185,9
Apartment,tier2,standard,4453.0,2,47,8906.0,8398719.0,11328965.0,19727684.0,63,3
Home,tier2,standard,2427.0,3,29,7281.0,4805527.0,7673429.0,12478955.0,53,2
Apartment,tier3,premium,3312.0,3,34,9936.0,8415175.0,17406795.0,25821970.0,81,3
Bridge,tier3,premium,15139.2,1,64,15139.2,57572388.0,102585637.0,160158025.0,188,10
School,tier2,standard,5174.0,1,16,5174.0,4256878.0,5829639.0,10086517.0,73,2
Bridge,tier1,basic,13910.4,1,47,13910.4,34622288.0,83330109.0,117952397.0,176,6
Home,tier2,basic,592.0,4,7,2368.0,1293095.0,1817717.0,3110812.0,64,1
Road,tier3,standard,108300.0,1,300,108300.0,13165108.0,30475656.0,43640765.0,37,30
Office,tier2,premium,2208.0,1,6,2208.0,3010140.0,4403006.0,7413146.0,93,2
Road,tier3,standard,2093.0,1,6,2093.0,174400.0,673172.0,847572.0,35,2
School,tier3,basic,3746.0,1,16,3746.0,2492528.0,3954593.0,6447121.0,45,2
Road,tier2,standard,29916.0,1,93,29916.0,3722940.0,10768291.0,14491231.0,39,11
Home,tier2,standard,4089.0,1,16,4089.0,2444902.0,4034587.0,6479489.0,58,1
Home,tier2,premium,1768.0,4,29,7072.0,8563775.0,10768484.0,19332259.0,61,2
Home,tier2,standard,3213.0,4,42,12852.0,7746496.0,12871027.0,20617523.0,72,2
Home,tier1,basic,2114.0,1,6,2114.0,1640162.0,2311638.0,3951799.0,55,1
School,tier1,basic,2633.0,2,9,5266.0,5047660.0,6812349.0,11860009.0,88,2
Home,tier1,basic,3451.0,1,7,3451.0,2574107.0,3740351.0,6314458.0,81,1
Apartment,tier2,standard,800.0,1,3,800.0,473321.0,918979.0,1392300.0,77,2
Office,tier1,standard,574.0,4,9,2296.0,1971702.0,4107098.0,6078800.0,71,1
Home,tier2,basic,4298.0,1,9,4298.0,2703791.0,3525928.0,6229719.0,63,1
Apartment,tier2,basic,895.0,1,3,895.0,404462.0,804473.0,1208935.0,62,1
Office,tier2,premium,5460.0,2,39,10920.0,12682594.0,18770648.0,31453242.0,64,4
Road,tier3,premium,11044.0,1,49,11044.0,1448205.0,4450053.0,5898259.0,40,5
Other,tier2,standard,4929.0,4,116,19716.0,16873136.0,27085692.0,43958828.0,37,4
Apartment,tier1,standard,3039.0,2,24,6078.0,5704316.0,8542734.0,14247050.0,58,2
Hospital,tier3,premium,4326.0,3,33,12978.0,24448120.0,27459676.0,51907796.0,157,6
Home,tier3,standard,1440.0,1,6,1440.0,939659.0,1384623.0,2324282.0,51,1
School,tier2,premium,3951.0,2,17,7902.0,8710716.0,12994292.0,21705007.0,115,3
Other,tier3,basic,2140.0,1,13,2140.0,875059.0,1453569.0,2328628.0,37,1
Apartment,tier1,basic,4723.0,2,18,9446.0,4024347.0,11646784.0,15671130.0,87,3
Home,tier3,basic,2456.0,2,19,4912.0,2495946.0,4182555.0,6678500.0,46,2
Road,tier1,premium,42692.0,1,142,42692.0,11052428.0,22706734.0,33759161.0,38,15
Office,tier2,standard,5407.0,3,46,16221.0,13038807.0,24741149.0,37779956.0,88,4
Home,tier1,basic,438.0,3,4,1314.0,838002.0,1417337.0,2255338.0,55,1
Hospital,tier3,premium,750.0,3,11,2250.0,3407172.0,4132678.0,7539850.0,118,2
Office,tier1,premium,2403.0,2,19,4806.0,9221581.0,11751192.0,20972773.0,71,2
Road,tier1,basic,1650.0,1,5,1650.0,201640.0,502163.0,703803.0,28,2
Home,tier1,standard,5261.0,3,85,15783.0,10819529.0,20225960.0,31045490.0,50,3
Road,tier2,standard,37541.0,1,120,37541.0,4797179.0,13987096.0,18784275.0,38,13
Home,tier1,basic,5164.0,1,22,5164.0,2761657.0,5336065.0,8097722.0,47,1
Road,tier2,standard,93873.0,1,166,93873.0,10214016.0,35555147.0,45769163.0,42,27
Home,tier2,basic,4375.0,1,8,4375.0,2481987.0,3929909.0,6411896.0,77,1
Other,tier3,premium,5495.0,2,46,10990.0,12867260.0,11815421.0,24682681.0,66,2
Home,tier1,premium,2130.0,3,24,6390.0,10479454.0,13809865.0,24289319.0,70,2
Bridge,tier3,premium,11782.4,1,69,11782.4,46289788.0,67440066.0,113729854.0,158,8
Home,tier2,standard,4868.0,3,37,14604.0,10667085.0,20831164.0,31498249.0,78,2
Home,tier1,basic,5822.0,2,48,11644.0,7395422.0,12336632.0,19732054.0,53,1
Office,tier1,standard,1696.0,2,10,3392.0,3192274.0,4708621.0,7900894.0,74,2
Home,tier1,standard,4806.0,1,21,4806.0,3396293.0,4762946.0,8159239.0,55,1
Home,tier2,basic,1654.0,4,28,6616.0,3367530.0,6197528.0,9565057.0,51,2
Road,tier1,standard,80010.0,1,264,80010.0,13773371.0,30458374.0,44231745.0,38,45
School,tier3,basic,3400.0,4,34,13600.0,8259838.0,9424138.0,17683976.0,85,5
Home,tier2,basic,5301.0,3,47,15903.0,10695418.0,13044557.0,23739975.0,51,2
Road,tier1,standard,6981.0,1,14,6981.0,1331233.0,3577919.0,4909152.0,52,4
School,tier2,standard,822.0,4,12,3288.0,2962528.0,3648767.0,6611295.0,68,2
Office,tier1,standard,2367.0,2,3,4734.0,4616082.0,8363973.0,12980055.0,219,2
Road,tier1,standard,87618.0,1,233,87618.0,13696135.0,35889809.0,49585944.0,46,35
Home,tier2,standard,3781.0,4,66,15124.0,12251715.0,14861001.0,27112716.0,48,3
Office,tier1,standard,3480.0,4,61,13920.0,14723326.0,21551366.0,36274692.0,62,4
Road,tier1,standard,18840.0,1,27,18840.0,4151799.0,9008640.0,13160439.0,62,8
Other,tier3,standard,3632.0,4,58,14528.0,9329765.0,13898243.0,23228008.0,43,3
Other,tier2,standard,1409.0,3,8,4227.0,2663870.0,4878886.0,7542756.0,84,1
Other,tier3,standard,838.0,1,3,838.0,454645.0,673282.0,1127927.0,59,1
Road,tier1,basic,70288.0,1,297,70288.0,9670856.0,22171413.0,31842269.0,28,27
Home,tier3,standard,1171.0,2,5,2342.0,1317115.0,2154937.0,3472052.0,76,1
Office,tier2,basic,4319.0,1,22,4319.0,3361758.0,4753560.0,8115319.0,54,2
Office,tier1,premium,5872.0,3,64,17616.0,27643423.0,45907658.0,73551081.0,84,5
Home,tier3,premium,5592.0,3,65,16776.0,15511465.0,24866686.0,40378151.0,50,3
Home,tier1,standard,3571.0,3,49,10713.0,11466718.0,14626095.0,26092813.0,47,2
Road,tier2,premium,31662.0,1,138,31662.0,8219647.0,16699089.0,24918736.0,34,14
Office,tier3,standard,4083.0,2,35,8166.0,6204784.0,8848399.0,15053183.0,72,3
Home,tier2,basic,1126.0,4,12,4504.0,2437911.0,3960801.0,6398712.0,67,2
Hospital,tier2,standard,3683.0,2,15,7366.0,8204392.0,13486086.0,21690477.0,136,3
Road,tier2,premium,23577.0,1,71,23577.0,5716536.0,11991614.0,17708150.0,48,10
Apartment,tier1,basic,3480.0,1,14,3480.0,2897398.0,4034641.0,6932039.0,59,2
Office,tier3,basic,4880.0,4,36,19520.0,10583342.0,18913831.0,29497173.0,77,5
Bridge,tier1,standard,4449.6,1,18,4449.6,17424957.0,33781261.0,51206218.0,149,4
Home,tier1,standard,1729.0,1,7,1729.0,1733049.0,2543401.0,4276450.0,58,1
Road,tier1,standard,29304.0,1,91,29304.0,3209568.0,9565530.0,12775098.0,38,13
Home,tier3,standard,4001.0,4,54,16004.0,9512507.0,17783323.0,27295831.0,51,3
Home,tier3,standard,1019.0,1,3,1019.0,523547.0,944406.0,1467953.0,72,1
School,tier2,basic,2794.0,3,32,8382.0,6038528.0,7492669.0,13531196.0,67,3
Office,tier3,standard,5621.0,4,95,22484.0,17479851.0,28445620.0,45925472.0,60,6
Home,tier1,premium,4111.0,3,82,12333.0,17086965.0,31326104.0,48413070.0,45,3
Apartment,tier3,standard,5650.0,2,40,11300.0,6342450.0,9930689.0,16273139.0,64,3
Home,tier1,standard,579.0,3,4,1737.0,1487291.0,2393752.0,3881043.0,89,1
School,tier2,basic,4356.0,1,5,4356.0,2628860.0,3323971.0,5952832.0,112,1
Bridge,tier1,basic,48131.2,1,81,48131.2,147346230.0,234115961.0,381462191.0,225,40
Office,tier3,standard,816.0,3,6,2448.0,1539492.0,2495415.0,4034907.0,86,2
Road,tier3,standard,14763.0,1,61,14763.0,1763031.0,5547718.0,7310749.0,40,8
Home,tier2,standard,5627.0,2,32,11254.0,8376391.0,14415413.0,22791805.0,55,3
Hospital,tier1,standard,2744.0,2,21,5488.0,9197135.0,9141653.0,18338788.0,121,3
Office,tier1,premium,5538.0,4,55,22152.0,32235314.0,61078320.0,93313634.0,98,5
Home,tier2,premium,1041.0,4,16,4164.0,4303734.0,7183354.0,11487088.0,63,2
Office,tier2,basic,4074.0,2,35,8148.0,4758545.0,8731082.0,13489627.0,63,3
Apartment,tier1,basic,2845.0,1,8,2845.0,1941439.0,2737156.0,4678595.0,68,1
Apartment,tier2,premium,2076.0,1,8,2076.0,1668035.0,3180264.0,4848300.0,74,2
Apartment,tier2,basic,3432.0,3,29,10296.0,5210561.0,9589908.0,14800470.0,68,3
School,tier3,basic,3839.0,2,15,7678.0,5399013.0,6132633.0,11531646.0,102,2
Hospital,tier2,basic,549.0,3,7,1647.0,1354689.0,1796556.0,3151245.0,113,2
Road,tier2,standard,44600.0,1,170,44600.0,7571729.0,16184996.0,23756726.0,29,13
Apartment,tier2,basic,2085.0,4,34,8340.0,5225806.0,8641912.0,13867718.0,62,3
Bridge,tier1,basic,17886.0,1,80,17886.0,36902288.0,107979810.0,144882097.0,169,12
Road,tier2,standard,118335.0,1,300,118335.0,16231691.0,44829506.0,61061198.0,35,56
School,tier3,standard,2001.0,1,6,2001.0,1465306.0,2007358.0,3472665.0,87,2
Bridge,tier1,basic,36624.0,1,110,36624.0,98830865.0,144133858.0,242964723.0,183,25
Home,tier2,standard,1783.0,3,20,5349.0,3813703.0,6071706.0,9885410.0,51,2
Road,tier3,standard,13640.0,1,43,13640.0,1518219.0,3838075.0,5356294.0,41,8
Office,tier2,standard,3482.0,2,24,6964.0,8276831.0,9046610.0,17323440.0,76,2
Apartment,tier2,standard,3913.0,3,29,11739.0,9644650.0,13264153.0,22908803.0,76,3
Road,tier2,basic,13848.0,1,30,13848.0,1179758.0,3700401.0,4880159.0,44,6
Apartment,tier2,basic,2650.0,3,18,7950.0,3489587.0,7224557.0,10714144.0,89,3
Road,tier1,premium,111008.0,1,300,111008.0,26332441.0,69633244.0,95965685.0,36,43
Apartment,tier3,basic,2009.0,1,7,2009.0,722332.0,1421765.0,2144097.0,68,1
Home,tier3,premium,715.0,1,3,715.0,696328.0,1062171.0,1758498.0,55,1
Apartment,tier1,basic,5182.0,2,43,10364.0,7459747.0,10843740.0,18303486.0,66,3
Road,tier1,standard,16678.0,1,84,16678.0,1668349.0,7146354.0,8814704.0,26,9
Office,tier2,standard,4118.0,3,34,12354.0,14140679.0,17020704.0,31161383.0,79,4
Office,tier2,premium,1857.0,3,12,5571.0,6002482.0,9778065.0,15780547.0,102,2
Office,tier2,basic,3873.0,1,17,3873.0,2648257.0,3607481.0,6255737.0,52,2
Road,tier2,basic,74178.0,1,249,74178.0,6493168.0,16239255.0,22732422.0,25,21
Hospital,tier2,standard,924.0,3,9,2772.0,3280340.0,5267921.0,8548261.0,135,2
Apartment,tier2,basic,2170.0,2,20,4340.0,2660184.0,4424110.0,7084294.0,63,2
Hospital,tier1,standard,1850.0,1,6,1850.0,2786922.0,3268362.0,6055283.0,123,1
Bridge,tier1,premium,59892.0,1,227,59892.0,318102058.0,543621775.0,861723832.0,207,38
Road,tier2,basic,6732.0,1,24,6732.0,546623.0,1598514.0,2145137.0,29,4
Apartment,tier3,premium,4287.0,1,31,4287.0,4144887.0,5838613.0,9983500.0,61,2
Apartment,tier2,basic,2832.0,4,36,11328.0,7947218.0,13329174.0,21276392.0,70,3
Office,tier2,premium,1263.0,3,17,3789.0,5502123.0,8161417.0,13663540.0,68,2
Other,tier3,premium,5560.0,3,51,16680.0,17904025.0,23868185.0,41772210.0,82,3
Road,tier2,standard,123960.0,1,300,123960.0,17778305.0,35356417.0,53134723.0,37,46
Apartment,tier2,premium,2660.0,4,33,10640.0,13512833.0,22431286.0,35944119.0,71,3
Other,tier1,premium,3253.0,2,28,6506.0,9396642.0,13399595.0,22796237.0,59,2
Hospital,tier2,basic,2236.0,4,29,8944.0,9375401.0,12012170.0,21387571.0,110,5
Home,tier2,basic,2600.0,1,10,2600.0,1591663.0,1696662.0,3288325.0,42,1
School,tier3,basic,797.0,4,8,3188.0,2147065.0,2781087.0,4928152.0,79,2
Home,tier2,standard,5054.0,2,24,10108.0,6375864.0,11178848.0,17554711.0,75,2
Apartment,tier2,standard,2555.0,3,9,7665.0,7361642.0,9245444.0,16607085.0,165,2
Office,tier1,standard,4298.0,4,65,17192.0,15462062.0,32506996.0,47969058.0,58,5
Hospital,tier3,standard,693.0,2,4,1386.0,1332047.0,1745618.0,3077665.0,124,1
Apartment,tier1,standard,913.0,1,5,913.0,796863.0,1283638.0,2080500.0,58,1
Home,tier2,basic,2445.0,4,27,9780.0,6862789.0,10597564.0,17460353.0,65,2
Road,tier2,basic,95082.0,1,300,95082.0,9418703.0,20820025.0,30238728.0,36,47
School,tier1,premium,5819.0,3,81,17457.0,26838284.0,47586770.0,74425054.0,65,4
Road,tier2,basic,63344.0,1,193,63344.0,6680295.0,18039669.0,24719965.0,35,28
Home,tier1,basic,3513.0,2,17,7026.0,4754690.0,7290395.0,12045084.0,61,2
Home,tier2,basic,2365.0,2,15,4730.0,2230885.0,4013225.0,6244109.0,51,1
Road,tier3,premium,144705.0,1,300,144705.0,19621422.0,55299319.0,74920741.0,53,53
School,tier2,basic,1187.0,1,7,1187.0,893576.0,1116362.0,2009938.0,50,1
School,tier3,standard,2075.0,1,4,2075.0,1301377.0,1806470.0,3107847.0,107,2
Home,tier1,basic,686.0,2,5,1372.0,647511.0,1080604.0,1728115.0,54,1
Road,tier2,basic,132088.0,1,300,132088.0,13482098.0,35533914.0,49016012.0,38,55
Road,tier3,standard,164844.0,1,300,164844.0,19271670.0,38899965.0,58171635.0,53,67
Office,tier3,standard,507.0,4,11,2028.0,1350709.0,2605476.0,3956185.0,52,2
Hospital,tier2,standard,1045.0,2,5,2090.0,2312194.0,2930709.0,5242903.0,130,2
Office,tier2,basic,5437.0,1,8,5437.0,3333059.0,4732417.0,8065476.0,95,2
Bridge,tier3,premium,50377.6,1,180,50377.6,180861093.0,381831030.0,562692123.0,243,36
Apartment,tier3,standard,3637.0,1,14,3637.0,2396573.0,3636678.0,6033251.0,62,2
Bridge,tier2,premium,24217.2,1,69,24217.2,146472940.0,211871296.0,358344236.0,251,18
School,tier1,basic,3156.0,4,32,12624.0,10925910.0,15233093.0,26159003.0,80,4
Home,tier1,standard,5182.0,2,36,10364.0,9043870.0,15349962.0,24393831.0,49,2
Home,tier2,basic,4410.0,1,8,4410.0,2372888.0,3437838.0,5810726.0,82,2
Home,tier2,standard,3485.0,3,40,10455.0,8948644.0,13048182.0,21996827.0,54,2
Apartment,tier1,standard,1521.0,3,13,4563.0,3959621.0,6324593.0,10284214.0,80,2
Apartment,tier1,standard,5158.0,4,102,20632.0,19763752.0,32013101.0,51776853.0,56,5
Home,tier2,basic,521.0,2,4,1042.0,570264.0,885484.0,1455748.0,48,1
Office,tier2,basic,3521.0,2,22,7042.0,3817604.0,6621517.0,10439120.0,69,2
Office,tier2,basic,3845.0,3,35,11535.0,8156000.0,13996656.0,22152656.0,62,4
School,tier2,premium,5697.0,1,6,5697.0,5733650.0,11313868.0,17047517.0,210,2
School,tier1,basic,1296.0,1,4,1296.0,741740.0,1390424.0,2132164.0,74,1
Hospital,tier3,basic,2017.0,4,25,8068.0,7984981.0,8578356.0,16563337.0,87,3
Apartment,tier2,standard,468.0,1,3,468.0,388999.0,616694.0,1005694.0,51,1
Office,tier1,basic,1783.0,3,17,5349.0,3856585.0,6600485.0,10457070.0,80,2
School,tier2,premium,5601.0,3,84,16803.0,28988676.0,30250504.0,59239180.0,69,5
School,tier2,basic,448.0,2,3,896.0,578007.0,848769.0,1426776.0,62,1
Office,tier2,premium,4815.0,2,23,9630.0,13374034.0,17587735.0,30961769.0,106,3
Apartment,tier2,standard,5635.0,4,31,22540.0,20129394.0,32864453.0,52993847.0,106,5
Home,tier2,standard,1039.0,4,12,4156.0,3350613.0,5084066.0,8434679.0,65,1
Hospital,tier2,standard,2419.0,1,5,2419.0,3649115.0,3388435.0,7037550.0,149,2
Hospital,tier1,standard,5419.0,4,39,21676.0,29696184.0,54909464.0,84605648.0,172,8
Apartment,tier2,standard,4432.0,1,13,4432.0,2773073.0,4170893.0,6943966.0,68,2
Bridge,tier1,basic,19289.6,1,90,19289.6,49176336.0,120277414.0,169453750.0,144,12
Office,tier2,premium,5248.0,2,46,10496.0,15706182.0,18206868.0,33913050.0,50,4
Apartment,tier2,standard,4896.0,2,18,9792.0,7483452.0,11040725.0,18524177.0,101,3
Apartment,tier2,standard,2145.0,3,22,6435.0,3376954.0,6369998.0,9746952.0,73,2
Bridge,tier1,standard,30323.2,1,116,30323.2,129749019.0,232608217.0,362357236.0,197,18
Apartment,tier2,standard,2107.0,1,8,2107.0,1267587.0,2391288.0,3658875.0,84,2
Office,tier2,standard,3301.0,1,17,3301.0,2294733.0,3856289.0,6151022.0,51,2
School,tier2,standard,4765.0,3,28,14295.0,12128146.0,14725296.0,26853442.0,104,3
Apartment,tier2,basic,4142.0,3,29,12426.0,5019998.0,10214870.0,15234868.0,79,4
Office,tier1,standard,5823.0,2,30,11646.0,12429635.0,20671976.0,33101611.0,79,3
Road,tier2,basic,16146.0,1,61,16146.0,2416127.0,4765885.0,7182012.0,30,7
Other,tier2,premium,5574.0,2,3,11148.0,10567958.0,16224337.0,26792294.0,591,3
Apartment,tier2,basic,5483.0,4,67,21932.0,13173812.0,24196191.0,37370002.0,83,5
Apartment,tier1,premium,2540.0,1,3,2540.0,3315658.0,5349583.0,8665241.0,176,1
Road,tier3,standard,36828.0,1,123,36828.0,4272433.0,11167715.0,15440149.0,31,15
Other,tier3,standard,1663.0,2,19,3326.0,1873696.0,3067451.0,4941147.0,43,2
Home,tier3,premium,5672.0,1,25,5672.0,6295963.0,7271779.0,13567742.0,49,2
Bridge,tier1,basic,57208.8,1,109,57208.8,151370846.0,273010618.0,424381464.0,230,35
Road,tier2,standard,113580.0,1,300,113580.0,16168300.0,38892876.0,55061176.0,45,54
Apartment,tier1,basic,805.0,1,3,805.0,556334.0,1040294.0,1596628.0,61,1
Apartment,tier3,basic,1363.0,3,20,4089.0,2275366.0,3395713.0,5671079.0,58,2
Hospital,tier2,standard,4820.0,2,7,9640.0,10696249.0,18152171.0,28848420.0,328,4
School,tier1,standard,722.0,4,8,2888.0,3561962.0,4493937.0,8055898.0,82,2
Road,tier2,premium,128716.0,1,300,128716.0,27960735.0,58392669.0,86353404.0,47,53
Bridge,tier3,basic,13542.4,1,27,13542.4,22460759.0,52498027.0,74958785.0,251,7
Bridge,tier3,standard,16390.4,1,86,16390.4,34417880.0,71492295.0,105910175.0,133,10
Home,tier2,basic,3708.0,3,17,11124.0,6472605.0,10404554.0,16877159.0,82,2
Bridge,tier2,basic,23620.8,1,46,23620.8,64995440.0,116205830.0,181201270.0,237,13
Apartment,tier3,basic,3900.0,1,20,3900.0,1911753.0,2951022.0,4862776.0,58,2
Hospital,tier3,standard,741.0,2,5,1482.0,1574849.0,2081830.0,3656679.0,122,1
Apartment,tier3,standard,5039.0,4,63,20156.0,15316884.0,22807885.0,38124769.0,80,6
Road,tier2,basic,54208.0,1,141,54208.0,3197250.0,12183479.0,15380729.0,32,27
Bridge,tier2,basic,4820.0,1,16,4820.0,10486897.0,20397989.0,30884886.0,170,3
Home,tier3,standard,5252.0,4,60,21008.0,14451080.0,20803799.0,35254879.0,65,2
Road,tier1,premium,62678.0,1,155,62678.0,13369271.0,31853606.0,45222877.0,49,28
Road,tier2,basic,52410.0,1,89,52410.0,6283843.0,12886565.0,19170407.0,43,23
Office,tier1,standard,2226.0,2,15,4452.0,3655069.0,6201876.0,9856945.0,64,2
Home,tier2,standard,4797.0,2,25,9594.0,8230612.0,10878297.0,19108909.0,67,2
Hospital,tier3,standard,4046.0,4,45,16184.0,19809921.0,23713671.0,43523592.0,142,6
Road,tier1,basic,179006.0,1,300,179006.0,14072788.0,64942506.0,79015294.0,59,87
Road,tier2,premium,83230.0,1,228,83230.0,21952458.0,40386472.0,62338930.0,40,42
Office,tier1,standard,3716.0,1,12,3716.0,3998499.0,5899422.0,9897921.0,72,2
Bridge,tier3,standard,12675.6,1,67,12675.6,41112568.0,60465543.0,101578110.0,137,11
Road,tier3,premium,54441.0,1,206,54441.0,9985512.0,23135016.0,33120528.0,37,20
Road,tier2,premium,51388.0,1,139,51388.0,9339393.0,23350755.0,32690148.0,44,25
School,tier2,standard,1550.0,3,10,4650.0,5435163.0,6076415.0,11511578.0,97,2
Home,tier1,premium,2322.0,2,15,4644.0,6765335.0,10869488.0,17634823.0,55,1
Apartment,tier3,basic,3082.0,4,52,12328.0,5528156.0,11679402.0,17207558.0,57,4
Home,tier2,standard,1673.0,4,18,6692.0,5224328.0,8286204.0,13510532.0,67,1
Road,tier1,basic,31896.0,1,105,31896.0,3801839.0,11628326.0,15430165.0,33,14
Office,tier3,premium,3573.0,4,37,14292.0,15420201.0,30606074.0,46026275.0,97,3
Bridge,tier1,standard,21606.8,1,62,21606.8,94248476.0,195111156.0,289359632.0,209,17
Office,tier2,basic,991.0,2,4,1982.0,1510314.0,1545638.0,3055951.0,97,1
Apartment,tier1,standard,4736.0,4,68,18944.0,20474543.0,34441021.0,54915564.0,79,4
Road,tier2,standard,57120.0,1,196,57120.0,10330395.0,16848117.0,27178513.0,34,28
School,tier1,standard,2155.0,3,32,6465.0,6513893.0,7997119.0,14511012.0,57,2
Office,tier1,standard,1171.0,4,16,4684.0,6772967.0,7952200.0,14725167.0,70,2
Home,tier2,basic,2983.0,2,14,5966.0,3719315.0,5839855.0,9559170.0,71,2
Road,tier3,basic,11616.0,1,58,11616.0,1232088.0,2668271.0,3900358.0,26,7
Bridge,tier1,standard,34548.8,1,127,34548.8,129144536.0,252957320.0,382101856.0,161,18
Road,tier2,standard,56254.0,1,196,56254.0,6977047.0,21071274.0,28048321.0,37,25
Other,tier2,standard,3219.0,1,10,3219.0,2566316.0,3288418.0,5854734.0,63,2
Hospital,tier3,premium,2535.0,3,26,7605.0,13062542.0,16628436.0,29690978.0,157,3
Other,tier1,standard,3012.0,2,14,6024.0,7510194.0,7368576.0,14878771.0,68,2
Office,tier2,standard,4642.0,2,29,9284.0,10150958.0,11930642.0,22081599.0,74,3
Apartment,tier3,standard,1866.0,4,22,7464.0,4132357.0,8416707.0,12549064.0,82,3
School,tier2,premium,5496.0,2,40,10992.0,15060569.0,18019278.0,33079847.0,76,4
School,tier2,standard,5876.0,2,54,11752.0,10186631.0,12912063.0,23098694.0,56,3
Other,tier3,premium,2831.0,4,50,11324.0,11527707.0,15112904.0,26640611.0,57,4
School,tier2,basic,2559.0,2,20,5118.0,3161439.0,3299320.0,6460760.0,60,1
Apartment,tier2,standard,1716.0,3,6,5148.0,5260213.0,7223758.0,12483971.0,153,1
Hospital,tier2,basic,4956.0,3,41,14868.0,13868746.0,16934854.0,30803600.0,122,5
Home,tier3,standard,4463.0,1,5,4463.0,2691029.0,3786958.0,6477987.0,118,2
Hospital,tier3,premium,2919.0,3,40,8757.0,13271858.0,19331551.0,32603409.0,110,4
Road,tier2,premium,6500.0,1,20,6500.0,1188720.0,2712011.0,3900731.0,40,3
Apartment,tier2,basic,2460.0,3,23,7380.0,4137829.0,6737430.0,10875259.0,69,2
Apartment,tier2,premium,4217.0,2,21,8434.0,9824808.0,14629585.0,24454393.0,107,3
Home,tier1,basic,4992.0,1,24,4992.0,3558542.0,6254284.0,9812826.0,43,1
Home,tier1,standard,2883.0,1,10,2883.0,3008697.0,3570222.0,6578919.0,61,1
Home,tier1,standard,4130.0,3,39,12390.0,10900734.0,17718201.0,28618936.0,61,2
Road,tier1,standard,10500.0,1,36,10500.0,1474886.0,4115965.0,5590850.0,41,6
Home,tier2,basic,805.0,2,6,1610.0,1181944.0,1548656.0,2730600.0,50,1
Hospital,tier1,standard,747.0,1,3,747.0,1196014.0,1438537.0,2634551.0,95,1
School,tier1,standard,1874.0,4,35,7496.0,8445754.0,12432619.0,20878373.0,59,3
Apartment,tier2,standard,1800.0,2,17,3600.0,2490251.0,3618226.0,6108477.0,79,2
Office,tier1,standard,1463.0,2,10,2926.0,3585195.0,4781525.0,8366720.0,60,1
Bridge,tier1,standard,15465.6,1,36,15465.6,65369720.0,98386539.0,163756259.0,244,11
Home,tier1,standard,3793.0,1,14,3793.0,3124117.0,6666096.0,9790213.0,66,1
Apartment,tier1,basic,633.0,1,3,633.0,470396.0,709496.0,1179892.0,49,1
Home,tier2,standard,5459.0,1,27,5459.0,4467518.0,5481515.0,9949034.0,52,1
Home,tier3,standard,2088.0,2,21,4176.0,2701085.0,3037063.0,5738148.0,52,1
Office,tier3,basic,5933.0,4,97,23732.0,15021249.0,19741223.0,34762471.0,56,8
Apartment,tier3,basic,1669.0,3,9,5007.0,2345390.0,4005119.0,6350509.0,79,2
Home,tier2,premium,872.0,4,9,3488.0,4177363.0,6005903.0,10183266.0,86,2
School,tier3,premium,1129.0,2,7,2258.0,1877993.0,2747890.0,4625883.0,85,1
Hospital,tier2,standard,2562.0,2,12,5124.0,5688200.0,7810504.0,13498704.0,143,3
Apartment,tier2,standard,5576.0,2,32,11152.0,8046134.0,12796792.0,20842926.0,85,4
Home,tier2,premium,3493.0,1,12,3493.0,3877942.0,5694812.0,9572754.0,66,1
Home,tier2,standard,1105.0,3,13,3315.0,1738200.0,3413988.0,5152188.0,44,2
Road,tier2,basic,119000.0,1,300,119000.0,12215873.0,36543412.0,48759285.0,37,57
Office,tier1,standard,3140.0,4,41,12560.0,15752708.0,25203858.0,40956566.0,74,3
Hospital,tier3,premium,3447.0,3,30,10341.0,15946404.0,18441345.0,34387749.0,154,4
Road,tier1,standard,26559.0,1,46,26559.0,5026743.0,14843157.0,19869900.0,60,15
Road,tier2,basic,20930.0,1,77,20930.0,2051313.0,5663076.0,7714389.0,25,10
Home,tier3,premium,421.0,1,3,421.0,357898.0,565914.0,923812.0,46,1
School,tier2,standard,4435.0,2,27,8870.0,7611668.0,11840036.0,19451703.0,73,3
Home,tier1,standard,1007.0,3,8,3021.0,2932028.0,4645113.0,7577141.0,69,2
Hospital,tier2,premium,4225.0,3,33,12675.0,28454018.0,27254084.0,55708102.0,170,6
Home,tier2,standard,2314.0,3,28,6942.0,4742032.0,7178220.0,11920251.0,47,1
Other,tier3,premium,2573.0,4,33,10292.0,10131082.0,12655751.0,22786833.0,66,2
Hospital,tier2,premium,1226.0,2,12,2452.0,4531927.0,6139763.0,10671691.0,118,2
Home,tier2,basic,4733.0,2,18,9466.0,6630846.0,7698757.0,14329603.0,72,2
Home,tier2,standard,1422.0,2,13,2844.0,2431975.0,3629133.0,6061107.0,49,1
Office,tier2,standard,445.0,2,3,890.0,734119.0,1111854.0,1845972.0,62,1
Home,tier2,premium,3710.0,3,36,11130.0,13968969.0,17360077.0,31329046.0,77,2
Office,tier1,premium,1248.0,4,19,4992.0,7907398.0,11702101.0,19609499.0,79,1
Apartment,tier1,premium,1355.0,2,12,2710.0,3742921.0,6972847.0,10715768.0,65,2
School,tier1,standard,1622.0,2,15,3244.0,3596741.0,4535777.0,8132518.0,69,2
Home,tier2,standard,3977.0,4,71,15908.0,11567427.0,18213336.0,29780763.0,50,3
School,tier3,basic,4611.0,2,28,9222.0,4894253.0,7350728.0,12244981.0,63,3
Office,tier2,standard,5526.0,1,30,5526.0,4277818.0,5385296.0,9663114.0,58,2
Other,tier2,basic,5899.0,2,47,11798.0,6537389.0,9873896.0,16411285.0,50,3
Home,tier3,premium,1684.0,1,3,1684.0,1478618.0,2141594.0,3620212.0,91,1
Hospital,tier1,standard,1605.0,2,11,3210.0,6689701.0,8156716.0,14846417.0,90,2
Apartment,tier1,standard,1588.0,4,18,6352.0,6946490.0,8693000.0,15639490.0,77,2
Home,tier3,basic,1448.0,4,17,5792.0,3261524.0,3886324.0,7147848.0,52,2
Home,tier3,standard,463.0,4,7,1852.0,1211486.0,2238103.0,3449590.0,57,1
Road,tier2,standard,75660.0,1,276,75660.0,9779342.0,29377437.0,39156778.0,31,22
Apartment,tier1,premium,482.0,2,3,964.0,1407539.0,2384365.0,3791904.0,82,1
Bridge,tier3,premium,9431.6,1,48,9431.6,31925096.0,69768308.0,101693404.0,203,8
School,tier3,standard,2621.0,4,19,10484.0,8247531.0,9187786.0,17435317.0,117,3
Apartment,tier2,premium,4937.0,1,8,4937.0,6704047.0,10526485.0,17230531.0,119,2
Apartment,tier1,basic,3138.0,4,25,12552.0,10206599.0,15774897.0,25981495.0,103,4
Road,tier2,basic,113436.0,1,300,113436.0,12978902.0,28779763.0,41758665.0,42,54
Bridge,tier3,standard,35798.0,1,133,35798.0,116992228.0,178930372.0,295922599.0,178,25
Hospital,tier3,standard,4208.0,3,30,12624.0,11109471.0,16849204.0,27958675.0,139,5
Office,tier2,basic,2208.0,3,17,6624.0,4529630.0,6123941.0,10653572.0,60,3
Apartment,tier2,basic,5980.0,4,79,23920.0,12211776.0,21524794.0,33736569.0,58,5
Home,tier2,standard,1185.0,3,7,3555.0,2691972.0,4269242.0,6961214.0,83,1
Home,tier2,basic,4798.0,2,40,9596.0,4140675.0,7419545.0,11560220.0,43,1
Apartment,tier2,standard,4214.0,2,43,8428.0,6202819.0,11487524.0,17690343.0,56,3
Road,tier1,standard,6678.0,1,21,6678.0,1309809.0,3171211.0,4481019.0,38,2
Home,tier1,premium,2600.0,4,38,10400.0,18831646.0,22960426.0,41792072.0,74,2
Home,tier3,basic,5786.0,4,79,23144.0,11161895.0,19476869.0,30638764.0,48,4
Bridge,tier1,basic,27961.2,1,137,27961.2,72407357.0,168050311.0,240457669.0,139,11
Apartment,tier1,basic,641.0,3,11,1923.0,988514.0,2523408.0,3511921.0,51,1
Home,tier3,basic,3481.0,2,20,6962.0,3117778.0,5521609.0,8639386.0,56,2
Home,tier2,standard,4544.0,4,60,18176.0,15215676.0,20539398.0,35755073.0,68,2
Road,tier1,standard,35904.0,1,154,35904.0,5260705.0,12254038.0,17514743.0,30,16
Other,tier2,basic,4267.0,4,63,17068.0,10899492.0,11664123.0,22563615.0,53,3
Office,tier3,premium,3907.0,4,35,15628.0,20861262.0,27376384.0,48237646.0,132,5
Other,tier2,standard,2237.0,3,8,6711.0,4883062.0,5950028.0,10833090.0,147,2
Apartment,tier2,basic,440.0,3,3,1320.0,635293.0,1146848.0,1782141.0,82,1
Office,tier2,basic,597.0,3,7,1791.0,1069909.0,1888100.0,2958009.0,56,1
Apartment,tier1,premium,4266.0,1,12,4266.0,3332603.0,8172086.0,11504688.0,85,2
Hospital,tier2,standard,4741.0,1,10,4741.0,4650520.0,9592805.0,14243325.0,157,3
Bridge,tier1,premium,54096.0,1,141,54096.0,319312189.0,619709322.0,939021511.0,211,36
Road,tier2,basic,125664.0,1,300,125664.0,15021203.0,34502752.0,49523956.0,47,58
Apartment,tier1,standard,3276.0,3,19,9828.0,10099919.0,15428038.0,25527956.0,98,3
Apartment,tier1,basic,5345.0,2,31,10690.0,7349558.0,10677594.0,18027153.0,72,3
Apartment,tier1,basic,3331.0,1,9,3331.0,1489514.0,3713993.0,5203508.0,77,2
Other,tier3,standard,3596.0,3,60,10788.0,8989669.0,8609185.0,17598853.0,37,3
Road,tier1,standard,46128.0,1,72,46128.0,6381870.0,23275032.0,29656902.0,64,21
Apartment,tier1,basic,1128.0,2,5,2256.0,1541908.0,2152759.0,3694668.0,89,2
Apartment,tier1,basic,4333.0,4,58,17332.0,11809195.0,18038472.0,29847666.0,65,4
Office,tier2,standard,5484.0,3,57,16452.0,18567077.0,18330207.0,36897284.0,71,3
Home,tier2,basic,1019.0,4,19,4076.0,2205276.0,3958155.0,6163431.0,43,1
Road,tier3,basic,123768.0,1,300,123768.0,10281937.0,31131708.0,41413644.0,38,52
Apartment,tier2,basic,3138.0,2,15,6276.0,4182019.0,5687419.0,9869438.0,76,2
Office,tier2,basic,4682.0,3,51,14046.0,8352365.0,15129211.0,23481575.0,62,3
Hospital,tier2,premium,865.0,1,3,865.0,1602157.0,2273403.0,3875560.0,138,1
Home,tier1,basic,4563.0,4,50,18252.0,13834443.0,19010195.0,32844638.0,54,3
Road,tier3,standard,88434.0,1,300,88434.0,12661722.0,22306056.0,34967778.0,36,40
School,tier3,standard,1427.0,2,10,2854.0,2335720.0,3111858.0,5447578.0,57,2
Home,tier1,basic,1459.0,3,23,4377.0,3103168.0,5556835.0,8660003.0,45,2
Apartment,tier2,standard,3346.0,1,13,3346.0,2909022.0,4073772.0,6982794.0,59,1
Home,tier1,basic,3752.0,2,33,7504.0,4591695.0,8279264.0,12870959.0,37,2
Apartment,tier2,premium,2985.0,1,3,2985.0,3432505.0,4850065.0,8282569.0,198,1
Office,tier3,standard,3794.0,3,39,11382.0,8014190.0,11841491.0,19855681.0,71,4
Other,tier3,standard,4908.0,3,56,14724.0,10656756.0,14157532.0,24814288.0,51,3
School,tier2,standard,5053.0,1,20,5053.0,3934019.0,5574406.0,9508425.0,72,2
Home,tier2,premium,4483.0,1,23,4483.0,3438189.0,5926336.0,9364524.0,49,2
Home,tier2,standard,3322.0,4,53,13288.0,8457669.0,16806443.0,25264113.0,50,2
Home,tier1,standard,1625.0,2,6,3250.0,2710617.0,4210125.0,6920742.0,87,1
School,tier2,basic,4570.0,4,72,18280.0,10658578.0,11438616.0,22097195.0,73,5
Apartment,tier2,basic,4169.0,3,53,12507.0,6376540.0,11599875.0,17976416.0,57,5
Road,tier3,basic,37584.0,1,97,37584.0,3619894.0,8780691.0,12400585.0,46,18
Road,tier3,basic,67788.0,1,191,67788.0,6324244.0,15277002.0,21601246.0,42,28
School,tier1,premium,1147.0,2,10,2294.0,3725796.0,5235445.0,8961240.0,63,2
Bridge,tier1,premium,45628.0,1,151,45628.0,278625244.0,571796069.0,850421313.0,237,31
Hospital,tier1,basic,4437.0,3,61,13311.0,16433084.0,18790017.0,35223100.0,92,6
Road,tier1,premium,58896.0,1,207,58896.0,11649429.0,33721154.0,45370582.0,40,21
Hospital,tier2,standard,2236.0,2,3,4472.0,5899828.0,7700192.0,13600020.0,303,2
Other,tier3,standard,5216.0,3,53,15648.0,9440181.0,15617880.0,25058060.0,57,3
Road,tier2,premium,35032.0,1,99,35032.0,5213122.0,16081788.0,21294910.0,57,11
Home,tier2,standard,2510.0,4,40,10040.0,9578452.0,10039425.0,19617877.0,48,2
Home,tier2,standard,5792.0,3,66,17376.0,14661411.0,20606911.0,35268323.0,57,3
School,tier2,basic,1319.0,2,6,2638.0,1793080.0,2414958.0,4208038.0,84,2
Road,tier3,basic,55912.0,1,198,55912.0,5324066.0,13037180.0,18361246.0,30,23
Apartment,tier2,premium,5078.0,1,20,5078.0,5410935.0,7638583.0,13049518.0,85,2
School,tier2,basic,5521.0,4,84,22084.0,14012925.0,17399278.0,31412202.0,61,6
Bridge,tier3,basic,37240.0,1,165,37240.0,63904704.0,130245449.0,194150153.0,155,26
Apartment,tier2,basic,5012.0,1,11,5012.0,2805554.0,4953877.0,7759431.0,88,2
Office,tier1,standard,3698.0,4,46,14792.0,18878225.0,28471432.0,47349657.0,82,4
Apartment,tier2,standard,5320.0,3,11,15960.0,13404416.0,18498676.0,31903093.0,230,5
Home,tier2,premium,3182.0,1,15,3182.0,3495761.0,6065478.0,9561240.0,66,1
School,tier2,standard,3681.0,2,25,7362.0,5824570.0,9167736.0,14992306.0,60,3
Apartment,tier3,premium,1699.0,2,11,3398.0,2621531.0,5192195.0,7813726.0,81,1
Apartment,tier2,standard,3674.0,3,35,11022.0,7915267.0,11330900.0,19246167.0,85,4
Apartment,tier2,standard,2743.0,4,43,10972.0,5370579.0,17490748.0,22861327.0,63,4
Road,tier3,basic,117684.0,1,300,117684.0,10801897.0,29028413.0,39830309.0,38,49
Apartment,tier2,basic,1966.0,4,24,7864.0,5725128.0,8228505.0,13953633.0,64,3
School,tier2,premium,2645.0,4,40,10580.0,12190931.0,25337907.0,37528838.0,66,4
School,tier1,standard,1341.0,2,10,2682.0,2842354.0,4443955.0,7286309.0,66,2
Home,tier2,standard,5163.0,4,16,20652.0,18667920.0,28967779.0,47635700.0,197,3
Office,tier2,premium,2667.0,4,27,10668.0,12547595.0,19870191.0,32417786.0,91,3
School,tier1,premium,2571.0,2,20,5142.0,7956018.0,13622274.0,21578292.0,75,2
Home,tier2,basic,5885.0,3,84,17655.0,10223425.0,15996459.0,26219884.0,41,3
Hospital,tier1,standard,3125.0,4,61,12500.0,25618147.0,23743574.0,49361721.0,109,4
Apartment,tier1,standard,4333.0,3,25,12999.0,10786890.0,17545952.0,28332842.0,89,4
Apartment,tier2,premium,5979.0,3,81,17937.0,18811010.0,35869454.0,54680464.0,69,3
Home,tier1,basic,5228.0,4,95,20912.0,17480887.0,26013489.0,43494376.0,42,3
Apartment,tier2,basic,2384.0,3,27,7152.0,3600030.0,4983613.0,8583643.0,57,2
Home,tier2,standard,3382.0,2,7,6764.0,5461318.0,8142512.0,13603830.0,159,2
Road,tier2,basic,53079.0,1,144,53079.0,3618131.0,11123885.0,14742015.0,30,20
Apartment,tier1,basic,3201.0,4,44,12804.0,7115341.0,14514453.0,21629794.0,68,3
Home,tier2,standard,1952.0,2,12,3904.0,3201471.0,4003093.0,7204565.0,64,1
Home,tier1,standard,3360.0,4,11,13440.0,17304353.0,21399502.0,38703855.0,168,2
Home,tier2,basic,540.0,1,3,540.0,289561.0,430102.0,719662.0,47,1
Bridge,tier2,standard,40855.2,1,92,40855.2,145411551.0,239565728.0,384977279.0,251,23
Apartment,tier2,basic,3723.0,1,15,3723.0,1944111.0,2878463.0,4822574.0,56,2
Home,tier2,standard,1833.0,4,29,7332.0,5873739.0,8426297.0,14300036.0,55,2
Home,tier3,standard,3084.0,3,36,9252.0,5563741.0,9499585.0,15063327.0,50,2
School,tier1,premium,576.0,1,3,576.0,1101795.0,1326385.0,2428180.0,63,1
Office,tier3,basic,4805.0,1,16,4805.0,2658453.0,3293531.0,5951984.0,72,2
Hospital,tier3,premium,3373.0,3,33,10119.0,16737728.0,18164368.0,34902096.0,145,3
Apartment,tier2,premium,423.0,2,4,846.0,1177086.0,1494983.0,2672069.0,76,1
Apartment,tier1,standard,2974.0,1,8,2974.0,2603298.0,4285618.0,6888916.0,63,1
Apartment,tier1,premium,795.0,4,8,3180.0,4597004.0,7640936.0,12237941.0,106,2
Bridge,tier3,basic,23644.8,1,105,23644.8,43828823.0,97737056.0,141565878.0,179,15
Apartment,tier1,basic,5214.0,3,67,15642.0,11789767.0,16125310.0,27915076.0,52,4
Home,tier3,premium,4062.0,4,63,16248.0,12507019.0,19149370.0,31656389.0,62,3
Home,tier2,standard,3092.0,1,16,3092.0,2383009.0,3780980.0,6163989.0,44,1
School,tier2,basic,3265.0,2,38,6530.0,4942358.0,5313212.0,10255570.0,58,2
Home,tier2,basic,3235.0,3,46,9705.0,4784296.0,7444398.0,12228695.0,41,2
Apartment,tier1,basic,945.0,4,9,3780.0,2965014.0,5054001.0,8019015.0,88,2
Hospital,tier2,basic,1660.0,1,7,1660.0,1905317.0,2281102.0,4186419.0,99,2
Other,tier3,basic,4972.0,2,34,9944.0,5633555.0,6850675.0,12484230.0,66,3
Office,tier1,premium,5585.0,4,60,22340.0,45750614.0,67761840.0,113512454.0,96,5
Road,tier3,basic,114730.0,1,283,114730.0,11032966.0,19764014.0,30796980.0,47,43
Hospital,tier3,premium,5520.0,1,20,5520.0,8532213.0,10992669.0,19524882.0,139,3
Office,tier1,basic,569.0,2,5,1138.0,889223.0,1511912.0,2401135.0,54,1
Bridge,tier2,basic,3510.0,1,17,3510.0,8400640.0,15015221.0,23415861.0,151,4
School,tier1,premium,5033.0,3,62,15099.0,20892270.0,35753530.0,56645800.0,77,3
Other,tier2,basic,1619.0,4,26,6476.0,2748581.0,3675053.0,6423634.0,36,2
Hospital,tier3,basic,5713.0,1,18,5713.0,5712868.0,6210792.0,11923660.0,126,4
Home,tier3,premium,5903.0,2,42,11806.0,9343392.0,13382109.0,22725500.0,66,2
Road,tier3,basic,128170.0,1,204,128170.0,8102001.0,34662359.0,42764361.0,54,45
School,tier1,basic,5397.0,1,22,5397.0,4369956.0,5760517.0,10130473.0,66,2
Home,tier2,premium,843.0,3,10,2529.0,2212816.0,4828389.0,7041205.0,52,1
Road,tier1,standard,70012.0,1,300,70012.0,11583684.0,29560349.0,41144033.0,31,26
Office,tier3,standard,2038.0,3,20,6114.0,5148474.0,6761363.0,11909837.0,72,2
Home,tier1,basic,3907.0,2,37,7814.0,4674443.0,9847708.0,14522151.0,38,2
Bridge,tier1,basic,5972.4,1,17,5972.4,18908037.0,36279890.0,55187927.0,219,5
Home,tier1,standard,2862.0,4,61,11448.0,11572269.0,16531974.0,28104244.0,52,2
School,tier1,standard,4497.0,4,90,17988.0,16849586.0,26851959.0,43701545.0,58,6
Home,tier1,basic,1553.0,1,7,1553.0,803770.0,1492002.0,2295772.0,46,1
Hospital,tier1,premium,5115.0,4,70,20460.0,59940718.0,66716807.0,126657525.0,134,6
Home,tier3,standard,4216.0,1,13,4216.0,2283825.0,3991644.0,6275469.0,59,1
Apartment,tier3,standard,1803.0,1,5,1803.0,1016798.0,1596647.0,2613444.0,79,2
Home,tier1,standard,4147.0,4,36,16588.0,16771627.0,21411164.0,38182791.0,69,2
Bridge,tier3,standard,52776.0,1,205,52776.0,151297379.0,248647938.0,399945316.0,184,32
Office,tier2,standard,3465.0,2,21,6930.0,5867201.0,7262096.0,13129297.0,70,2
Office,tier3,basic,3817.0,4,58,15268.0,8927897.0,13588008.0,22515905.0,64,4
Road,tier2,premium,134580.0,1,300,134580.0,29130800.0,76274012.0,105404812.0,51,60
Apartment,tier2,standard,2351.0,2,10,4702.0,3054508.0,6082227.0,9136736.0,87,2
Apartment,tier2,premium,2930.0,1,13,2930.0,2294392.0,4350947.0,6645338.0,66,2
Office,tier1,premium,2878.0,3,30,8634.0,15903349.0,22311659.0,38215008.0,81,3
Home,tier2,basic,5221.0,4,91,20884.0,14112211.0,20500151.0,34612361.0,43,4
Hospital,tier3,standard,5114.0,3,30,15342.0,20758227.0,22855225.0,43613451.0,149,6
School,tier3,standard,1615.0,3,12,4845.0,3684411.0,5180634.0,8865045.0,100,3
Office,tier2,standard,989.0,1,3,989.0,1047069.0,1514056.0,2561125.0,64,1
Apartment,tier2,premium,5786.0,3,63,17358.0,20766111.0,34168549.0,54934661.0,90,5
Bridge,tier3,basic,28476.8,1,91,28476.8,61869099.0,150365548.0,212234648.0,200,18
School,tier1,standard,1548.0,3,23,4644.0,5068844.0,9032897.0,14101741.0,66,2
Road,tier1,premium,22920.0,1,104,22920.0,6810233.0,15520049.0,22330282.0,36,11
Road,tier2,premium,4402.0,1,11,4402.0,715174.0,2157850.0,2873024.0,45,3
Home,tier1,basic,754.0,2,10,1508.0,891340.0,1492790.0,2384130.0,34,1
Apartment,tier2,premium,3779.0,4,49,15116.0,18711262.0,27837547.0,46548809.0,102,4
Home,tier1,basic,3255.0,4,63,13020.0,8179467.0,15631341.0,23810808.0,47,3
Apartment,tier2,standard,921.0,4,11,3684.0,3213994.0,4104768.0,7318763.0,82,2
Apartment,tier2,basic,4051.0,2,33,8102.0,3974276.0,7819642.0,11793918.0,57,2
Hospital,tier3,standard,1340.0,3,18,4020.0,4562490.0,5472101.0,10034591.0,96,1
Home,tier2,basic,3413.0,3,16,10239.0,6130630.0,7712832.0,13843462.0,78,3
Office,tier2,basic,4482.0,4,96,17928.0,13545589.0,19706386.0,33251975.0,48,5
Road,tier3,basic,66352.0,1,161,66352.0,3847159.0,14930367.0,18777526.0,38,30
School,tier2,premium,2125.0,1,6,2125.0,1960830.0,4175081.0,6135911.0,93,1
Apartment,tier2,standard,5419.0,4,57,21676.0,16438538.0,23543636.0,39982174.0,95,6
Road,tier1,standard,158460.0,1,300,158460.0,27037388.0,68990187.0,96027575.0,61,58
Apartment,tier2,standard,5128.0,4,56,20512.0,17020928.0,26910997.0,43931925.0,95,5
Home,tier2,standard,1271.0,3,7,3813.0,2660202.0,3977651.0,6637854.0,78,1
Road,tier2,basic,48939.0,1,207,48939.0,3814602.0,13927595.0,17742197.0,26,15
Home,tier3,basic,2557.0,1,9,2557.0,1207610.0,1697845.0,2905456.0,46,1
Hospital,tier3,standard,1342.0,4,17,5368.0,6481278.0,6985554.0,13466832.0,138,2
Home,tier3,premium,2563.0,1,12,2563.0,2268309.0,3161087.0,5429396.0,58,2
Office,tier2,basic,1787.0,1,10,1787.0,1198256.0,1742302.0,2940558.0,48,2
Apartment,tier3,standard,3090.0,1,5,3090.0,1747562.0,3256929.0,5004491.0,118,2
Bridge,tier3,premium,7618.8,1,40,7618.8,31945955.0,60658768.0,92604723.0,175,3
Home,tier1,premium,2698.0,2,18,5396.0,6098243.0,10234044.0,16332286.0,71,2
Home,tier2,basic,4443.0,3,23,13329.0,6757043.0,12135571.0,18892614.0,93,2
Bridge,tier1,premium,40560.4,1,155,40560.4,224333731.0,396655907.0,620989638.0,206,19
Office,tier1,standard,3167.0,2,20,6334.0,6973526.0,10339215.0,17312741.0,72,3
Home,tier1,standard,2239.0,1,10,2239.0,1967729.0,3205625.0,5173354.0,51,1
School,tier2,standard,874.0,2,6,1748.0,1418746.0,1771955.0,3190702.0,71,1
Office,tier1,basic,484.0,3,5,1452.0,1290299.0,1949817.0,3240116.0,66,1
School,tier1,premium,1426.0,3,12,4278.0,7621920.0,12560155.0,20182075.0,90,2
Road,tier1,standard,33228.0,1,71,33228.0,5578464.0,14698498.0,20276962.0,52,16
Home,tier2,standard,958.0,4,16,3832.0,2429084.0,4531330.0,6960414.0,57,1
Home,tier3,premium,3051.0,3,25,9153.0,9205803.0,11887125.0,21092928.0,77,2
Office,tier3,standard,1143.0,2,9,2286.0,1579298.0,2507122.0,4086420.0,78,1
Home,tier2,basic,2490.0,2,25,4980.0,2447446.0,4046543.0,6493988.0,43,1
Office,tier1,basic,1914.0,4,24,7656.0,6917431.0,10941681.0,17859112.0,70,3
Apartment,tier3,premium,1583.0,1,7,1583.0,1186749.0,1844401.0,3031150.0,81,1
Apartment,tier1,standard,3285.0,2,22,6570.0,7272289.0,9317634.0,16589923.0,88,2
Road,tier3,premium,20310.0,1,59,20310.0,3191637.0,10374321.0,13565958.0,49,9
School,tier2,standard,4056.0,3,18,12168.0,13927160.0,15304809.0,29231969.0,125,4
School,tier2,standard,1732.0,1,6,1732.0,1807995.0,2010894.0,3818889.0,69,1
Apartment,tier1,premium,5154.0,4,65,20616.0,26139884.0,47132478.0,73272362.0,90,6
Office,tier1,standard,5557.0,2,26,11114.0,14349521.0,20246936.0,34596457.0,93,3
Office,tier2,standard,4637.0,3,13,13911.0,12775396.0,19628620.0,32404016.0,182,5
Office,tier2,basic,1616.0,3,7,4848.0,4212113.0,5120799.0,9332912.0,107,2
Home,tier3,premium,1338.0,1,7,1338.0,1277402.0,2011996.0,3289399.0,47,1
Office,tier2,standard,5839.0,4,79,23356.0,20490799.0,35410744.0,55901543.0,72,7
Apartment,tier2,standard,5377.0,2,18,10754.0,9127802.0,11502406.0,20630208.0,109,3
Apartment,tier1,standard,2751.0,3,22,8253.0,9592268.0,16338896.0,25931164.0,70,2
Home,tier2,basic,2959.0,3,30,8877.0,3835777.0,6704747.0,10540523.0,47,2
Road,tier1,standard,53136.0,1,205,53136.0,10443620.0,20884953.0,31328574.0,31,21
Road,tier2,basic,82688.0,1,253,82688.0,7015388.0,18568717.0,25584105.0,31,33
Road,tier2,basic,24570.0,1,140,24570.0,2487215.0,6461467.0,8948682.0,26,12
School,tier3,premium,4198.0,3,72,12594.0,13958019.0,20444194.0,34402213.0,55,4
Home,tier2,standard,5659.0,2,43,11318.0,8106979.0,11622811.0,19729791.0,47,2
Apartment,tier1,premium,2076.0,4,24,8304.0,13062692.0,16742917.0,29805610.0,104,3
Other,tier3,standard,1982.0,3,22,5946.0,3318516.0,4660801.0,7979317.0,59,2
School,tier2,basic,1152.0,4,8,4608.0,3530259.0,4452661.0,7982920.0,100,2
Hospital,tier2,standard,4489.0,3,61,13467.0,17413908.0,21051714.0,38465622.0,119,4
Bridge,tier2,basic,58688.0,1,207,58688.0,124604484.0,288273154.0,412877638.0,159,34
Office,tier3,standard,514.0,2,3,1028.0,826897.0,972832.0,1799730.0,82,1
Home,tier1,premium,3215.0,2,17,6430.0,8044563.0,14204193.0,22248756.0,78,2
School,tier2,standard,3528.0,4,56,14112.0,11698565.0,21795509.0,33494074.0,77,4
Home,tier3,standard,497.0,3,3,1491.0,848446.0,1709268.0,2557714.0,84,1
Apartment,tier1,premium,4552.0,2,21,9104.0,10217313.0,22915443.0,33132756.0,98,3
Road,tier3,standard,110860.0,1,300,110860.0,12188760.0,32574398.0,44763157.0,45,43
Road,tier2,standard,22608.0,1,101,22608.0,3150669.0,8219003.0,11369672.0,29,12
Office,tier1,standard,2324.0,1,12,2324.0,2707779.0,3025041.0,5732820.0,49,1
Other,tier1,standard,4002.0,3,45,12006.0,10938658.0,15826094.0,26764752.0,62,3
Home,tier3,basic,4604.0,2,3,9208.0,4013380.0,7301644.0,11315024.0,369,1
Home,tier3,standard,4701.0,4,38,18804.0,16756050.0,19921848.0,36677898.0,75,3
Home,tier1,standard,2573.0,3,57,7719.0,7578662.0,9867553.0,17446215.0,37,2
School,tier1,basic,3201.0,4,45,12804.0,10049619.0,14130362.0,24179981.0,65,3
Other,tier1,premium,1821.0,2,3,3642.0,5568788.0,6377154.0,11945942.0,192,2
Office,tier1,basic,1621.0,2,20,3242.0,2421418.0,4982100.0,7403519.0,44,2
Apartment,tier2,standard,5229.0,2,19,10458.0,7930186.0,14304927.0,22235113.0,108,3
Office,tier1,premium,2621.0,3,31,7863.0,12396796.0,19696729.0,32093525.0,80,3
School,tier1,basic,1931.0,3,12,5793.0,5057333.0,7989327.0,13046660.0,94,2
Home,tier1,premium,4492.0,4,106,17968.0,21938993.0,31111367.0,53050360.0,44,3
Road,tier2,premium,108875.0,1,183,108875.0,22429133.0,61012266.0,83441399.0,70,57
School,tier2,standard,1918.0,1,5,1918.0,1705695.0,2009783.0,3715478.0,96,1
Bridge,tier2,premium,38360.0,1,175,38360.0,235556979.0,296578103.0,532135082.0,166,20
Office,tier2,standard,3939.0,3,32,11817.0,11729658.0,17499613.0,29229270.0,85,3
Apartment,tier3,standard,5541.0,2,43,11082.0,5980445.0,12902228.0,18882673.0,67,4
Other,tier2,standard,1230.0,2,11,2460.0,1451522.0,2907208.0,4358730.0,47,2
Road,tier3,standard,153699.0,1,300,153699.0,17326008.0,42928154.0,60254163.0,49,55
School,tier2,basic,5609.0,4,46,22436.0,18741715.0,24736249.0,43477964.0,94,5
Apartment,tier1,basic,4502.0,1,11,4502.0,3668395.0,4627032.0,8295427.0,70,2
Office,tier3,standard,3776.0,2,22,7552.0,5098938.0,9163409.0,14262347.0,76,2
Apartment,tier2,premium,2280.0,4,37,9120.0,11601911.0,20352662.0,31954573.0,72,3
Office,tier2,premium,3022.0,3,39,9066.0,11433826.0,16620237.0,28054063.0,69,3
Apartment,tier1,premium,1459.0,4,21,5836.0,9936591.0,11716695.0,21653287.0,78,2
Home,tier2,basic,4944.0,1,21,4944.0,3446434.0,3853645.0,7300078.0,42,2
Office,tier3,standard,3208.0,3,14,9624.0,8545075.0,13097789.0,21642865.0,145,2
Bridge,tier1,standard,28437.6,1,105,28437.6,132299527.0,189048194.0,321347721.0,134,23
Bridge,tier1,basic,1692.8,1,6,1692.8,4872957.0,9962201.0,14835158.0,180,3
Apartment,tier1,standard,945.0,1,4,945.0,673071.0,1214802.0,1887872.0,68,1
Other,tier2,standard,5229.0,2,44,10458.0,9395789.0,11364443.0,20760232.0,50,2
Home,tier3,premium,2119.0,2,9,4238.0,3454037.0,5223004.0,8677042.0,96,1
Office,tier2,basic,2235.0,1,7,2235.0,1457171.0,1873066.0,3330237.0,71,1
Road,tier3,premium,28640.0,1,140,28640.0,4183523.0,13079121.0,17262644.0,30,14
Road,tier2,premium,54000.0,1,199,54000.0,5271700.0,29872969.0,35144670.0,36,29
Road,tier2,standard,133874.0,1,300,133874.0,14749339.0,37046912.0,51796251.0,43,54
Apartment,tier1,basic,4283.0,4,33,17132.0,9483499.0,20070213.0,29553712.0,98,5
Apartment,tier1,basic,2176.0,1,9,2176.0,1326456.0,2587701.0,3914157.0,63,1
Home,tier2,premium,3804.0,1,7,3804.0,4601023.0,6812992.0,11414015.0,94,1
Road,tier1,basic,28701.0,1,90,28701.0,3814537.0,10929484.0,14744021.0,33,12
School,tier1,basic,2221.0,2,12,4442.0,4211880.0,4737688.0,8949568.0,70,2
Road,tier3,premium,111636.0,1,300,111636.0,18412539.0,48666361.0,67078900.0,42,49
Home,tier2,standard,5237.0,2,28,10474.0,8680650.0,12388870.0,21069519.0,64,2
Road,tier1,standard,89034.0,1,263,89034.0,13650397.0,46851751.0,60502149.0,34,30
Road,tier2,basic,45759.0,1,104,45759.0,5084168.0,11581909.0,16666077.0,33,15
Home,tier2,standard,1857.0,1,6,1857.0,1500377.0,1892836.0,3393213.0,59,1
Apartment,tier3,premium,5933.0,4,85,23732.0,26356532.0,36303180.0,62659712.0,88,5
Office,tier2,basic,792.0,4,9,3168.0,2220301.0,3849854.0,6070154.0,68,2
School,tier1,basic,2784.0,1,8,2784.0,1925527.0,2580127.0,4505654.0,79,1
Bridge,tier1,basic,68484.0,1,241,68484.0,241557704.0,337222972.0,578780676.0,184,38
Apartment,tier1,standard,5925.0,2,53,11850.0,10282852.0,20012829.0,30295681.0,57,4
Home,tier2,basic,1257.0,1,5,1257.0,633388.0,742284.0,1375672.0,43,1
Home,tier2,premium,5064.0,2,18,10128.0,12602686.0,17265812.0,29868499.0,93,2
Office,tier2,basic,778.0,3,10,2334.0,1779390.0,2577287.0,4356676.0,58,1
Road,tier2,basic,10400.0,1,51,10400.0,976473.0,2038904.0,3015377.0,28,6
Office,tier2,premium,5088.0,2,42,10176.0,14384661.0,16360108.0,30744769.0,71,3
Apartment,tier1,premium,2510.0,2,3,5020.0,5980763.0,11231865.0,17212627.0,305,2
Office,tier1,standard,3690.0,2,27,7380.0,6831009.0,11437333.0,18268342.0,66,2
Home,tier2,premium,2592.0,3,38,7776.0,7990868.0,12094397.0,20085265.0,56,2
Road,tier2,basic,3860.0,1,11,3860.0,349516.0,967490.0,1317006.0,37,2
Apartment,tier3,standard,916.0,4,25,3664.0,3108309.0,3829197.0,6937505.0,54,2
Apartment,tier1,basic,5906.0,3,14,17718.0,13640141.0,24341765.0,37981906.0,190,5
Hospital,tier2,standard,1710.0,3,18,5130.0,7029610.0,9187990.0,16217600.0,131,2
School,tier1,standard,3723.0,3,47,11169.0,10921302.0,16225430.0,27146731.0,59,4
Hospital,tier2,premium,1864.0,4,26,7456.0,15609569.0,20486273.0,36095842.0,124,3
Hospital,tier1,basic,4857.0,1,17,4857.0,5546194.0,7973505.0,13519699.0,99,2
Office,tier2,standard,4344.0,4,37,17376.0,11529967.0,16964414.0,28494381.0,89,3
School,tier1,premium,1293.0,4,14,5172.0,9721401.0,13564416.0,23285816.0,107,2
Apartment,tier1,standard,1779.0,1,7,1779.0,1855596.0,2425947.0,4281543.0,61,1
Office,tier2,basic,4310.0,1,4,4310.0,2572278.0,4331819.0,6904097.0,141,2
School,tier2,standard,3214.0,1,14,3214.0,2371178.0,2936479.0,5307657.0,53,2
Road,tier2,basic,49881.0,1,160,49881.0,6337267.0,14518030.0,20855297.0,35,19
Bridge,tier2,standard,19344.0,1,77,19344.0,65930859.0,114031537.0,179962395.0,173,17
Home,tier3,standard,4187.0,1,18,4187.0,3057128.0,3845528.0,6902655.0,56,1
Hospital,tier1,standard,5603.0,2,86,11206.0,15999060.0,19220921.0,35219981.0,98,5
Apartment,tier2,standard,986.0,2,10,1972.0,1414642.0,2661760.0,4076402.0,52,1
Home,tier3,standard,4283.0,1,8,4283.0,3067489.0,3833928.0,6901417.0,86,1
Road,tier2,basic,1688.0,1,10,1688.0,167900.0,430327.0,598227.0,28,2
Home,tier2,basic,1641.0,1,3,1641.0,720130.0,1208736.0,1928867.0,72,1
Home,tier2,standard,2737.0,3,23,8211.0,7846123.0,7871085.0,15717208.0,71,2
Other,tier1,premium,3573.0,1,13,3573.0,3244540.0,6713312.0,9957851.0,47,2
Road,tier2,standard,45360.0,1,134,45360.0,6044981.0,14207602.0,20252583.0,37,16
Road,tier2,basic,130628.0,1,300,130628.0,16657496.0,35823769.0,52481265.0,37,57
Office,tier3,standard,5947.0,3,56,17841.0,13636295.0,20734718.0,34371012.0,80,5
Other,tier3,standard,3519.0,2,34,7038.0,4458159.0,5982572.0,10440731.0,44,2
Office,tier1,standard,5290.0,4,59,21160.0,21818128.0,32344509.0,54162638.0,84,4
Hospital,tier1,standard,3311.0,4,42,13244.0,24471579.0,26514995.0,50986574.0,130,5
Office,tier2,premium,2145.0,4,46,8580.0,10092561.0,18343211.0,28435772.0,57,3
Home,tier2,basic,4175.0,3,56,12525.0,4774930.0,11541420.0,16316350.0,48,3
Hospital,tier2,standard,2651.0,4,33,10604.0,15314100.0,21054441.0,36368541.0,131,4
Home,tier2,standard,4083.0,1,16,4083.0,3179898.0,4931729.0,8111627.0,44,1
Hospital,tier2,standard,4032.0,2,44,8064.0,10177876.0,11381644.0,21559520.0,102,3
Office,tier3,basic,812.0,4,6,3248.0,1785969.0,3209048.0,4995017.0,87,2
Hospital,tier2,standard,3412.0,1,7,3412.0,3741792.0,4041793.0,7783585.0,165,2
Apartment,tier1,basic,475.0,1,3,475.0,320622.0,552398.0,873020.0,51,1
Hospital,tier2,standard,2697.0,3,29,8091.0,12304288.0,13830377.0,26134665.0,128,4
Home,tier2,standard,4079.0,2,36,8158.0,6074847.0,7417070.0,13491917.0,53,1
Hospital,tier1,basic,4058.0,2,20,8116.0,10125656.0,11957618.0,22083275.0,119,2
Other,tier1,premium,978.0,2,4,1956.0,2775971.0,3541495.0,6317467.0,92,1
Office,tier2,premium,5493.0,4,40,21972.0,32491268.0,62797708.0,95288975.0,119,6
Office,tier2,standard,4532.0,2,20,9064.0,10661617.0,14123342.0,24784958.0,100,3
Apartment,tier3,premium,2133.0,1,5,2133.0,1986034.0,3169716.0,5155750.0,102,1
Home,tier2,premium,2918.0,3,7,8754.0,9722893.0,13101853.0,22824746.0,222,2
Hospital,tier1,basic,1118.0,4,12,4472.0,6636549.0,6652147.0,13288696.0,135,2
Apartment,tier2,standard,2430.0,1,5,2430.0,1811423.0,3325574.0,5136997.0,100,1
Home,tier2,standard,4184.0,1,13,4184.0,2531930.0,3738575.0,6270505.0,71,2
School,tier3,standard,5340.0,3,85,16020.0,7519181.0,15526667.0,23045848.0,55,4
School,tier2,premium,3701.0,4,22,14804.0,15881423.0,26121606.0,42003028.0,148,5
Office,tier2,standard,1983.0,1,9,1983.0,1780148.0,2701616.0,4481764.0,62,2
Apartment,tier3,basic,5471.0,3,87,16413.0,8408772.0,14608740.0,23017513.0,54,5
Home,tier2,standard,3448.0,4,61,13792.0,11561422.0,17084181.0,28645603.0,38,2
Road,tier1,standard,24750.0,1,92,24750.0,5297848.0,11201624.0,16499472.0,32,13
Apartment,tier2,standard,4368.0,2,43,8736.0,7379124.0,9488268.0,16867392.0,49,2
Home,tier2,basic,2623.0,3,32,7869.0,4890423.0,6168363.0,11058786.0,44,2
Apartment,tier2,basic,514.0,3,7,1542.0,797227.0,1644480.0,2441707.0,56,1
Home,tier3,standard,3946.0,3,41,11838.0,8845170.0,13851291.0,22696461.0,69,2
Road,tier1,basic,15190.0,1,32,15190.0,1839716.0,5276822.0,7116538.0,45,7
Home,tier2,standard,5229.0,4,98,20916.0,15184105.0,26019493.0,41203599.0,42,4
Hospital,tier1,basic,5215.0,2,67,10430.0,13501270.0,15977246.0,29478515.0,88,4
Apartment,tier1,standard,2345.0,3,21,7035.0,8254828.0,12166630.0,20421458.0,81,2
Apartment,tier2,basic,5471.0,3,55,16413.0,7218550.0,16906697.0,24125247.0,67,4
Other,tier3,basic,477.0,3,5,1431.0,600374.0,984702.0,1585076.0,51,1
Hospital,tier2,standard,2172.0,2,7,4344.0,6194836.0,5797315.0,11992151.0,174,2
Apartment,tier2,basic,3907.0,2,18,7814.0,5611495.0,6852752.0,12464247.0,86,3
Bridge,tier1,basic,5280.0,1,19,5280.0,13145070.0,27933361.0,41078430.0,173,4
Apartment,tier2,standard,545.0,3,5,1635.0,1469011.0,2067897.0,3536909.0,82,2
School,tier2,basic,1376.0,2,9,2752.0,1549442.0,2094512.0,3643954.0,73,1
Apartment,tier3,basic,5649.0,1,19,5649.0,3115813.0,3548844.0,6664657.0,71,2
Office,tier2,standard,2797.0,1,9,2797.0,2443976.0,3395506.0,5839482.0,72,2
Road,tier3,standard,78625.0,1,192,78625.0,9208195.0,28606133.0,37814328.0,42,38
Hospital,tier3,standard,3868.0,2,30,7736.0,9854897.0,11050201.0,20905098.0,120,4
Office,tier2,premium,2495.0,3,28,7485.0,10508563.0,13010633.0,23519196.0,68,3
Office,tier2,standard,2602.0,3,18,7806.0,6814708.0,9815764.0,16630472.0,66,3
Other,tier2,standard,5699.0,4,87,22796.0,15918507.0,24016672.0,39935179.0,44,4
Road,tier3,premium,136512.0,1,300,136512.0,21085783.0,50611561.0,71697345.0,43,57
Home,tier2,standard,847.0,4,14,3388.0,3625197.0,4202331.0,7827528.0,53,1
Office,tier2,standard,5675.0,4,75,22700.0,18710946.0,29981829.0,48692775.0,71,5
Road,tier2,standard,52608.0,1,200,52608.0,8966614.0,20630701.0,29597316.0,35,27
School,tier2,standard,4245.0,2,30,8490.0,7330725.0,10418057.0,17748782.0,74,3
Apartment,tier3,premium,980.0,2,6,1960.0,1974292.0,2736996.0,4711288.0,98,1
Other,tier3,basic,1922.0,4,29,7688.0,3255327.0,6041241.0,9296568.0,54,2
School,tier1,premium,5921.0,2,51,11842.0,19498861.0,30306771.0,49805632.0,78,4
Hospital,tier1,standard,1344.0,4,19,5376.0,8830424.0,10184808.0,19015232.0,128,3
Office,tier3,standard,5841.0,1,20,5841.0,4249090.0,6706946.0,10956036.0,80,2
Apartment,tier2,standard,2038.0,3,18,6114.0,3894865.0,8486669.0,12381534.0,95,3
Office,tier3,basic,2553.0,1,3,2553.0,1255141.0,2300527.0,3555668.0,127,2
Home,tier2,basic,5649.0,4,76,22596.0,11214046.0,21804371.0,33018418.0,60,3
Other,tier3,premium,4560.0,4,34,18240.0,15297067.0,25408691.0,40705759.0,98,4
Apartment,tier2,standard,2047.0,3,16,6141.0,5278226.0,7862177.0,13140404.0,80,2
Office,tier1,premium,4521.0,3,32,13563.0,17924154.0,29687694.0,47611847.0,117,4
Hospital,tier1,basic,3071.0,2,15,6142.0,7263596.0,11749510.0,19013106.0,131,3
Road,tier2,basic,32737.0,1,84,32737.0,3046920.0,8865626.0,11912546.0,31,13
Office,tier1,basic,1811.0,3,21,5433.0,4684257.0,6131818.0,10816075.0,52,2
Office,tier3,basic,1716.0,2,13,3432.0,1959208.0,2971474.0,4930682.0,55,2
Home,tier2,standard,3053.0,3,32,9159.0,6066756.0,10348354.0,16415110.0,49,2
Bridge,tier2,premium,23985.6,1,114,23985.6,108247842.0,207232102.0,315479943.0,187,14
Road,tier1,premium,8085.0,1,56,8085.0,1769660.0,5324093.0,7093753.0,25,5
Bridge,tier3,standard,9340.4,1,37,9340.4,30148580.0,50295494.0,80444074.0,169,7
Office,tier2,basic,3801.0,4,67,15204.0,11113256.0,16085242.0,27198498.0,52,4
Apartment,tier3,standard,3316.0,2,24,6632.0,3606521.0,6237897.0,9844419.0,60,2
School,tier3,standard,2569.0,4,42,10276.0,8261184.0,12164197.0,20425381.0,57,3
Apartment,tier2,standard,1767.0,4,10,7068.0,6448243.0,9460954.0,15909197.0,143,2
Home,tier3,standard,4391.0,4,3,17564.0,12403398.0,12503660.0,24907058.0,776,3
School,tier2,basic,3522.0,3,9,10566.0,7998383.0,6945067.0,14943450.0,109,4
Apartment,tier2,basic,2805.0,2,15,5610.0,3794650.0,6142342.0,9936991.0,71,2
Office,tier1,premium,1500.0,1,7,1500.0,2167581.0,3352415.0,5519997.0,72,1
Home,tier1,standard,1075.0,4,16,4300.0,4230359.0,6131015.0,10361374.0,57,1
Office,tier2,premium,1608.0,3,14,4824.0,6242933.0,9419447.0,15662380.0,106,2
Office,tier2,basic,3873.0,4,62,15492.0,8477597.0,16756506.0,25234103.0,57,5
Road,tier2,standard,14718.0,1,55,14718.0,1742904.0,4069506.0,5812409.0,34,7
Office,tier3,basic,801.0,4,6,3204.0,1621686.0,2586137.0,4207823.0,83,2
Office,tier2,premium,5944.0,1,23,5944.0,5635995.0,11307010.0,16943005.0,62,2
School,tier1,basic,1901.0,1,8,1901.0,1562059.0,1823038.0,3385097.0,62,2
Home,tier2,standard,1033.0,1,6,1033.0,564995.0,1151343.0,1716337.0,40,1
Road,tier1,basic,68406.0,1,222,68406.0,6315901.0,19874322.0,26190224.0,41,25
Hospital,tier3,basic,2727.0,1,14,2727.0,2126275.0,2471975.0,4598250.0,88,1
Home,tier2,basic,406.0,1,3,406.0,305466.0,303761.0,609227.0,33,1
Office,tier2,standard,2738.0,4,66,10952.0,8163934.0,15542541.0,23706476.0,53,3
Office,tier2,premium,515.0,1,3,515.0,506816.0,1032770.0,1539586.0,64,1
Home,tier2,premium,2100.0,4,34,8400.0,11859906.0,15863983.0,27723890.0,64,1
Road,tier2,standard,16380.0,1,60,16380.0,1513267.0,5808676.0,7321943.0,28,8
Home,tier1,standard,4846.0,3,74,14538.0,21370451.0,24329740.0,45700191.0,50,2
Office,tier2,standard,2740.0,1,13,2740.0,2433774.0,3833460.0,6267234.0,57,2
Other,tier3,basic,2291.0,1,5,2291.0,1018595.0,1483459.0,2502054.0,50,2
Apartment,tier1,premium,3669.0,1,11,3669.0,5341284.0,6980410.0,12321694.0,90,2
Office,tier2,standard,3902.0,2,45,7804.0,7887694.0,11350751.0,19238444.0,48,2
Office,tier1,standard,4650.0,4,64,18600.0,20146656.0,30065085.0,50211740.0,77,4
Road,tier2,basic,57904.0,1,248,57904.0,6533235.0,13410239.0,19943473.0,29,24
Apartment,tier1,basic,832.0,1,3,832.0,607217.0,1112981.0,1720198.0,71,1
Apartment,tier3,standard,5238.0,2,32,10476.0,6863787.0,9989554.0,16853341.0,86,3
Home,tier1,premium,2280.0,2,11,4560.0,6082562.0,8596541.0,14679103.0,81,2
Home,tier2,standard,4989.0,3,66,14967.0,9208930.0,17708021.0,26916951.0,50,3
Road,tier1,standard,31227.0,1,131,31227.0,4628089.0,10487579.0,15115668.0,34,13
Apartment,tier2,standard,1620.0,1,8,1620.0,1595056.0,1795309.0,3390365.0,60,1
Apartment,tier1,standard,3282.0,4,27,13128.0,13380947.0,20923741.0,34304688.0,91,4
Home,tier2,basic,4600.0,1,18,4600.0,2719740.0,4154517.0,6874257.0,54,1
School,tier3,basic,2402.0,2,16,4804.0,2677799.0,3554611.0,6232410.0,67,2
Home,tier1,standard,4838.0,3,7,14514.0,12235309.0,21232283.0,33467592.0,257,3
Hospital,tier3,basic,3332.0,1,13,3332.0,2409972.0,3143068.0,5553040.0,123,2
Apartment,tier2,basic,5547.0,2,54,11094.0,7062126.0,10419273.0,17481399.0,44,4
Road,tier2,standard,59332.0,1,300,59332.0,6603318.0,19585719.0,26189036.0,26,28
Home,tier2,basic,5794.0,3,57,17382.0,9946002.0,16127718.0,26073720.0,49,3
School,tier1,premium,1634.0,1,7,1634.0,2394185.0,3551645.0,5945830.0,78,2
Road,tier2,premium,28770.0,1,114,28770.0,5136726.0,12799459.0,17936185.0,35,11
Apartment,tier1,premium,4609.0,2,23,9218.0,11567182.0,19815559.0,31382741.0,95,3
Road,tier2,premium,3519.0,1,8,3519.0,675775.0,1775914.0,2451689.0,57,2
Apartment,tier2,basic,1342.0,1,4,1342.0,726386.0,1126587.0,1852973.0,76,1
Office,tier3,standard,2040.0,4,25,8160.0,7291199.0,11854224.0,19145423.0,71,3
Home,tier1,standard,3283.0,4,45,13132.0,12622598.0,20794137.0,33416735.0,58,2
Office,tier3,basic,5242.0,3,45,15726.0,8341895.0,13743269.0,22085164.0,62,4
Home,tier1,premium,5529.0,1,20,5529.0,6524315.0,10859054.0,17383369.0,62,1
Office,tier2,basic,5527.0,4,46,22108.0,18420709.0,19173449.0,37594158.0,84,7
Hospital,tier2,standard,5699.0,2,58,11398.0,12838456.0,18185274.0,31023731.0,86,4
Home,tier1,standard,946.0,3,3,2838.0,2749840.0,3520265.0,6270105.0,115,1
Home,tier1,premium,5975.0,3,58,17925.0,23556472.0,42763226.0,66319698.0,66,2
Home,tier2,standard,3504.0,4,43,14016.0,14619124.0,17551875.0,32170998.0,67,2
Home,tier1,standard,957.0,4,12,3828.0,3060272.0,6028136.0,9088408.0,63,2
Apartment,tier2,basic,1123.0,2,5,2246.0,1614594.0,1840211.0,3454805.0,79,1
Apartment,tier3,standard,1828.0,1,3,1828.0,1011686.0,1744426.0,2756112.0,147,2
Home,tier2,standard,1808.0,2,13,3616.0,2822163.0,3984351.0,6806514.0,49,1
Apartment,tier1,standard,1021.0,2,6,2042.0,1576955.0,2785739.0,4362695.0,83,1
Hospital,tier1,standard,2545.0,2,19,5090.0,6425175.0,10439630.0,16864805.0,108,3
Other,tier1,basic,3460.0,2,10,6920.0,4061476.0,6338305.0,10399781.0,105,2
Road,tier2,basic,18240.0,1,97,18240.0,1568689.0,4902350.0,6471039.0,25,7
Office,tier2,premium,4140.0,3,40,12420.0,12099509.0,23632736.0,35732245.0,80,3
Road,tier1,basic,5904.0,1,3,5904.0,628278.0,1433263.0,2061541.0,139,4
Apartment,tier1,standard,2639.0,3,28,7917.0,6346378.0,11016249.0,17362627.0,69,3
Hospital,tier2,standard,842.0,4,9,3368.0,4047125.0,6191576.0,10238701.0,145,2
Road,tier2,premium,11460.0,1,23,11460.0,1952703.0,5391319.0,7344023.0,56,6
Office,tier2,basic,3837.0,3,55,11511.0,7738935.0,10536559.0,18275494.0,40,4
Hospital,tier3,basic,2596.0,2,23,5192.0,4227751.0,5618029.0,9845780.0,120,2
Apartment,tier1,premium,3655.0,2,27,7310.0,8978042.0,14937573.0,23915615.0,82,2
Road,tier2,standard,20895.0,1,72,20895.0,2583117.0,7366165.0,9949281.0,33,9
Hospital,tier3,standard,4808.0,3,57,14424.0,21003585.0,23577004.0,44580588.0,126,5
Road,tier2,standard,127397.0,1,190,127397.0,15899931.0,42920774.0,58820705.0,54,44
Road,tier3,standard,59580.0,1,212,59580.0,6799390.0,17009661.0,23809051.0,31,20
Bridge,tier3,premium,13087.2,1,63,13087.2,55724865.0,94968020.0,150692885.0,152,7
Apartment,tier2,standard,2262.0,4,41,9048.0,5714458.0,11728454.0,17442912.0,60,2
Other,tier2,premium,2725.0,1,6,2725.0,2657712.0,3661933.0,6319645.0,85,1
Road,tier2,premium,37077.0,1,132,37077.0,7928813.0,17630573.0,25559386.0,37,17
Road,tier2,standard,34545.0,1,70,34545.0,5535181.0,11368248.0,16903430.0,41,14
Road,tier2,standard,26520.0,1,93,26520.0,3262518.0,8282642.0,11545160.0,32,14
Home,tier2,standard,2086.0,3,15,6258.0,5167765.0,7557871.0,12725636.0,75,2
Office,tier3,premium,2917.0,4,27,11668.0,14299771.0,24232183.0,38531954.0,116,3
Home,tier1,standard,2429.0,2,18,4858.0,4110156.0,5038687.0,9148843.0,54,2
Road,tier1,basic,52725.0,1,131,52725.0,8564674.0,16090542.0,24655216.0,36,22
Home,tier2,premium,4636.0,1,11,4636.0,5685298.0,6304137.0,11989435.0,91,1
Road,tier1,standard,20475.0,1,77,20475.0,3120159.0,8799882.0,11920041.0,37,9
Apartment,tier2,premium,2588.0,3,12,7764.0,8002806.0,15631046.0,23633852.0,162,3
Office,tier1,standard,2226.0,3,20,6678.0,7723861.0,13620046.0,21343908.0,78,3
School,tier2,standard,5346.0,3,25,16038.0,15491795.0,19711975.0,35203769.0,107,6
Apartment,tier2,standard,1240.0,1,3,1240.0,967717.0,1614265.0,2581983.0,89,1
School,tier1,standard,2589.0,2,24,5178.0,6804691.0,6541149.0,13345841.0,63,2
Home,tier1,basic,5735.0,4,65,22940.0,14865695.0,29471895.0,44337590.0,43,3
Road,tier2,standard,91034.0,1,227,91034.0,9657544.0,31662180.0,41319724.0,42,45
School,tier2,standard,4933.0,1,21,4933.0,3801333.0,6102055.0,9903388.0,75,2
Bridge,tier2,premium,6536.0,1,34,6536.0,32020675.0,50954471.0,82975146.0,159,4
Home,tier1,basic,1727.0,1,6,1727.0,1221010.0,1724432.0,2945442.0,41,1
Road,tier1,basic,47086.0,1,213,47086.0,5085304.0,12596182.0,17681486.0,26,19
Bridge,tier1,standard,21784.0,1,59,21784.0,61400673.0,156341301.0,217741975.0,198,14
Office,tier1,basic,3154.0,1,11,3154.0,2500990.0,4446202.0,6947192.0,69,1
School,tier3,basic,1812.0,2,12,3624.0,2329338.0,3119674.0,5449012.0,85,1
Home,tier1,standard,3073.0,3,34,9219.0,6911586.0,11440219.0,18351805.0,55,2
Office,tier1,standard,5033.0,4,90,20132.0,24042516.0,31041780.0,55084295.0,55,5
Apartment,tier3,standard,3154.0,1,5,3154.0,2051911.0,2660868.0,4712779.0,106,1
Office,tier2,standard,3919.0,3,27,11757.0,10909452.0,16177815.0,27087266.0,97,3
School,tier2,premium,3274.0,3,27,9822.0,14068336.0,16154028.0,30222364.0,98,3
Road,tier2,standard,27775.0,1,61,27775.0,4950487.0,9288410.0,14238897.0,51,14
Office,tier3,standard,5735.0,1,21,5735.0,3529697.0,5324000.0,8853696.0,63,2
Apartment,tier1,basic,5597.0,3,60,16791.0,12937336.0,20185191.0,33122527.0,74,3
Road,tier1,premium,10670.0,1,36,10670.0,2874464.0,6098519.0,8972982.0,40,5
Office,tier3,premium,4932.0,4,56,19728.0,21741848.0,30520832.0,52262680.0,82,4
Apartment,tier3,basic,4447.0,4,87,17788.0,9070073.0,15789584.0,24859657.0,44,5
Hospital,tier3,standard,1127.0,4,16,4508.0,5307569.0,6255011.0,11562581.0,110,3
Hospital,tier2,standard,5142.0,3,49,15426.0,20331600.0,25419222.0,45750822.0,117,5
Home,tier3,standard,4351.0,1,15,4351.0,3069955.0,4476684.0,7546638.0,50,1
Home,tier2,standard,5194.0,3,65,15582.0,9997946.0,20225760.0,30223706.0,52,2
School,tier2,basic,4821.0,2,35,9642.0,6559203.0,11321474.0,17880677.0,60,3
Office,tier3,standard,5633.0,2,26,11266.0,6311600.0,9652972.0,15964572.0,79,4
Office,tier1,premium,3430.0,1,18,3430.0,5644671.0,7398278.0,13042948.0,56,2
Apartment,tier1,basic,742.0,1,3,742.0,472746.0,702023.0,1174768.0,52,1
Office,tier2,basic,1945.0,4,15,7780.0,5547896.0,6735580.0,12283476.0,84,2
Home,tier3,basic,1218.0,1,3,1218.0,564073.0,741954.0,1306027.0,60,1
Home,tier1,premium,1713.0,3,21,5139.0,7314325.0,12280354.0,19594679.0,57,2
Road,tier3,basic,25515.0,1,124,25515.0,2275080.0,5215002.0,7490081.0,28,10
School,tier2,basic,5855.0,2,45,11710.0,6876556.0,9227869.0,16104425.0,72,3
Apartment,tier2,standard,4671.0,2,38,9342.0,6516101.0,13066923.0,19583025.0,72,2
Home,tier2,standard,2846.0,2,23,5692.0,3533312.0,5817064.0,9350376.0,43,2
Home,tier3,standard,3146.0,2,21,6292.0,4619843.0,7009799.0,11629642.0,63,1
Bridge,tier1,premium,38760.0,1,53,38760.0,195240707.0,355403022.0,550643730.0,437,27
Road,tier2,basic,68576.0,1,173,68576.0,6903819.0,17074241.0,23978061.0,40,30
Road,tier1,standard,71553.0,1,300,71553.0,12427477.0,38766151.0,51193628.0,30,32
Apartment,tier3,standard,5673.0,4,91,22692.0,14421908.0,24759125.0,39181033.0,75,5
Bridge,tier3,basic,19850.4,1,62,19850.4,42768987.0,75947540.0,118716527.0,164,16
Road,tier1,premium,91263.0,1,246,91263.0,25989392.0,52539782.0,78529173.0,51,34
Other,tier1,standard,855.0,1,3,855.0,691578.0,1125057.0,1816635.0,61,1
Home,tier2,basic,5164.0,3,45,15492.0,7937140.0,12609424.0,20546564.0,59,3
Apartment,tier2,basic,1509.0,2,10,3018.0,2062585.0,2590311.0,4652897.0,55,2
Bridge,tier3,basic,34764.0,1,121,34764.0,80473348.0,145459907.0,225933255.0,175,21
Bridge,tier2,premium,4726.8,1,11,4726.8,16730769.0,32974237.0,49705005.0,291,4
Apartment,tier2,basic,3070.0,3,39,9210.0,4976298.0,7768601.0,12744898.0,59,3
Bridge,tier2,premium,8132.8,1,26,8132.8,27817818.0,72450059.0,100267878.0,219,7
Road,tier2,basic,127338.0,1,300,127338.0,9145106.0,32629021.0,41774126.0,38,42
Office,tier1,premium,1228.0,4,17,4912.0,9904799.0,12082344.0,21987143.0,74,2
School,tier1,premium,4103.0,4,84,16412.0,26550931.0,35205619.0,61756550.0,65,4
School,tier2,basic,1668.0,2,13,3336.0,1990516.0,3230554.0,5221070.0,70,2
Office,tier2,basic,4485.0,2,34,8970.0,6777083.0,10025462.0,16802545.0,56,3
Hospital,tier1,premium,3408.0,2,26,6816.0,12353381.0,17022699.0,29376080.0,130,4
School,tier2,basic,4870.0,4,112,19480.0,14854238.0,18457395.0,33311633.0,39,5
Road,tier1,basic,10935.0,1,36,10935.0,1666109.0,3194247.0,4860356.0,31,5
Home,tier2,premium,2382.0,4,34,9528.0,10107183.0,17042902.0,27150085.0,68,2
Road,tier1,premium,42354.0,1,146,42354.0,9829027.0,23683982.0,33513010.0,43,21
Home,tier2,standard,2176.0,4,9,8704.0,4943898.0,11709465.0,16653364.0,125,2
Home,tier1,premium,1609.0,1,6,1609.0,1900823.0,3344377.0,5245200.0,64,1
Road,tier2,standard,9867.0,1,45,9867.0,1498836.0,3150138.0,4648975.0,32,5
Home,tier1,standard,4417.0,3,52,13251.0,12730954.0,21394754.0,34125708.0,48,2
Office,tier2,basic,5454.0,4,111,21816.0,13621266.0,20193112.0,33814378.0,44,5
School,tier3,standard,3307.0,2,28,6614.0,3994430.0,6017351.0,10011780.0,56,2
Office,tier1,standard,3383.0,4,53,13532.0,13458626.0,17918054.0,31376680.0,54,5
Other,tier2,standard,3729.0,4,65,14916.0,11011545.0,17404169.0,28415714.0,52,3
Apartment,tier2,premium,5430.0,1,20,5430.0,5432899.0,10658375.0,16091274.0,79,2
School,tier2,standard,494.0,2,3,988.0,698796.0,1106395.0,1805191.0,73,1
Other,tier2,standard,3349.0,2,21,6698.0,3668077.0,6629120.0,10297197.0,54,3
Apartment,tier2,standard,5254.0,1,3,5254.0,3030721.0,8837151.0,11867871.0,311,2
Office,tier2,basic,1308.0,4,27,5232.0,4299256.0,5969523.0,10268779.0,51,2
Hospital,tier3,basic,3640.0,1,11,3640.0,2781991.0,4582003.0,7363994.0,120,2
Home,tier3,premium,442.0,2,3,884.0,815429.0,1285248.0,2100676.0,60,1
Hospital,tier1,standard,5072.0,2,29,10144.0,18311619.0,21027104.0,39338724.0,114,3
Road,tier2,standard,46139.0,1,248,46139.0,6029375.0,15481633.0,21511009.0,30,19
Home,tier1,standard,5796.0,3,59,17388.0,13064128.0,22837505.0,35901633.0,57,2
Office,tier2,premium,2079.0,1,8,2079.0,2264947.0,3196308.0,5461255.0,74,1
Other,tier1,standard,4500.0,3,78,13500.0,14689378.0,16016024.0,30705402.0,43,3
Office,tier1,basic,4708.0,2,41,9416.0,7680452.0,13280891.0,20961342.0,61,3
Home,tier2,standard,573.0,3,5,1719.0,1272517.0,1982828.0,3255345.0,70,1
Home,tier3,standard,4652.0,1,6,4652.0,3177179.0,4373847.0,7551026.0,104,1
Road,tier1,basic,107213.0,1,300,107213.0,15799254.0,32013798.0,47813052.0,34,54
Apartment,tier2,standard,3839.0,3,29,11517.0,8775563.0,15351167.0,24126730.0,78,4
Apartment,tier2,basic,3555.0,2,29,7110.0,3708745.0,7585954.0,11294699.0,61,2
Road,tier3,basic,58735.0,1,192,58735.0,6432547.0,13932291.0,20364838.0,31,29
Office,tier2,premium,979.0,2,7,1958.0,2467154.0,3879710.0,6346864.0,74,2
Home,tier1,premium,2599.0,2,23,5198.0,6527004.0,14429018.0,20956022.0,54,2
Road,tier1,standard,61477.0,1,81,61477.0,8720128.0,27306267.0,36026395.0,64,27
Apartment,tier2,basic,5134.0,2,36,10268.0,6513216.0,10635418.0,17148633.0,81,4
Hospital,tier1,premium,1345.0,1,4,1345.0,3278259.0,3945226.0,7223486.0,116,1
Road,tier3,standard,93987.0,1,300,93987.0,9357633.0,21969333.0,31326966.0,35,36
School,tier3,premium,5579.0,2,44,11158.0,13539138.0,18952199.0,32491337.0,63,2
Road,tier3,basic,100932.0,1,300,100932.0,8307685.0,19741677.0,28049363.0,35,39
School,tier1,basic,4853.0,3,38,14559.0,12255740.0,16226383.0,28482123.0,65,4
Bridge,tier2,standard,51422.8,1,104,51422.8,178243341.0,324971559.0,503214900.0,253,32
Hospital,tier2,premium,4324.0,4,26,17296.0,36895770.0,34922061.0,71817832.0,210,7
Bridge,tier1,basic,49612.8,1,172,49612.8,147596290.0,268036471.0,415632761.0,190,42
Apartment,tier1,basic,4674.0,2,37,9348.0,4971348.0,13395197.0,18366545.0,52,3
Road,tier1,standard,68523.0,1,201,68523.0,12603214.0,25130155.0,37733368.0,33,34
Home,tier2,premium,3766.0,2,32,7532.0,6694355.0,13172354.0,19866709.0,50,2
Office,tier3,standard,5056.0,1,16,5056.0,3100124.0,5605863.0,8705987.0,75,2
Bridge,tier3,premium,45271.2,1,146,45271.2,177343258.0,373234801.0,550578059.0,223,32
Bridge,tier1,standard,16972.8,1,28,16972.8,81512933.0,139377167.0,220890100.0,283,11
School,tier2,premium,1680.0,4,19,6720.0,7296332.0,11869039.0,19165371.0,96,3
Hospital,tier1,standard,2827.0,2,25,5654.0,7715368.0,12925431.0,20640800.0,81,2
Office,tier1,basic,1802.0,3,27,5406.0,3814914.0,6976285.0,10791199.0,51,2
Hospital,tier1,standard,4433.0,4,55,17732.0,30032916.0,38758357.0,68791273.0,124,6
Hospital,tier2,standard,3713.0,2,32,7426.0,11285526.0,14037110.0,25322636.0,108,4
Road,tier2,standard,115248.0,1,300,115248.0,17336788.0,40083410.0,57420198.0,41,39
Road,tier3,basic,66825.0,1,150,66825.0,5249231.0,14047884.0,19297115.0,41,30
Home,tier3,standard,1597.0,2,12,3194.0,1634463.0,2731353.0,4365816.0,56,2
Road,tier1,premium,10104.0,1,36,10104.0,2652951.0,7015780.0,9668731.0,46,5
Apartment,tier2,standard,3556.0,1,16,3556.0,2443621.0,4002535.0,6446156.0,66,2
Apartment,tier1,premium,5867.0,1,14,5867.0,7054593.0,11582039.0,18636632.0,89,2
School,tier2,standard,3758.0,2,28,7516.0,5491392.0,10539686.0,16031078.0,74,2
Office,tier2,basic,4668.0,3,42,14004.0,9707815.0,15258883.0,24966698.0,67,5
Hospital,tier1,basic,1461.0,2,11,2922.0,3343959.0,4302190.0,7646149.0,99,1
Hospital,tier1,standard,1703.0,1,8,1703.0,2923848.0,2472828.0,5396676.0,88,2
Office,tier1,basic,3514.0,3,53,10542.0,9018367.0,16228224.0,25246592.0,51,2
Apartment,tier1,standard,1691.0,3,24,5073.0,4853181.0,8919782.0,13772962.0,61,2
Home,tier3,standard,647.0,2,3,1294.0,842621.0,1408792.0,2251413.0,79,1
Home,tier1,standard,2895.0,3,24,8685.0,7491677.0,12671080.0,20162758.0,58,1
Home,tier2,premium,1875.0,2,17,3750.0,4030071.0,5259537.0,9289609.0,52,1
Home,tier3,premium,4040.0,1,16,4040.0,3457566.0,5027683.0,8485249.0,56,1
Apartment,tier2,standard,3629.0,3,33,10887.0,5729348.0,13031597.0,18760946.0,73,4
Road,tier2,basic,100016.0,1,226,100016.0,11550836.0,23250450.0,34801287.0,34,47
Office,tier3,basic,5055.0,4,3,20220.0,12536688.0,15355036.0,27891724.0,708,4
Road,tier1,standard,83402.0,1,123,83402.0,16615741.0,33036640.0,49652380.0,58,37
Road,tier1,standard,65501.0,1,195,65501.0,11186522.0,28306770.0,39493292.0,40,25
Office,tier2,standard,3098.0,4,37,12392.0,9635918.0,19380551.0,29016469.0,73,3
Home,tier2,standard,4300.0,4,66,17200.0,12392362.0,19815884.0,32208246.0,46,4
School,tier3,standard,4975.0,4,80,19900.0,12266708.0,20673522.0,32940230.0,64,5
Home,tier1,basic,2091.0,4,50,8364.0,6350898.0,6996069.0,13346967.0,33,2
Apartment,tier2,basic,1745.0,2,8,3490.0,2149218.0,3098657.0,5247875.0,89,2
Office,tier2,standard,4616.0,3,15,13848.0,13345481.0,18192156.0,31537636.0,176,4
Hospital,tier3,premium,3956.0,1,9,3956.0,4487041.0,7264635.0,11751676.0,171,2
Apartment,tier1,standard,1442.0,2,15,2884.0,2998407.0,5102078.0,8100485.0,61,1
Home,tier1,standard,1910.0,4,26,7640.0,8188046.0,12392510.0,20580556.0,53,2
Home,tier3,standard,5182.0,3,70,15546.0,8867416.0,13983221.0,22850637.0,49,3
Apartment,tier2,standard,3511.0,4,38,14044.0,11664349.0,18603815.0,30268164.0,82,4
Road,tier1,basic,165353.0,1,300,165353.0,14406400.0,58984083.0,73390483.0,51,71
School,tier1,basic,4325.0,4,23,17300.0,12430426.0,24357791.0,36788217.0,108,4
Home,tier3,basic,1555.0,3,14,4665.0,2045299.0,3781019.0,5826319.0,55,1
Office,tier2,basic,1560.0,2,10,3120.0,1929823.0,3497778.0,5427601.0,58,2
Bridge,tier2,basic,13684.0,1,59,13684.0,38837246.0,67192553.0,106029799.0,165,9
Apartment,tier3,standard,4541.0,1,18,4541.0,2697240.0,4855887.0,7553126.0,61,2
Office,tier1,basic,3729.0,3,63,11187.0,11814907.0,13007170.0,24822077.0,48,3
Apartment,tier1,basic,4188.0,4,53,16752.0,14857882.0,22944686.0,37802567.0,62,5
Hospital,tier2,basic,2720.0,1,10,2720.0,2745503.0,2659277.0,5404780.0,104,2
Home,tier3,basic,2151.0,2,14,4302.0,1741029.0,2891560.0,4632589.0,56,2
Office,tier1,basic,5012.0,4,51,20048.0,18612950.0,27931484.0,46544434.0,77,5
Office,tier2,basic,5411.0,2,41,10822.0,5653908.0,9829968.0,15483876.0,67,3
Road,tier1,basic,4248.0,1,13,4248.0,438674.0,1318542.0,1757216.0,31,3
School,tier1,premium,4770.0,4,101,19080.0,32608275.0,55321244.0,87929519.0,64,4
Road,tier3,basic,22104.0,1,53,22104.0,1716803.0,3885074.0,5601877.0,43,8
Office,tier1,basic,3318.0,3,29,9954.0,10104611.0,11499155.0,21603766.0,62,3
Hospital,tier1,standard,2143.0,1,4,2143.0,2363092.0,4055682.0,6418773.0,186,2
School,tier3,basic,863.0,1,3,863.0,501236.0,644260.0,1145496.0,75,1
Bridge,tier2,standard,7250.0,1,13,7250.0,26839914.0,50366547.0,77206461.0,244,6
School,tier2,standard,2867.0,4,38,11468.0,8494807.0,14282778.0,22777585.0,90,3
Office,tier3,premium,869.0,2,3,1738.0,1498295.0,2178258.0,3676553.0,122,1
Hospital,tier1,premium,2247.0,3,15,6741.0,18635531.0,19275140.0,37910671.0,142,3
Road,tier2,standard,58197.0,1,142,58197.0,5004599.0,21176849.0,26181449.0,37,28
Road,tier2,basic,92715.0,1,300,92715.0,9755426.0,23007541.0,32762967.0,32,51
Home,tier1,standard,2601.0,2,17,5202.0,4041300.0,8514676.0,12555976.0,56,2
School,tier2,basic,4004.0,1,13,4004.0,2543729.0,3800372.0,6344101.0,62,2
School,tier2,standard,5355.0,3,64,16065.0,13643515.0,22704708.0,36348222.0,58,5
Road,tier3,basic,22057.0,1,57,22057.0,1589351.0,5141558.0,6730908.0,32,11
Apartment,tier3,standard,4948.0,1,5,4948.0,3269161.0,5070050.0,8339210.0,199,2
Apartment,tier3,basic,1220.0,3,8,3660.0,1636002.0,3018327.0,4654329.0,88,2
Home,tier2,standard,1024.0,2,6,2048.0,1167995.0,2521911.0,3689906.0,69,1
Hospital,tier1,basic,4553.0,1,15,4553.0,4685055.0,7247111.0,11932166.0,101,2
Road,tier3,standard,47130.0,1,188,47130.0,4661069.0,15677977.0,20339046.0,30,23
Other,tier2,standard,3881.0,3,37,11643.0,7286862.0,12521443.0,19808305.0,53,3
Office,tier2,standard,5520.0,4,100,22080.0,20901810.0,31435501.0,52337312.0,56,5
Office,tier3,basic,4135.0,2,31,8270.0,4696438.0,6236539.0,10932976.0,66,2
Road,tier1,basic,112033.0,1,189,112033.0,9879435.0,36825109.0,46704544.0,46,37
Office,tier1,premium,5133.0,2,4,10266.0,18684980.0,26009799.0,44694778.0,451,3
Hospital,tier2,standard,4641.0,4,40,18564.0,27687603.0,31881036.0,59568639.0,142,6
Road,tier2,standard,159296.0,1,300,159296.0,21792871.0,57577430.0,79370301.0,54,62
Office,tier1,standard,3700.0,2,28,7400.0,8262036.0,9942205.0,18204241.0,61,3
Bridge,tier2,standard,3538.0,1,11,3538.0,11185533.0,19871237.0,31056771.0,221,3
Apartment,tier3,standard,954.0,3,10,2862.0,2125713.0,3117076.0,5242789.0,68,1
Apartment,tier2,basic,1950.0,4,38,7800.0,5512434.0,7226792.0,12739226.0,68,2
Road,tier1,standard,75608.0,1,253,75608.0,18552752.0,38446323.0,56999075.0,39,31
Office,tier2,standard,1991.0,2,15,3982.0,3508615.0,5336579.0,8845194.0,65,2
Home,tier3,basic,3343.0,4,69,13372.0,5613600.0,10214433.0,15828032.0,41,2
Apartment,tier3,standard,3274.0,1,4,3274.0,1918168.0,3139252.0,5057420.0,167,2
Hospital,tier1,basic,5206.0,2,55,10412.0,12658816.0,13206371.0,25865187.0,95,4
School,tier3,basic,440.0,1,3,440.0,231942.0,292796.0,524739.0,54,1
Apartment,tier3,premium,5017.0,4,48,20068.0,18984334.0,33462160.0,52446494.0,127,5
Home,tier2,premium,1789.0,4,19,7156.0,6884303.0,12796829.0,19681132.0,80,2
Hospital,tier2,basic,2366.0,4,14,9464.0,10139827.0,14755580.0,24895407.0,138,3
Office,tier1,standard,1249.0,1,4,1249.0,1377149.0,2190326.0,3567475.0,73,2
Home,tier2,basic,474.0,4,6,1896.0,1029432.0,2043316.0,3072747.0,60,1
Road,tier1,standard,30296.0,1,127,30296.0,5259480.0,12460254.0,17719734.0,32,16
Road,tier1,standard,116325.0,1,300,116325.0,24577841.0,51595160.0,76173001.0,36,32
Apartment,tier3,standard,2553.0,2,18,5106.0,3641498.0,5766527.0,9408026.0,70,2
Office,tier1,standard,2145.0,2,20,4290.0,4665151.0,8850271.0,13515422.0,67,2
Apartment,tier3,standard,984.0,3,12,2952.0,1677346.0,3147813.0,4825159.0,56,2
Hospital,tier2,premium,2292.0,4,27,9168.0,16553176.0,24624978.0,41178153.0,120,4
Hospital,tier3,basic,1264.0,2,9,2528.0,1940189.0,2379557.0,4319746.0,99,2
Apartment,tier1,basic,4229.0,4,44,16916.0,15559715.0,26523344.0,42083059.0,85,5
Road,tier2,standard,29358.0,1,56,29358.0,3920981.0,9886391.0,13807372.0,40,13
Road,tier2,standard,45288.0,1,174,45288.0,7595412.0,16916209.0,24511621.0,33,25
Home,tier3,basic,4047.0,3,19,12141.0,5964637.0,9175829.0,15140466.0,92,2
Office,tier1,standard,5486.0,3,51,16458.0,20329900.0,29961781.0,50291681.0,73,5
Apartment,tier1,standard,5692.0,4,15,22768.0,23545467.0,36119746.0,59665213.0,210,5
Road,tier3,standard,31332.0,1,107,31332.0,3505636.0,10457943.0,13963579.0,35,13
Road,tier1,premium,7705.0,1,19,7705.0,1860838.0,5027736.0,6888574.0,43,3
Office,tier2,standard,2679.0,1,11,2679.0,2246897.0,4338313.0,6585210.0,63,2
Road,tier1,standard,61194.0,1,188,61194.0,11727214.0,26113423.0,37840637.0,33,30
Hospital,tier1,standard,1540.0,3,15,4620.0,7408260.0,8643638.0,16051898.0,126,2
Office,tier2,basic,4269.0,2,29,8538.0,6822877.0,7816229.0,14639106.0,63,3
Apartment,tier2,standard,4895.0,1,13,4895.0,3862526.0,5446581.0,9309106.0,73,2
School,tier2,premium,1892.0,1,5,1892.0,1929208.0,3016268.0,4945476.0,99,2
Apartment,tier2,premium,4529.0,1,12,4529.0,4438344.0,8512239.0,12950583.0,96,2
Office,tier2,premium,1397.0,1,4,1397.0,1467016.0,2524470.0,3991486.0,91,1
School,tier3,standard,4373.0,3,35,13119.0,8465869.0,14834965.0,23300833.0,83,3
Home,tier1,standard,5716.0,4,88,22864.0,21317423.0,35761758.0,57079181.0,58,3
Road,tier2,basic,9321.0,1,12,9321.0,729329.0,1945946.0,2675275.0,62,4
Hospital,tier2,premium,5773.0,3,27,17319.0,30118456.0,41873507.0,71991963.0,229,6
School,tier3,standard,4136.0,4,92,16544.0,15120346.0,18828572.0,33948917.0,47,4
Home,tier2,basic,3224.0,3,27,9672.0,6312584.0,7389983.0,13702567.0,56,2
Apartment,tier2,premium,2232.0,1,5,2232.0,1945343.0,3034385.0,4979728.0,81,1
Home,tier2,standard,3471.0,2,23,6942.0,5206530.0,7620780.0,12827310.0,49,2
School,tier2,premium,5909.0,4,100,23636.0,32587765.0,46811834.0,79399598.0,79,5
Other,tier3,standard,430.0,2,4,860.0,532585.0,715303.0,1247888.0,44,1
Bridge,tier2,premium,57139.2,1,141,57139.2,267782743.0,458087962.0,725870705.0,285,30
Apartment,tier2,standard,1232.0,2,7,2464.0,1589161.0,3040041.0,4629202.0,73,2
School,tier1,standard,5307.0,4,62,21228.0,28869693.0,33412089.0,62281782.0,76,3
Apartment,tier2,standard,3457.0,2,26,6914.0,4724841.0,7753822.0,12478663.0,68,3
School,tier1,basic,5434.0,2,37,10868.0,9775405.0,12467423.0,22242827.0,76,3
Hospital,tier3,basic,1418.0,2,6,2836.0,2611798.0,2487265.0,5099063.0,153,2
Office,tier2,premium,667.0,2,4,1334.0,1944165.0,2786881.0,4731046.0,80,1
Hospital,tier1,premium,3080.0,1,9,3080.0,7146127.0,7726280.0,14872407.0,137,1
Office,tier1,premium,4757.0,2,48,9514.0,13706331.0,19610667.0,33316998.0,63,3
Other,tier2,basic,4851.0,1,15,4851.0,2570485.0,3997292.0,6567777.0,67,2
Office,tier3,basic,4680.0,4,135,18720.0,13993459.0,15063980.0,29057440.0,46,5
Office,tier2,premium,4884.0,1,15,4884.0,5470625.0,10013697.0,15484322.0,76,2
Apartment,tier1,basic,4742.0,4,26,18968.0,10298952.0,30195691.0,40494643.0,108,5
Office,tier2,standard,5225.0,4,78,20900.0,18866380.0,24773340.0,43639720.0,64,5
Road,tier3,basic,132587.0,1,300,132587.0,11142255.0,26230766.0,37373020.0,41,49
Hospital,tier3,premium,1719.0,4,27,6876.0,14170160.0,15510769.0,29680928.0,111,3
Home,tier1,standard,419.0,4,6,1676.0,1904130.0,2444300.0,4348430.0,60,1
Home,tier2,basic,2818.0,4,33,11272.0,5053627.0,10995194.0,16048821.0,52,2
Road,tier3,standard,138898.0,1,300,138898.0,13397895.0,33278043.0,46675937.0,51,58
Office,tier3,basic,3910.0,4,10,15640.0,7430377.0,12827416.0,20257794.0,211,4
Office,tier2,standard,3495.0,2,30,6990.0,4774308.0,8963831.0,13738139.0,58,3
Home,tier2,standard,3654.0,1,11,3654.0,2189950.0,4018122.0,6208072.0,44,1
Road,tier2,standard,66933.0,1,300,66933.0,7606692.0,25502639.0,33109331.0,29,22
Office,tier1,standard,5994.0,1,16,5994.0,6075853.0,7509375.0,13585228.0,79,3
Home,tier1,basic,996.0,1,3,996.0,570069.0,1021968.0,1592037.0,55,1
School,tier2,basic,1947.0,1,9,1947.0,1097277.0,1454226.0,2551503.0,61,2
School,tier1,premium,2738.0,4,54,10952.0,14659462.0,27361623.0,42021085.0,64,3
Home,tier2,standard,799.0,1,3,799.0,765741.0,1015421.0,1781161.0,56,1
Office,tier3,standard,4983.0,2,11,9966.0,9114080.0,11487510.0,20601590.0,136,3
Apartment,tier3,standard,2572.0,3,14,7716.0,5311350.0,8787031.0,14098381.0,119,3
School,tier1,premium,1333.0,4,22,5332.0,7916045.0,12326525.0,20242571.0,80,2
Road,tier1,standard,21744.0,1,55,21744.0,4057343.0,7584055.0,11641398.0,42,10
Road,tier2,basic,57694.0,1,197,57694.0,6036689.0,14553121.0,20589810.0,34,29
Office,tier2,standard,2568.0,4,37,10272.0,8875682.0,11257644.0,20133326.0,65,2
Apartment,tier1,standard,4008.0,4,58,16032.0,15233946.0,29566953.0,44800898.0,68,5
Apartment,tier3,standard,2188.0,3,14,6564.0,4442981.0,6675101.0,11118082.0,94,2
Apartment,tier1,premium,5063.0,3,69,15189.0,18527169.0,37287333.0,55814501.0,78,4
Office,tier1,standard,1840.0,1,5,1840.0,1713758.0,2312431.0,4026190.0,80,1
Office,tier2,premium,1043.0,1,4,1043.0,1228326.0,1963429.0,3191755.0,67,1
Home,tier2,standard,2793.0,4,35,11172.0,9808982.0,11880932.0,21689914.0,59,3
Office,tier2,standard,1471.0,4,33,5884.0,4955963.0,7391660.0,12347623.0,51,2
Office,tier2,standard,4259.0,4,86,17036.0,17818009.0,22601355.0,40419364.0,57,5
School,tier3,standard,3333.0,3,58,9999.0,6214962.0,11248406.0,17463368.0,55,3
Home,tier1,basic,1233.0,3,19,3699.0,2434480.0,4441350.0,6875830.0,35,1
Apartment,tier2,standard,2284.0,1,7,2284.0,1697374.0,2910550.0,4607924.0,68,2
Home,tier1,basic,5246.0,1,14,5246.0,2810124.0,5082141.0,7892265.0,57,2
Home,tier2,basic,4985.0,1,10,4985.0,2836457.0,3965310.0,6801767.0,83,2
Apartment,tier2,premium,3990.0,2,29,7980.0,8092867.0,14862086.0,22954954.0,64,2
Hospital,tier2,basic,5457.0,2,37,10914.0,12007585.0,14664174.0,26671759.0,114,5
Road,tier1,premium,11518.0,1,38,11518.0,2785378.0,8078013.0,10863391.0,47,6
School,tier3,standard,4499.0,4,43,17996.0,13445562.0,19182375.0,32627937.0,96,5
Office,tier2,standard,531.0,3,6,1593.0,1368268.0,2058816.0,3427084.0,65,1
Home,tier3,premium,3759.0,4,43,15036.0,17561286.0,19850182.0,37411468.0,73,3
Road,tier2,standard,29376.0,1,81,29376.0,3790276.0,8725828.0,12516103.0,42,11
Road,tier3,premium,47568.0,1,168,47568.0,5192403.0,20208924.0,25401327.0,44,19
School,tier2,basic,906.0,4,12,3624.0,2414005.0,3311723.0,5725728.0,72,2
Office,tier2,standard,1822.0,2,6,3644.0,2567541.0,3466373.0,6033915.0,113,2
Hospital,tier2,standard,4003.0,2,19,8006.0,9302729.0,11602507.0,20905237.0,162,3
Apartment,tier3,standard,4779.0,4,76,19116.0,14440433.0,18540046.0,32980479.0,67,6
Home,tier2,standard,5668.0,4,74,22672.0,23919189.0,33603455.0,57522644.0,59,3
Home,tier2,standard,5934.0,2,13,11868.0,8055059.0,12630848.0,20685907.0,143,2
Road,tier2,basic,90440.0,1,300,90440.0,8923725.0,25784259.0,34707984.0,30,39
Apartment,tier2,basic,5549.0,3,55,16647.0,9031161.0,15848575.0,24879735.0,87,5
School,tier2,premium,1992.0,4,17,7968.0,9497870.0,17158958.0,26656828.0,110,3
Hospital,tier3,standard,5353.0,2,27,10706.0,11141792.0,12375490.0,23517282.0,137,4
Road,tier2,standard,44205.0,1,156,44205.0,6044389.0,11894436.0,17938825.0,37,18
Office,tier2,standard,5547.0,3,13,16641.0,17494459.0,25048103.0,42542562.0,223,4
Bridge,tier2,premium,32415.6,1,124,32415.6,135502177.0,231256176.0,366758353.0,185,21
Office,tier3,premium,4602.0,4,83,18408.0,23544426.0,36913625.0,60458051.0,56,6
Hospital,tier1,basic,2791.0,4,49,11164.0,14294423.0,16886748.0,31181171.0,95,4
Home,tier1,premium,836.0,2,8,1672.0,2025800.0,3153077.0,5178876.0,54,1
Office,tier1,basic,3050.0,2,15,6100.0,4630146.0,7157684.0,11787830.0,70,3
Bridge,tier2,standard,6944.0,1,32,6944.0,22587249.0,49921703.0,72508952.0,162,5
Road,tier2,premium,4040.0,1,15,4040.0,725721.0,1889711.0,2615432.0,37,2
School,tier2,basic,1150.0,4,11,4600.0,2997455.0,4335717.0,7333171.0,66,2
Road,tier1,basic,83886.0,1,300,83886.0,8521983.0,32908140.0,41430123.0,33,40
Apartment,tier3,standard,4860.0,3,56,14580.0,11675707.0,14712874.0,26388581.0,73,3
Apartment,tier2,premium,5787.0,4,119,23148.0,31461088.0,53647546.0,85108634.0,66,6
Apartment,tier2,basic,5162.0,2,49,10324.0,6487629.0,10513347.0,17000975.0,58,2
School,tier1,standard,4003.0,4,40,16012.0,17081531.0,24071794.0,41153324.0,79,4
School,tier1,standard,5340.0,2,40,10680.0,12299532.0,18934549.0,31234081.0,68,3
School,tier1,standard,2003.0,2,15,4006.0,3770807.0,4602251.0,8373059.0,73,2
Road,tier2,standard,68262.0,1,248,68262.0,10580527.0,24708959.0,35289486.0,29,33
Office,tier2,standard,5703.0,1,17,5703.0,4114669.0,7077578.0,11192248.0,67,2
School,tier1,standard,1232.0,2,13,2464.0,2859087.0,3896255.0,6755341.0,50,1
Home,tier2,standard,2625.0,2,14,5250.0,5094654.0,6606573.0,11701227.0,78,1
Home,tier1,premium,1970.0,2,21,3940.0,4050956.0,7030865.0,11081821.0,48,1
Apartment,tier2,premium,1188.0,3,6,3564.0,4036075.0,7439689.0,11475765.0,156,1
Home,tier1,basic,1367.0,2,8,2734.0,2022700.0,3153573.0,5176273.0,56,1
Bridge,tier1,standard,5512.0,1,23,5512.0,21862241.0,44241961.0,66104202.0,200,5
School,tier1,standard,1416.0,3,9,4248.0,4044645.0,6204929.0,10249574.0,106,2
Home,tier2,basic,4129.0,1,10,4129.0,2214625.0,3309635.0,5524260.0,59,1
Apartment,tier3,standard,5287.0,4,84,21148.0,12445723.0,21659885.0,34105608.0,67,5
Home,tier2,standard,4615.0,4,24,18460.0,17041233.0,21254532.0,38295766.0,104,2
Apartment,tier1,basic,2939.0,2,27,5878.0,3633585.0,5789621.0,9423206.0,60,2
Apartment,tier3,standard,526.0,3,8,1578.0,883330.0,1724294.0,2607624.0,64,1
Office,tier3,standard,2741.0,3,42,8223.0,5165868.0,11529252.0,16695120.0,67,2
Home,tier2,standard,1985.0,3,22,5955.0,4170845.0,6458072.0,10628917.0,61,2
Office,tier1,premium,5241.0,1,15,5241.0,8304854.0,10853204.0,19158058.0,92,2
Road,tier2,basic,29718.0,1,86,29718.0,2836089.0,6892555.0,9728644.0,36,12
Office,tier3,standard,1701.0,4,25,6804.0,6268472.0,7496408.0,13764880.0,65,3
Other,tier3,standard,1270.0,3,13,3810.0,2152435.0,3657309.0,5809744.0,67,2
Office,tier2,standard,4992.0,4,58,19968.0,16983149.0,25957849.0,42940998.0,69,4
Apartment,tier2,standard,5291.0,2,55,10582.0,8102199.0,11394873.0,19497072.0,52,3
Home,tier3,basic,5905.0,4,72,23620.0,12320808.0,18102543.0,30423352.0,49,3
Other,tier1,basic,4714.0,4,94,18856.0,10960011.0,18733123.0,29693134.0,46,4
Office,tier1,standard,2995.0,3,31,8985.0,9931950.0,15192895.0,25124845.0,75,3
Road,tier3,basic,50523.0,1,171,50523.0,4728810.0,10782537.0,15511346.0,33,24
School,tier1,premium,735.0,1,3,735.0,1018559.0,1687413.0,2705973.0,76,1
Home,tier2,standard,5365.0,1,21,5365.0,3507902.0,5637005.0,9144906.0,46,1
Apartment,tier1,basic,5961.0,3,57,17883.0,14745191.0,21401055.0,36146246.0,70,4
Office,tier1,standard,5567.0,2,44,11134.0,13141069.0,20017446.0,33158515.0,72,4
Bridge,tier1,premium,12774.4,1,53,12774.4,95827607.0,126043875.0,221871482.0,170,8
Bridge,tier2,basic,21856.0,1,115,21856.0,50749039.0,99874445.0,150623484.0,126,14
School,tier2,standard,413.0,4,6,1652.0,956332.0,2173812.0,3130145.0,72,1
Home,tier2,basic,2681.0,1,6,2681.0,1494572.0,2731229.0,4225802.0,73,2
Home,tier2,premium,1001.0,4,10,4004.0,4694854.0,6920562.0,11615416.0,89,1
Home,tier3,standard,3687.0,1,22,3687.0,2254173.0,3562843.0,5817017.0,46,1
Office,tier2,standard,413.0,2,3,826.0,626959.0,1041779.0,1668738.0,68,1
Home,tier3,standard,2114.0,1,4,2114.0,1180886.0,1984063.0,3164949.0,72,2
Apartment,tier2,standard,2748.0,3,28,8244.0,7160722.0,11575983.0,18736706.0,76,3
Bridge,tier1,standard,59494.4,1,156,59494.4,313735787.0,407961392.0,721697179.0,243,37
School,tier3,basic,882.0,4,15,3528.0,2078187.0,2737602.0,4815789.0,56,2
Road,tier3,basic,8325.0,1,35,8325.0,885344.0,2051273.0,2936616.0,28,5
Office,tier1,basic,1924.0,2,10,3848.0,2830963.0,4218582.0,7049545.0,58,2
Bridge,tier2,standard,4849.2,1,25,4849.2,13709417.0,22597696.0,36307113.0,150,4
Office,tier2,premium,2475.0,1,5,2475.0,2270858.0,3811630.0,6082488.0,130,1
Road,tier1,basic,44768.0,1,111,44768.0,4273489.0,17473581.0,21747070.0,36,22
Road,tier2,premium,9261.0,1,48,9261.0,1430924.0,4566073.0,5996997.0,28,5
Bridge,tier1,premium,34104.0,1,62,34104.0,192200492.0,356312003.0,548512496.0,382,23
Other,tier1,basic,471.0,4,7,1884.0,1240737.0,2440265.0,3681003.0,52,1
Office,tier3,basic,5715.0,4,118,22860.0,12571567.0,22357373.0,34928940.0,54,5
Road,tier2,standard,144276.0,1,43,144276.0,15167918.0,45870386.0,61038304.0,242,43
Home,tier3,basic,3804.0,3,34,11412.0,6850396.0,9437353.0,16287749.0,52,2
Road,tier2,standard,20775.0,1,92,20775.0,2744741.0,6937079.0,9681820.0,29,7
Hospital,tier3,standard,663.0,4,8,2652.0,2940683.0,3989912.0,6930595.0,147,2
Home,tier2,standard,4336.0,4,59,17344.0,9977757.0,22060412.0,32038169.0,53,2
School,tier2,standard,483.0,4,7,1932.0,1366360.0,2427011.0,3793371.0,79,1
Road,tier1,basic,103267.0,1,300,103267.0,12075712.0,35464924.0,47540636.0,36,42
Home,tier2,premium,3222.0,4,31,12888.0,12447074.0,19364970.0,31812044.0,88,2
Apartment,tier2,standard,2093.0,4,35,8372.0,6051856.0,11379126.0,17430982.0,53,3
Road,tier2,basic,69201.0,1,251,69201.0,7397789.0,21464173.0,28861962.0,32,31
Apartment,tier2,standard,1537.0,2,6,3074.0,2056364.0,4442795.0,6499159.0,103,2
Road,tier1,basic,38680.0,1,108,38680.0,5709013.0,12050296.0,17759310.0,30,16
Apartment,tier3,premium,4016.0,1,7,4016.0,3150337.0,5221234.0,8371571.0,133,2
Office,tier3,standard,2361.0,2,17,4722.0,3184997.0,5485823.0,8670819.0,64,2
Road,tier2,premium,48382.0,1,189,48382.0,6838682.0,24154547.0,30993229.0,37,21
Apartment,tier2,premium,4857.0,3,52,14571.0,14721715.0,34426195.0,49147910.0,73,5
Road,tier2,standard,157768.0,1,300,157768.0,24233970.0,47905589.0,72139559.0,45,61
Road,tier3,standard,46563.0,1,162,46563.0,5361959.0,12142575.0,17504534.0,34,20
Other,tier2,standard,850.0,1,4,850.0,565928.0,847614.0,1413541.0,45,1
School,tier2,basic,5684.0,4,72,22736.0,16228390.0,18510621.0,34739011.0,66,5
Hospital,tier1,premium,2756.0,3,34,8268.0,17505350.0,28449978.0,45955328.0,106,4
School,tier1,standard,5096.0,3,28,15288.0,19946049.0,28397518.0,48343567.0,103,4
Apartment,tier3,premium,2000.0,2,7,4000.0,3207410.0,6494384.0,9701795.0,141,2
Apartment,tier2,standard,3725.0,1,13,3725.0,2470902.0,3953502.0,6424404.0,73,2
School,tier1,basic,5801.0,2,48,11602.0,8890235.0,13269106.0,22159341.0,58,3
Office,tier1,standard,5657.0,2,34,11314.0,12130302.0,14701862.0,26832164.0,62,4
Home,tier2,basic,4063.0,2,33,8126.0,6429649.0,8186981.0,14616631.0,42,1
School,tier2,basic,3840.0,2,28,7680.0,6460180.0,7610256.0,14070436.0,59,2
Apartment,tier2,standard,564.0,3,3,1692.0,1725593.0,2143197.0,3868790.0,120,1
Road,tier2,basic,94080.0,1,300,94080.0,8611092.0,27802658.0,36413749.0,35,39
Home,tier3,premium,2754.0,2,10,5508.0,4951731.0,7486155.0,12437886.0,109,1
Office,tier2,standard,486.0,3,3,1458.0,1147114.0,2082027.0,3229142.0,92,1
Bridge,tier3,standard,40185.6,1,188,40185.6,105881290.0,194763508.0,300644798.0,182,30
Apartment,tier1,basic,2950.0,4,40,11800.0,9557654.0,19188491.0,28746145.0,70,3
Home,tier2,basic,4708.0,3,34,14124.0,7191818.0,12818274.0,20010092.0,51,3
School,tier1,standard,640.0,2,4,1280.0,1320165.0,1805009.0,3125174.0,87,1
Apartment,tier1,basic,1772.0,3,12,5316.0,3705761.0,6320280.0,10026040.0,82,2
Apartment,tier1,standard,5433.0,4,52,21732.0,21800524.0,38180854.0,59981378.0,98,5
Home,tier1,standard,5647.0,4,96,22588.0,12918137.0,23684492.0,36602628.0,52,3
Apartment,tier3,basic,458.0,4,5,1832.0,965494.0,1582956.0,2548449.0,65,2
School,tier2,standard,5398.0,1,11,5398.0,3246807.0,4804298.0,8051105.0,92,2
Apartment,tier3,basic,2119.0,1,5,2119.0,1285546.0,1658921.0,2944467.0,66,1
Home,tier2,basic,1610.0,3,15,4830.0,2499106.0,3274912.0,5774018.0,50,2
Bridge,tier2,standard,44550.0,1,110,44550.0,138991329.0,229755160.0,368746489.0,228,24
School,tier1,basic,3393.0,1,10,3393.0,2041008.0,3101265.0,5142272.0,72,1
Office,tier2,basic,4852.0,4,73,19408.0,16969945.0,22889912.0,39859857.0,56,5
Road,tier2,standard,52182.0,1,145,52182.0,6830447.0,18186148.0,25016595.0,38,19
School,tier3,standard,4642.0,4,43,18568.0,18088816.0,24557492.0,42646308.0,90,5
School,tier3,premium,2451.0,3,19,7353.0,9705999.0,13543235.0,23249234.0,102,2
Home,tier1,premium,4392.0,1,22,4392.0,5849392.0,10269585.0,16118977.0,48,2
Road,tier2,standard,128905.0,1,300,128905.0,14419950.0,38781433.0,53201383.0,43,55
Office,tier2,standard,686.0,3,7,2058.0,1916174.0,2784675.0,4700849.0,61,1
Apartment,tier2,standard,5299.0,3,66,15897.0,13279086.0,23454917.0,36734003.0,57,3
Other,tier1,basic,2013.0,2,9,4026.0,2297442.0,4601793.0,6899235.0,75,2
Office,tier2,premium,2442.0,1,6,2442.0,2832318.0,4328561.0,7160879.0,113,2
Home,tier3,standard,4871.0,3,56,14613.0,11117798.0,13646122.0,24763921.0,54,2
Office,tier2,basic,5311.0,1,3,5311.0,3955515.0,4783804.0,8739319.0,223,2
Road,tier2,standard,103530.0,1,300,103530.0,12333927.0,30019463.0,42353391.0,36,41
Apartment,tier1,standard,2947.0,2,16,5894.0,5816868.0,7850048.0,13666916.0,93,3
Bridge,tier3,standard,38444.0,1,80,38444.0,139636506.0,173668710.0,313305217.0,153,25
Home,tier1,basic,4989.0,2,38,9978.0,7802239.0,11148778.0,18951017.0,59,2
Home,tier1,premium,1852.0,2,19,3704.0,4929598.0,7882060.0,12811658.0,51,1
Office,tier1,basic,4001.0,3,36,12003.0,8358928.0,15894812.0,24253740.0,51,4
Apartment,tier3,premium,1721.0,3,19,5163.0,4830546.0,7857898.0,12688444.0,98,2
School,tier2,standard,1577.0,1,6,1577.0,1188620.0,1727466.0,2916087.0,52,1
School,tier1,premium,3469.0,1,13,3469.0,4969924.0,7474341.0,12444265.0,59,2
Office,tier1,premium,5243.0,3,34,15729.0,27571675.0,41933141.0,69504817.0,98,4
Apartment,tier3,standard,2032.0,3,22,6096.0,5324544.0,7767550.0,13092094.0,68,2
Office,tier2,premium,4467.0,1,16,4467.0,3746597.0,8217402.0,11963999.0,86,2
Apartment,tier1,basic,519.0,4,3,2076.0,1931424.0,2672346.0,4603770.0,110,1
Apartment,tier3,basic,4308.0,1,19,4308.0,1968529.0,3449287.0,5417815.0,53,2
Road,tier1,standard,105245.0,1,166,105245.0,16504551.0,36531122.0,53035673.0,56,38
Apartment,tier2,standard,819.0,1,3,819.0,578583.0,962315.0,1540898.0,67,1
Office,tier1,basic,3500.0,4,71,14000.0,11471132.0,18431152.0,29902284.0,60,5
School,tier2,standard,1739.0,3,16,5217.0,4778505.0,6384069.0,11162574.0,84,2
Home,tier3,premium,3951.0,4,33,15804.0,19198419.0,23603551.0,42801969.0,89,3
Road,tier2,premium,87360.0,1,300,87360.0,21398596.0,51411712.0,72810308.0,38,37
Office,tier2,basic,2320.0,1,12,2320.0,1465315.0,2661906.0,4127220.0,42,2
Home,tier3,standard,1721.0,4,14,6884.0,5468624.0,6417486.0,11886110.0,87,2
Home,tier3,basic,2157.0,1,3,2157.0,855433.0,1699897.0,2555330.0,96,1
Office,tier2,basic,443.0,3,6,1329.0,1071862.0,1633458.0,2705320.0,57,1
School,tier2,premium,1989.0,3,26,5967.0,6479918.0,10075417.0,16555335.0,75,2
Road,tier3,premium,23292.0,1,88,23292.0,4990605.0,10500473.0,15491078.0,43,10
Office,tier1,basic,3890.0,3,14,11670.0,8835010.0,12928155.0,21763165.0,120,3
Other,tier1,basic,2973.0,3,36,8919.0,5499172.0,7390312.0,12889484.0,47,2
Apartment,tier1,standard,1988.0,4,36,7952.0,8168673.0,14017546.0,22186219.0,71,3
Home,tier3,standard,3852.0,1,23,3852.0,2181382.0,2735242.0,4916625.0,40,1
Road,tier1,basic,137397.0,1,300,137397.0,18106352.0,41293560.0,59399912.0,41,49
School,tier1,basic,3434.0,1,12,3434.0,2470261.0,4853343.0,7323604.0,83,2
Hospital,tier2,standard,1977.0,1,3,1977.0,2133220.0,2896488.0,5029709.0,191,1
Road,tier1,basic,107436.0,1,300,107436.0,15102783.0,41930168.0,57032951.0,41,49
Hospital,tier2,premium,4829.0,4,86,19316.0,29216319.0,37877712.0,67094030.0,110,7
Home,tier2,standard,956.0,2,7,1912.0,1344078.0,2589952.0,3934030.0,52,1
Office,tier1,standard,2190.0,4,41,8760.0,8867810.0,13024679.0,21892489.0,47,3
Hospital,tier3,standard,3028.0,3,22,9084.0,9358001.0,13325781.0,22683782.0,151,4
School,tier1,premium,3954.0,2,24,7908.0,15591514.0,14718424.0,30309937.0,93,3
Apartment,tier3,basic,3628.0,4,45,14512.0,7263027.0,11611966.0,18874993.0,70,4
Home,tier2,premium,4314.0,2,40,8628.0,9363747.0,13343899.0,22707646.0,56,2
Home,tier1,basic,5663.0,1,26,5663.0,3439301.0,4730581.0,8169881.0,47,1
Home,tier1,premium,1376.0,4,20,5504.0,8390093.0,14259808.0,22649901.0,54,2
Home,tier2,basic,3085.0,1,11,3085.0,1480681.0,2171884.0,3652565.0,50,2
Home,tier2,premium,2527.0,2,20,5054.0,4865954.0,7106434.0,11972388.0,69,1
Bridge,tier1,basic,8332.4,1,25,8332.4,26551058.0,43069961.0,69621019.0,179,6
Bridge,tier3,premium,15585.6,1,77,15585.6,58824948.0,102011319.0,160836267.0,150,10
School,tier2,standard,3920.0,3,33,11760.0,13645932.0,13630878.0,27276810.0,88,3
Road,tier3,basic,3620.0,1,14,3620.0,306846.0,741769.0,1048616.0,30,3
Home,tier1,standard,2040.0,4,22,8160.0,9262421.0,11022992.0,20285412.0,66,2
Hospital,tier1,basic,5492.0,2,49,10984.0,11717777.0,18466050.0,30183827.0,94,4
Home,tier2,standard,2141.0,2,14,4282.0,3244771.0,5509431.0,8754202.0,64,2
Apartment,tier1,basic,3738.0,2,43,7476.0,4484278.0,8571128.0,13055406.0,48,2
Home,tier1,standard,5935.0,1,19,5935.0,5036091.0,6085195.0,11121286.0,68,2
Bridge,tier1,premium,8120.0,1,36,8120.0,38525765.0,83207605.0,121733370.0,186,6
Apartment,tier1,standard,4477.0,1,12,4477.0,4816069.0,7026089.0,11842159.0,92,2
School,tier3,standard,1985.0,2,12,3970.0,2955873.0,4272470.0,7228343.0,83,2
School,tier1,premium,5522.0,2,36,11044.0,17056325.0,22844556.0,39900881.0,73,4
Hospital,tier3,standard,3022.0,1,11,3022.0,3655394.0,3580926.0,7236320.0,120,2
Home,tier1,basic,2088.0,4,21,8352.0,6693248.0,8466931.0,15160179.0,61,2
Hospital,tier2,standard,4548.0,3,36,13644.0,18680852.0,25416451.0,44097303.0,145,6
Apartment,tier2,basic,3370.0,4,46,13480.0,7787337.0,14154936.0,21942273.0,65,5
Other,tier2,standard,1135.0,3,13,3405.0,2738910.0,3282053.0,6020963.0,43,1
Road,tier3,basic,7059.0,1,23,7059.0,553092.0,1805182.0,2358273.0,35,3
Road,tier3,premium,48015.0,1,150,48015.0,9374220.0,22374249.0,31748468.0,32,17
Apartment,tier1,standard,1292.0,3,7,3876.0,3857546.0,5086796.0,8944341.0,111,2
Bridge,tier2,standard,6454.4,1,25,6454.4,19660448.0,33194944.0,52855392.0,209,4
Office,tier3,basic,2334.0,1,10,2334.0,1760033.0,2114835.0,3874868.0,64,2
Home,tier1,basic,1726.0,1,8,1726.0,1327796.0,1767183.0,3094979.0,45,1
Home,tier2,standard,5457.0,2,38,10914.0,9944709.0,13782294.0,23727002.0,53,2
Road,tier1,standard,124845.0,1,300,124845.0,21161969.0,60429490.0,81591460.0,42,47
Home,tier2,premium,5845.0,1,17,5845.0,5863833.0,10092495.0,15956328.0,81,2
Home,tier2,standard,1288.0,1,5,1288.0,651694.0,1171336.0,1823030.0,48,1
Home,tier2,basic,3390.0,2,22,6780.0,3065070.0,5251434.0,8316504.0,55,1
Apartment,tier3,standard,988.0,3,7,2964.0,2488218.0,2966814.0,5455032.0,83,2
Home,tier2,standard,4370.0,4,24,17480.0,14476185.0,17145297.0,31621482.0,108,2
Home,tier3,basic,1171.0,4,13,4684.0,2083522.0,3767676.0,5851198.0,56,1
Road,tier2,standard,24701.0,1,74,24701.0,3863219.0,9072611.0,12935829.0,39,13
Office,tier2,basic,1536.0,3,17,4608.0,3192020.0,4678946.0,7870966.0,64,2
Other,tier2,basic,3092.0,1,9,3092.0,1536074.0,2563436.0,4099510.0,69,2
Apartment,tier2,basic,2464.0,4,30,9856.0,5803681.0,11869860.0,17673540.0,69,3
Road,tier3,standard,11891.0,1,41,11891.0,1455642.0,4117298.0,5572939.0,35,6
Road,tier1,standard,33075.0,1,171,33075.0,6204037.0,13529206.0,19733243.0,31,17
Road,tier3,basic,45801.0,1,144,45801.0,5195441.0,10605123.0,15800563.0,33,20
Home,tier2,standard,891.0,2,3,1782.0,1328846.0,1672036.0,3000882.0,95,1
Office,tier2,standard,630.0,2,3,1260.0,983102.0,1817616.0,2800719.0,91,1
Home,tier2,standard,1165.0,2,13,2330.0,1676725.0,2909762.0,4586486.0,40,1
Home,tier2,basic,1893.0,3,28,5679.0,3231801.0,4885051.0,8116852.0,42,2
School,tier2,basic,4822.0,4,85,19288.0,14911286.0,16348682.0,31259968.0,54,5
Home,tier2,basic,2251.0,3,28,6753.0,3156039.0,5506713.0,8662753.0,44,2
Home,tier1,premium,3312.0,3,41,9936.0,13563083.0,20998879.0,34561962.0,70,2
Road,tier2,premium,75201.0,1,230,75201.0,13644765.0,30276388.0,43921154.0,42,29
Road,tier2,basic,8177.0,1,36,8177.0,819563.0,2084952.0,2904515.0,28,5
Home,tier2,standard,3669.0,1,16,3669.0,2522872.0,4121155.0,6644028.0,36,2
Home,tier2,basic,1389.0,2,12,2778.0,1742663.0,2428163.0,4170826.0,47,1
Home,tier1,basic,4112.0,2,22,8224.0,5594971.0,7079158.0,12674130.0,72,2
Office,tier2,basic,2108.0,4,25,8432.0,5954818.0,9218788.0,15173607.0,62,2
Apartment,tier2,basic,3710.0,3,29,11130.0,6635350.0,11301926.0,17937276.0,85,3
Apartment,tier2,basic,5900.0,4,106,23600.0,16898727.0,20180451.0,37079178.0,53,6
Road,tier2,basic,5518.0,1,20,5518.0,587079.0,1488281.0,2075360.0,26,4
Road,tier2,standard,42894.0,1,163,42894.0,6633120.0,14511658.0,21144779.0,31,19
Hospital,tier2,standard,1799.0,3,22,5397.0,5155796.0,6808461.0,11964257.0,102,3
School,tier1,standard,2856.0,2,10,5712.0,6549331.0,6867584.0,13416915.0,108,2
Home,tier1,standard,3082.0,2,27,6164.0,7860159.0,9570055.0,17430215.0,47,1
Home,tier2,standard,2056.0,1,6,2056.0,1947070.0,1996514.0,3943583.0,57,1
Road,tier1,standard,55920.0,1,157,55920.0,8306007.0,23227487.0,31533494.0,41,20
School,tier1,premium,441.0,3,3,1323.0,2553219.0,2766505.0,5319724.0,116,2
Home,tier1,basic,3449.0,1,12,3449.0,2824305.0,3409685.0,6233991.0,54,1
Office,tier2,standard,3493.0,2,23,6986.0,7073548.0,10450575.0,17524123.0,72,2
Office,tier3,basic,4711.0,3,24,14133.0,7906747.0,11550067.0,19456814.0,96,3
Office,tier1,standard,3480.0,4,17,13920.0,14220724.0,23749441.0,37970165.0,147,3
Road,tier1,standard,50976.0,1,158,50976.0,7280167.0,21783031.0,29063198.0,34,12
School,tier3,standard,2194.0,1,9,2194.0,1318022.0,2198660.0,3516683.0,71,1
Bridge,tier3,premium,36457.2,1,152,36457.2,108438932.0,271495933.0,379934865.0,166,24
Office,tier1,standard,3044.0,3,41,9132.0,9362263.0,16767887.0,26130150.0,49,2
Home,tier3,basic,5521.0,1,17,5521.0,2346710.0,3721888.0,6068598.0,58,2
Apartment,tier1,standard,2594.0,1,8,2594.0,2273318.0,3849184.0,6122503.0,68,1
Road,tier3,basic,26304.0,1,84,26304.0,2439999.0,7116091.0,9556090.0,30,11
Home,tier1,standard,2999.0,3,38,8997.0,9417368.0,10168087.0,19585455.0,44,2
Office,tier2,premium,1329.0,3,21,3987.0,5454196.0,7973601.0,13427797.0,65,2
Apartment,tier1,standard,5149.0,1,14,5149.0,4911619.0,5928539.0,10840159.0,76,2
Apartment,tier2,standard,4124.0,3,37,12372.0,11251820.0,16232103.0,27483923.0,89,3
Apartment,tier1,basic,4398.0,4,59,17592.0,16903129.0,21597468.0,38500597.0,71,4
School,tier2,basic,2358.0,4,29,9432.0,5774283.0,8502780.0,14277062.0,71,4
Road,tier2,premium,87178.0,1,232,87178.0,14449631.0,42004014.0,56453645.0,54,32
Road,tier1,basic,33270.0,1,106,33270.0,3694680.0,12274992.0,15969672.0,30,16
Home,tier3,basic,1741.0,3,13,5223.0,2736102.0,3500802.0,6236903.0,64,1
School,tier2,standard,519.0,4,9,2076.0,2337840.0,2900306.0,5238146.0,49,1
School,tier1,standard,4461.0,1,23,4461.0,3696130.0,6116027.0,9812158.0,56,2
Home,tier1,basic,5215.0,1,16,5215.0,4098911.0,5649238.0,9748149.0,47,2
Apartment,tier2,basic,1657.0,1,9,1657.0,1181096.0,1708459.0,2889555.0,57,1
Road,tier1,standard,44775.0,1,144,44775.0,7021374.0,20896964.0,27918337.0,40,16
Home,tier2,standard,5482.0,2,28,10964.0,7253271.0,11871751.0,19125022.0,67,2
Office,tier2,standard,4544.0,3,56,13632.0,10218723.0,18032031.0,28250754.0,77,3
Apartment,tier2,basic,5063.0,1,11,5063.0,2560254.0,4537626.0,7097880.0,79,2
Apartment,tier2,premium,5392.0,1,22,5392.0,6276550.0,9582698.0,15859248.0,65,2
Road,tier3,basic,6812.0,1,25,6812.0,399009.0,1374130.0,1773139.0,29,4
Other,tier2,basic,809.0,2,5,1618.0,754506.0,1314504.0,2069010.0,56,1
Apartment,tier2,premium,4888.0,1,13,4888.0,5193954.0,8449724.0,13643678.0,106,2
Apartment,tier3,premium,4829.0,2,22,9658.0,9318782.0,17727433.0,27046215.0,117,3
Apartment,tier1,basic,1471.0,3,20,4413.0,3796499.0,6180263.0,9976762.0,55,2
Road,tier2,standard,42940.0,1,132,42940.0,6449661.0,13890289.0,20339950.0,41,15
Apartment,tier3,premium,539.0,4,8,2156.0,1863061.0,3097527.0,4960589.0,74,1
School,tier2,basic,2511.0,1,8,2511.0,1309814.0,2509471.0,3819285.0,88,1
Hospital,tier3,basic,5782.0,4,71,23128.0,18955595.0,27465344.0,46420939.0,128,8
Home,tier2,standard,2374.0,3,26,7122.0,5882309.0,9461669.0,15343978.0,43,2
Hospital,tier2,premium,4663.0,1,18,4663.0,8790174.0,9301624.0,18091798.0,119,2
Other,tier2,standard,613.0,4,9,2452.0,1856583.0,2293955.0,4150538.0,50,1
Office,tier1,standard,3138.0,2,20,6276.0,6978998.0,10052252.0,17031250.0,87,3
Other,tier3,premium,4777.0,2,20,9554.0,8491919.0,11522069.0,20013989.0,86,2
Road,tier1,basic,14154.0,1,37,14154.0,1713665.0,4422113.0,6135778.0,28,8
Home,tier3,standard,2842.0,1,8,2842.0,1564316.0,2406386.0,3970702.0,71,1
Home,tier2,basic,824.0,2,6,1648.0,920008.0,1093569.0,2013577.0,35,1
Apartment,tier3,standard,3381.0,2,9,6762.0,4959217.0,7033515.0,11992732.0,133,2
School,tier3,standard,4542.0,4,74,18168.0,15209241.0,19820376.0,35029617.0,71,6
Office,tier2,basic,2925.0,3,33,8775.0,5202589.0,8397202.0,13599791.0,58,3
School,tier3,standard,5755.0,1,15,5755.0,4245430.0,6340255.0,10585685.0,95,2
Office,tier3,premium,2158.0,4,20,8632.0,8887936.0,11250771.0,20138707.0,106,4
Road,tier2,standard,75870.0,1,192,75870.0,11492206.0,23439576.0,34931782.0,38,31
Apartment,tier2,basic,4627.0,3,25,13881.0,9034529.0,12586321.0,21620850.0,100,4
Hospital,tier1,basic,2817.0,4,33,11268.0,15180623.0,21124536.0,36305160.0,139,6
Apartment,tier1,standard,947.0,3,9,2841.0,2720305.0,4098328.0,6818633.0,77,1
School,tier1,standard,2339.0,2,21,4678.0,5597947.0,7866949.0,13464896.0,66,2
Other,tier2,standard,4696.0,1,18,4696.0,2860663.0,4602249.0,7462912.0,55,2
Office,tier1,basic,5397.0,1,26,5397.0,4034672.0,7463502.0,11498174.0,50,2
Office,tier2,standard,2959.0,3,31,8877.0,10458417.0,12843548.0,23301965.0,57,2
Home,tier2,basic,2032.0,4,18,8128.0,3835592.0,7076928.0,10912520.0,71,2
School,tier2,basic,4686.0,1,25,4686.0,2831933.0,4303510.0,7135442.0,63,2
School,tier3,standard,5649.0,1,17,5649.0,3576215.0,6546259.0,10122473.0,81,2
Hospital,tier3,standard,1196.0,2,4,2392.0,2031602.0,3127469.0,5159071.0,156,2
Office,tier3,premium,2191.0,4,31,8764.0,10344983.0,15804242.0,26149224.0,81,3
Home,tier2,standard,4850.0,4,29,19400.0,15649983.0,20751010.0,36400993.0,114,3
School,tier1,basic,1100.0,1,4,1100.0,743300.0,1145348.0,1888649.0,72,1
Other,tier3,premium,5854.0,3,49,17562.0,16770708.0,20935147.0,37705855.0,81,4
Office,tier1,basic,1720.0,4,27,6880.0,5566850.0,8657868.0,14224718.0,61,3
Home,tier1,premium,3124.0,4,56,12496.0,20909974.0,27745897.0,48655871.0,51,2
Office,tier2,basic,3309.0,4,39,13236.0,9435656.0,13597854.0,23033510.0,67,4
Road,tier2,premium,30318.0,1,87,30318.0,9540655.0,16436613.0,25977268.0,49,15
Office,tier2,premium,1134.0,2,10,2268.0,2728585.0,4036003.0,6764588.0,62,2
Road,tier1,premium,31136.0,1,76,31136.0,7807878.0,20564112.0,28371990.0,45,13
School,tier3,basic,2527.0,4,34,10108.0,6189917.0,7836430.0,14026347.0,71,3
Road,tier1,premium,118725.0,1,300,118725.0,25534429.0,64574576.0,90109005.0,50,32
Road,tier1,standard,11194.0,1,27,11194.0,2517211.0,5267391.0,7784603.0,49,7
Home,tier2,basic,4121.0,1,12,4121.0,2076398.0,3553472.0,5629870.0,62,2
Apartment,tier2,standard,925.0,4,13,3700.0,2714232.0,4447257.0,7161489.0,67,2
Road,tier3,standard,116000.0,1,300,116000.0,9374558.0,39845868.0,49220426.0,47,48
Office,tier1,premium,3841.0,3,22,11523.0,20106420.0,31672914.0,51779334.0,121,4
Home,tier1,standard,1103.0,2,7,2206.0,1808537.0,2892606.0,4701143.0,64,1
School,tier1,standard,2661.0,1,13,2661.0,2933638.0,3752357.0,6685995.0,59,2
Apartment,tier3,standard,4529.0,1,20,4529.0,2683518.0,5391755.0,8075273.0,66,2
Home,tier3,basic,4025.0,3,36,12075.0,6286532.0,8784197.0,15070729.0,53,2
Home,tier2,standard,3610.0,4,47,14440.0,10029032.0,20283775.0,30312807.0,46,3
Home,tier2,standard,3141.0,1,12,3141.0,1827549.0,3676959.0,5504507.0,62,1
School,tier3,standard,4267.0,3,50,12801.0,8643553.0,10979005.0,19622558.0,61,3
Apartment,tier1,standard,5309.0,3,79,15927.0,15430132.0,24025259.0,39455390.0,56,4
Road,tier1,standard,56823.0,1,264,56823.0,9945085.0,22237308.0,32182393.0,28,19
Road,tier2,standard,128588.0,1,221,128588.0,20358243.0,40691168.0,61049411.0,64,43
Apartment,tier1,standard,5152.0,1,8,5152.0,4258230.0,7305186.0,11563416.0,128,2
Hospital,tier2,basic,3247.0,2,18,6494.0,6457179.0,7897890.0,14355069.0,129,3
Office,tier2,premium,1386.0,4,6,5544.0,6726597.0,11280675.0,18007272.0,202,2
Home,tier2,premium,1128.0,4,22,4512.0,5654365.0,8411012.0,14065378.0,56,2
Road,tier2,premium,92580.0,1,147,92580.0,16766178.0,51636597.0,68402775.0,69,49
Apartment,tier2,premium,3145.0,4,38,12580.0,13274025.0,21482637.0,34756662.0,91,3
Hospital,tier1,standard,4828.0,1,11,4828.0,8707953.0,10313384.0,19021338.0,170,3
Hospital,tier3,standard,1042.0,3,5,3126.0,3297418.0,4087487.0,7384905.0,163,2
Apartment,tier2,premium,3798.0,4,72,15192.0,14350881.0,26697926.0,41048807.0,62,4
Office,tier1,basic,3665.0,3,29,10995.0,10620983.0,14985050.0,25606033.0,78,3
Office,tier1,premium,2972.0,1,17,2972.0,3870214.0,6771935.0,10642149.0,61,2
Home,tier1,basic,2793.0,1,14,2793.0,2044043.0,2715252.0,4759295.0,40,1
Apartment,tier1,premium,1919.0,3,19,5757.0,7255197.0,11226354.0,18481552.0,104,2
School,tier1,standard,4786.0,4,17,19144.0,25200170.0,25749363.0,50949534.0,155,5
Office,tier1,premium,2254.0,4,26,9016.0,15504866.0,21978097.0,37482963.0,88,3
Home,tier3,standard,2743.0,4,66,10972.0,7928397.0,9893251.0,17821648.0,42,2
Hospital,tier3,standard,5211.0,4,80,20844.0,22247711.0,29753355.0,52001066.0,108,7
Hospital,tier3,premium,3931.0,4,49,15724.0,25867258.0,34339612.0,60206870.0,131,4
Hospital,tier2,standard,617.0,4,6,2468.0,3367963.0,5024017.0,8391980.0,138,2
Office,tier2,basic,730.0,4,13,2920.0,1535394.0,3067979.0,4603373.0,64,2
Apartment,tier2,basic,3411.0,4,51,13644.0,6205131.0,9848987.0,16054118.0,60,4
Apartment,tier3,standard,4376.0,2,32,8752.0,6733445.0,9709059.0,16442504.0,72,3
School,tier2,standard,3038.0,3,42,9114.0,7310484.0,10909499.0,18219983.0,59,3
School,tier2,standard,5761.0,1,26,5761.0,4730481.0,6131159.0,10861640.0,67,2
Apartment,tier3,basic,5163.0,3,60,15489.0,7671389.0,11308139.0,18979528.0,68,5
Apartment,tier2,basic,2907.0,3,13,8721.0,4389666.0,7141321.0,11530987.0,110,3
School,tier1,premium,1717.0,1,4,1717.0,2651650.0,3326681.0,5978331.0,109,1
Road,tier1,standard,35156.0,1,92,35156.0,4051877.0,16451505.0,20503382.0,40,10
Road,tier2,basic,1504.0,1,5,1504.0,164162.0,400844.0,565006.0,32,1
Apartment,tier1,basic,3780.0,3,58,11340.0,7788324.0,12641295.0,20429618.0,56,3
School,tier1,basic,2274.0,1,13,2274.0,1249232.0,1973577.0,3222808.0,55,1
Home,tier1,premium,1212.0,2,9,2424.0,2215063.0,4875389.0,7090452.0,64,1
Home,tier2,standard,811.0,4,13,3244.0,2933515.0,4238548.0,7172063.0,44,1
Apartment,tier3,standard,3020.0,3,14,9060.0,6523345.0,7817433.0,14340778.0,107,2
Apartment,tier2,standard,3675.0,4,42,14700.0,12467603.0,20079581.0,32547184.0,66,5
Other,tier1,premium,581.0,3,5,1743.0,2498784.0,2837790.0,5336574.0,64,1
Road,tier2,basic,56325.0,1,146,56325.0,6591808.0,15333370.0,21925178.0,39,26
Apartment,tier2,basic,2879.0,1,12,2879.0,1326244.0,2816981.0,4143225.0,57,2
Apartment,tier2,standard,714.0,4,8,2856.0,2112172.0,3013755.0,5125928.0,76,2
Office,tier2,premium,5297.0,3,18,15891.0,20197724.0,25514952.0,45712676.0,209,4
Home,tier1,standard,1687.0,1,7,1687.0,1181223.0,2049045.0,3230267.0,56,1
Other,tier2,standard,1158.0,2,11,2316.0,1817524.0,2629309.0,4446833.0,39,1
Home,tier1,premium,1149.0,4,17,4596.0,5092356.0,9390872.0,14483228.0,57,1
School,tier2,basic,3190.0,1,10,3190.0,1986961.0,2621348.0,4608309.0,62,2
School,tier3,standard,4367.0,3,30,13101.0,9318476.0,14320973.0,23639449.0,90,4
Hospital,tier3,standard,1821.0,2,9,3642.0,4692542.0,4477961.0,9170503.0,123,2
Office,tier1,premium,4689.0,2,43,9378.0,15414246.0,19826835.0,35241081.0,62,3
Hospital,tier2,basic,1861.0,1,5,1861.0,1505901.0,1786469.0,3292370.0,128,2
Office,tier3,standard,1447.0,3,25,4341.0,3033987.0,4256538.0,7290525.0,52,2
Apartment,tier3,premium,4002.0,2,36,8004.0,4861715.0,12496921.0,17358636.0,61,2
Office,tier1,standard,4732.0,3,53,14196.0,10534288.0,18779445.0,29313732.0,66,4
Hospital,tier2,standard,4590.0,2,60,9180.0,11390030.0,16361785.0,27751816.0,92,4
Apartment,tier1,basic,3521.0,1,17,3521.0,2548740.0,4040037.0,6588777.0,56,1
Home,tier1,basic,5290.0,1,15,5290.0,3632134.0,4337957.0,7970091.0,49,1
Office,tier2,standard,5154.0,4,44,20616.0,18012487.0,36067748.0,54080235.0,102,5
Apartment,tier2,basic,1958.0,2,11,3916.0,2541840.0,3172319.0,5714158.0,70,2
Home,tier1,premium,3911.0,3,38,11733.0,18749678.0,25679943.0,44429622.0,60,2
Home,tier3,standard,796.0,2,4,1592.0,1024338.0,1692278.0,2716617.0,70,1
Road,tier2,premium,110768.0,1,224,110768.0,13360956.0,62699267.0,76060224.0,60,47
Apartment,tier3,basic,2876.0,4,42,11504.0,3809226.0,8463487.0,12272713.0,67,3
School,tier3,basic,4340.0,4,76,17360.0,9855293.0,15089593.0,24944886.0,67,4
Road,tier3,standard,32205.0,1,177,32205.0,2683778.0,11147545.0,13831322.0,25,16
Other,tier3,basic,1320.0,1,5,1320.0,561290.0,775908.0,1337198.0,40,1
Road,tier1,basic,40482.0,1,163,40482.0,4848974.0,13660891.0,18509865.0,28,18
Road,tier1,standard,70016.0,1,82,70016.0,9284182.0,32604960.0,41889142.0,52,33
Road,tier3,basic,127872.0,1,300,127872.0,11897516.0,23501228.0,35398744.0,36,51
Office,tier1,basic,3828.0,4,33,15312.0,12694995.0,20283068.0,32978062.0,80,5
Office,tier2,basic,5236.0,1,19,5236.0,2992225.0,4834546.0,7826771.0,58,2
Hospital,tier2,premium,2428.0,1,8,2428.0,4434279.0,5793134.0,10227412.0,143,2
Home,tier1,basic,574.0,2,4,1148.0,833447.0,1053307.0,1886754.0,50,1
Hospital,tier1,standard,3753.0,3,18,11259.0,16940694.0,22223516.0,39164210.0,193,5
Office,tier2,standard,5893.0,2,29,11786.0,8316262.0,13105237.0,21421499.0,87,4
Road,tier2,standard,117090.0,1,260,117090.0,20717374.0,47886766.0,68604140.0,38,53
Home,tier2,standard,5814.0,3,46,17442.0,11828374.0,20244586.0,32072961.0,71,3
School,tier1,basic,4712.0,1,22,4712.0,2867850.0,4968341.0,7836191.0,55,2
Hospital,tier2,basic,599.0,4,7,2396.0,2818783.0,3076683.0,5895466.0,121,1
Road,tier1,standard,28992.0,1,74,28992.0,4610711.0,13109652.0,17720364.0,43,14
Home,tier2,premium,2154.0,4,35,8616.0,9036768.0,17174425.0,26211193.0,54,2
Office,tier1,standard,4061.0,2,30,8122.0,8088033.0,15421780.0,23509813.0,62,3
Apartment,tier1,standard,4687.0,4,107,18748.0,21086085.0,33513453.0,54599538.0,55,7
Office,tier3,premium,2493.0,4,45,9972.0,9100488.0,16382892.0,25483379.0,64,4
Apartment,tier1,standard,3079.0,1,3,3079.0,2891615.0,4528196.0,7419811.0,207,2
Office,tier2,standard,623.0,2,5,1246.0,837635.0,1442913.0,2280548.0,63,1
Home,tier1,standard,425.0,1,3,425.0,398170.0,528750.0,926920.0,33,1
Hospital,tier1,premium,4652.0,4,98,18608.0,56884987.0,54464708.0,111349695.0,130,7
Road,tier1,standard,120118.0,1,300,120118.0,16974902.0,48644042.0,65618944.0,43,46
Home,tier3,standard,5317.0,4,98,21268.0,16043826.0,27934402.0,43978228.0,47,3
Other,tier2,standard,3642.0,3,32,10926.0,7401628.0,12508599.0,19910227.0,72,3
Home,tier1,standard,2620.0,4,38,10480.0,9233191.0,12105743.0,21338934.0,56,2
Road,tier2,premium,25320.0,1,53,25320.0,7148563.0,11716976.0,18865539.0,54,10
Road,tier2,premium,91488.0,1,158,91488.0,19068686.0,58744185.0,77812871.0,53,31
Road,tier3,standard,76627.0,1,300,76627.0,5379914.0,18891988.0,24271902.0,25,40
Apartment,tier3,basic,814.0,3,8,2442.0,1545597.0,1845441.0,3391038.0,75,1
Home,tier2,standard,5699.0,4,42,22796.0,16841349.0,24014095.0,40855444.0,90,3
Apartment,tier2,basic,3567.0,4,61,14268.0,9328218.0,13017136.0,22345354.0,57,3
School,tier2,standard,3020.0,3,3,9060.0,6911162.0,9938957.0,16850120.0,407,3
Other,tier3,basic,4068.0,4,39,16272.0,7328991.0,13820608.0,21149599.0,66,3
Apartment,tier2,premium,4870.0,4,27,19480.0,22352400.0,35061749.0,57414149.0,169,5
Apartment,tier1,premium,1997.0,4,38,7988.0,13578167.0,20346158.0,33924325.0,62,3
School,tier3,basic,964.0,4,11,3856.0,1970559.0,2902713.0,4873271.0,74,2
Road,tier3,standard,43400.0,1,149,43400.0,6328935.0,11012461.0,17341396.0,36,16
Road,tier2,premium,17604.0,1,65,17604.0,2321305.0,7096172.0,9417477.0,36,8
School,tier2,basic,2007.0,1,9,2007.0,1432405.0,2360135.0,3792540.0,46,2
Road,tier2,basic,56016.0,1,232,56016.0,6725828.0,17311066.0,24036894.0,26,28
Hospital,tier3,standard,622.0,4,11,2488.0,3726293.0,4242834.0,7969128.0,92,2
Home,tier2,premium,5097.0,2,31,10194.0,13061447.0,18697910.0,31759357.0,80,2
Apartment,tier2,standard,503.0,2,4,1006.0,727985.0,1133416.0,1861401.0,60,1
Office,tier2,basic,4071.0,2,21,8142.0,5315944.0,7897944.0,13213887.0,67,3
Apartment,tier2,basic,612.0,4,7,2448.0,1755083.0,2211940.0,3967023.0,68,1
Home,tier1,standard,1235.0,4,8,4940.0,4885832.0,7856151.0,12741983.0,105,1
Home,tier3,basic,2226.0,3,35,6678.0,3027719.0,4273444.0,7301163.0,44,2
Apartment,tier1,standard,1419.0,4,12,5676.0,5001004.0,8188157.0,13189161.0,90,2
Apartment,tier2,basic,650.0,3,10,1950.0,1038323.0,1537391.0,2575714.0,51,1
Hospital,tier3,standard,4200.0,1,17,4200.0,4160562.0,5409079.0,9569641.0,107,2
Other,tier2,standard,4662.0,3,50,13986.0,8541115.0,16085452.0,24626567.0,63,3
Office,tier1,premium,2223.0,1,8,2223.0,3163883.0,4914390.0,8078274.0,61,1
Apartment,tier3,basic,4308.0,2,18,8616.0,4932602.0,6140147.0,11072749.0,76,3
Road,tier1,standard,116994.0,1,300,116994.0,16926493.0,43562570.0,60489062.0,51,35
Bridge,tier3,standard,22652.0,1,66,22652.0,54138959.0,104343549.0,158482508.0,228,12
Road,tier1,standard,28392.0,1,128,28392.0,4441630.0,11298354.0,15739984.0,25,13
Home,tier2,basic,3340.0,4,36,13360.0,9285414.0,12276519.0,21561933.0,78,3
School,tier2,basic,514.0,4,3,2056.0,1465908.0,2009213.0,3475121.0,115,1
Hospital,tier2,standard,4315.0,3,73,12945.0,16692963.0,23401896.0,40094859.0,97,6
Home,tier2,standard,2598.0,2,14,5196.0,3614306.0,5161770.0,8776077.0,76,1
Apartment,tier1,premium,809.0,1,3,809.0,908568.0,1888707.0,2797275.0,71,1
Bridge,tier2,premium,3385.2,1,3,3385.2,15324652.0,25431086.0,40755739.0,533,3
Home,tier1,standard,2186.0,3,21,6558.0,6450886.0,8168868.0,14619755.0,59,2
School,tier3,premium,551.0,2,4,1102.0,1251501.0,1663911.0,2915412.0,82,1
Home,tier2,standard,4477.0,3,47,13431.0,11645331.0,12549382.0,24194713.0,58,2
Home,tier2,basic,1612.0,1,5,1612.0,862035.0,1291203.0,2153238.0,55,1
Hospital,tier1,basic,1276.0,2,8,2552.0,3125430.0,3620907.0,6746337.0,110,2
Home,tier2,premium,1431.0,2,12,2862.0,2541849.0,4281588.0,6823437.0,59,1
Home,tier2,standard,4400.0,4,32,17600.0,15449118.0,17535652.0,32984770.0,91,4
Hospital,tier1,premium,3225.0,1,10,3225.0,6478666.0,8969209.0,15447875.0,140,2
Home,tier2,basic,4954.0,2,50,9908.0,5243990.0,8071565.0,13315555.0,40,2
Apartment,tier1,basic,2837.0,2,9,5674.0,2714625.0,5859981.0,8574605.0,101,2
Apartment,tier1,standard,4221.0,2,27,8442.0,7441258.0,11796859.0,19238117.0,64,3
Home,tier2,premium,3041.0,4,25,12164.0,14789743.0,23490770.0,38280513.0,110,2
Bridge,tier1,premium,52052.0,1,192,52052.0,287690255.0,598546554.0,886236809.0,218,28
Home,tier1,basic,5316.0,1,18,5316.0,4145593.0,4466815.0,8612408.0,57,2
School,tier2,standard,3837.0,4,34,15348.0,11235977.0,18681527.0,29917504.0,81,3
Home,tier2,standard,3168.0,4,43,12672.0,10314461.0,15143201.0,25457662.0,54,2
Apartment,tier1,premium,5247.0,4,72,20988.0,37739579.0,49855507.0,87595085.0,81,5
Office,tier1,basic,3978.0,1,10,3978.0,3635102.0,5384686.0,9019788.0,78,1
Hospital,tier2,standard,5624.0,2,32,11248.0,12452925.0,18435739.0,30888664.0,120,4
Home,tier2,basic,4025.0,3,31,12075.0,6450891.0,9142413.0,15593304.0,72,2
Office,tier2,standard,4247.0,1,3,4247.0,3700423.0,5647944.0,9348368.0,238,2
Road,tier2,basic,78680.0,1,300,78680.0,10564532.0,18777434.0,29341967.0,30,25
School,tier3,premium,5159.0,3,73,15477.0,18561336.0,22302626.0,40863962.0,70,4
Other,tier3,basic,2106.0,4,11,8424.0,3511451.0,5935855.0,9447306.0,99,2
Home,tier2,standard,3447.0,1,16,3447.0,1928667.0,3463851.0,5392518.0,44,1
Home,tier1,standard,5457.0,1,21,5457.0,5132015.0,7974522.0,13106537.0,40,2
Road,tier1,basic,105350.0,1,216,105350.0,13257855.0,38399904.0,51657759.0,46,53
Road,tier1,basic,4110.0,1,13,4110.0,527775.0,1255148.0,1782922.0,33,3
Apartment,tier2,standard,544.0,1,3,544.0,458964.0,751438.0,1210402.0,63,1
Apartment,tier3,standard,3598.0,4,63,14392.0,11105695.0,15184612.0,26290307.0,66,4
Apartment,tier2,standard,2345.0,2,11,4690.0,3621250.0,5440275.0,9061525.0,91,2
Home,tier1,standard,3531.0,1,21,3531.0,2809933.0,4195057.0,7004991.0,41,1
Road,tier2,basic,30510.0,1,143,30510.0,3122522.0,5993350.0,9115872.0,25,13
Hospital,tier3,premium,5034.0,4,38,20136.0,25807072.0,47047520.0,72854592.0,169,8
Office,tier1,basic,5916.0,1,31,5916.0,5170960.0,6905655.0,12076615.0,47,2
Hospital,tier3,standard,3393.0,3,43,10179.0,14118031.0,17852887.0,31970918.0,97,5
Office,tier3,premium,3817.0,2,24,7634.0,9265160.0,11323262.0,20588422.0,81,3
Office,tier2,premium,2958.0,2,24,5916.0,10287988.0,9460977.0,19748965.0,77,2
Apartment,tier2,basic,2070.0,3,27,6210.0,2705529.0,5979870.0,8685399.0,62,2
Office,tier2,basic,2976.0,1,7,2976.0,1903218.0,2881782.0,4785000.0,66,2
Other,tier1,standard,3166.0,1,14,3166.0,3301701.0,3478512.0,6780212.0,52,2
Office,tier2,basic,4767.0,4,54,19068.0,13252547.0,16795324.0,30047871.0,71,3
Home,tier1,standard,4266.0,4,73,17064.0,15261024.0,32841636.0,48102661.0,53,3
Office,tier2,standard,2247.0,4,29,8988.0,7833858.0,12743205.0,20577063.0,75,3
Home,tier3,basic,3854.0,4,33,15416.0,10923803.0,10784175.0,21707978.0,58,3
Bridge,tier2,standard,13068.8,1,53,13068.8,43617782.0,74114891.0,117732674.0,176,9
Home,tier2,standard,2739.0,2,16,5478.0,4019119.0,5848186.0,9867305.0,72,2
School,tier1,standard,5140.0,4,72,20560.0,20890990.0,31468584.0,52359574.0,62,4
Apartment,tier1,standard,3052.0,3,35,9156.0,8540095.0,13912382.0,22452477.0,61,3
Road,tier2,basic,21290.0,1,107,21290.0,3069973.0,5717030.0,8787003.0,21,9
Home,tier1,standard,1419.0,2,8,2838.0,2558519.0,3456542.0,6015061.0,61,1
Road,tier3,standard,72488.0,1,170,72488.0,9977536.0,21568223.0,31545759.0,37,27
Apartment,tier1,standard,3660.0,3,58,10980.0,9463715.0,17570920.0,27034635.0,52,3
School,tier3,premium,5471.0,4,73,21884.0,27882262.0,35239792.0,63122055.0,84,5
Home,tier2,premium,2603.0,3,21,7809.0,9397835.0,12861511.0,22259346.0,84,2
Bridge,tier2,standard,48734.4,1,183,48734.4,137010942.0,243119252.0,380130193.0,144,30
Road,tier3,premium,113137.0,1,300,113137.0,21397646.0,46643194.0,68040840.0,44,48
Office,tier2,basic,2178.0,2,13,4356.0,2934182.0,5704493.0,8638675.0,66,2
Home,tier1,standard,2840.0,3,54,8520.0,7507706.0,13634891.0,21142596.0,39,2
Other,tier3,standard,1617.0,4,14,6468.0,3986194.0,7298858.0,11285052.0,84,2
Home,tier2,standard,2049.0,2,7,4098.0,3532472.0,4329022.0,7861495.0,101,1
Home,tier1,standard,704.0,4,13,2816.0,2914874.0,4638265.0,7553140.0,51,1
Home,tier2,basic,3583.0,3,31,10749.0,5310424.0,9101628.0,14412052.0,58,2
School,tier2,premium,3079.0,2,23,6158.0,8418160.0,9840633.0,18258793.0,75,2
Road,tier2,premium,46080.0,1,188,46080.0,11408154.0,23486076.0,34894231.0,34,20
Office,tier3,premium,4627.0,3,18,13881.0,16310569.0,20785736.0,37096305.0,168,5
Road,tier2,standard,173635.0,1,300,173635.0,31234407.0,61046315.0,92280722.0,49,73
Hospital,tier1,premium,4095.0,1,11,4095.0,7630101.0,11066451.0,18696552.0,140,2
Office,tier1,standard,1027.0,1,6,1027.0,981179.0,1730550.0,2711729.0,55,1
Apartment,tier1,standard,554.0,1,3,554.0,503640.0,778049.0,1281689.0,61,1
Office,tier2,standard,1091.0,1,6,1091.0,1165614.0,1729941.0,2895555.0,54,1
Home,tier1,premium,3330.0,1,18,3330.0,4460772.0,5979886.0,10440658.0,52,1
Other,tier2,standard,1406.0,4,16,5624.0,3384379.0,7624255.0,11008634.0,62,2
Apartment,tier2,standard,2249.0,1,7,2249.0,1360051.0,2062104.0,3422155.0,75,1
Road,tier3,premium,36036.0,1,107,36036.0,5670624.0,13158597.0,18829221.0,45,17
Apartment,tier1,basic,3994.0,2,41,7988.0,5844960.0,9331946.0,15176906.0,49,2
Bridge,tier1,standard,10278.4,1,36,10278.4,45324163.0,67256408.0,112580571.0,198,9
Road,tier3,basic,96538.0,1,300,96538.0,7760589.0,21057333.0,28817922.0,32,43
Apartment,tier2,standard,993.0,4,13,3972.0,2605702.0,5462506.0,8068208.0,72,2
Apartment,tier2,basic,5890.0,4,92,23560.0,14090126.0,22321626.0,36411752.0,62,7
Office,tier2,basic,4755.0,3,56,14265.0,7331712.0,12593926.0,19925638.0,64,5
School,tier3,standard,5039.0,4,53,20156.0,18707788.0,18826715.0,37534503.0,64,5
Road,tier1,basic,128088.0,1,300,128088.0,17933579.0,38441949.0,56375528.0,34,47
Home,tier3,basic,4322.0,2,27,8644.0,4500413.0,6860605.0,11361018.0,60,2
Other,tier1,standard,5963.0,3,81,17889.0,20886711.0,23185374.0,44072084.0,50,4
Bridge,tier3,basic,3634.8,1,7,3634.8,5038055.0,9917382.0,14955437.0,227,4
School,tier1,basic,3537.0,1,15,3537.0,2656481.0,3488189.0,6144670.0,60,1
School,tier1,basic,3710.0,4,68,14840.0,14810712.0,21476765.0,36287477.0,62,4
School,tier1,basic,3246.0,1,12,3246.0,2849543.0,3788071.0,6637614.0,74,2
Office,tier3,basic,2875.0,1,13,2875.0,1641653.0,2396180.0,4037833.0,53,2
Other,tier3,premium,2251.0,1,6,2251.0,2258499.0,2220801.0,4479300.0,89,1
School,tier1,standard,4850.0,3,57,14550.0,19382476.0,22419332.0,41801808.0,71,2
Hospital,tier2,standard,2239.0,2,7,4478.0,4731336.0,6279461.0,11010797.0,171,2
Road,tier1,standard,23552.0,1,83,23552.0,4487964.0,8843505.0,13331469.0,32,8
Office,tier1,basic,4598.0,4,44,18392.0,18181162.0,23209799.0,41390961.0,87,5
Home,tier3,standard,5994.0,4,78,23976.0,17950658.0,25047321.0,42997978.0,67,4
Road,tier1,premium,152748.0,1,300,152748.0,39887132.0,95879322.0,135766454.0,57,78
Home,tier3,basic,3753.0,2,40,7506.0,3440775.0,5824675.0,9265450.0,44,2
Hospital,tier3,basic,2274.0,1,4,2274.0,1818701.0,2307033.0,4125734.0,162,2
Apartment,tier1,standard,4218.0,4,81,16872.0,17429635.0,25452921.0,42882556.0,59,5
Office,tier2,basic,3650.0,3,54,10950.0,9805975.0,11121565.0,20927540.0,54,4
Office,tier3,basic,2639.0,4,39,10556.0,5139623.0,13367077.0,18506700.0,52,3
Hospital,tier3,standard,778.0,1,4,778.0,826221.0,1016015.0,1842235.0,96,1
Home,tier2,standard,447.0,4,5,1788.0,1140647.0,1997723.0,3138370.0,61,1
Apartment,tier1,basic,1692.0,2,9,3384.0,2895895.0,3196264.0,6092159.0,83,2
Road,tier1,premium,76517.0,1,210,76517.0,19799379.0,47348540.0,67147919.0,46,33
Home,tier3,basic,5544.0,1,23,5544.0,2063504.0,2892302.0,4955806.0,45,2
Home,tier2,basic,5630.0,3,54,16890.0,11579195.0,16083967.0,27663163.0,59,3
Apartment,tier2,standard,3341.0,2,17,6682.0,4291598.0,8009834.0,12301432.0,73,3
Office,tier2,standard,5213.0,4,53,20852.0,18224894.0,26161627.0,44386521.0,75,5
Hospital,tier2,standard,423.0,1,3,423.0,534538.0,609645.0,1144183.0,99,1
Home,tier1,standard,5320.0,1,12,5320.0,4567761.0,6836359.0,11404120.0,80,1
Home,tier2,standard,5797.0,3,72,17391.0,13439885.0,20245031.0,33684917.0,42,3
Apartment,tier3,premium,2651.0,4,50,10604.0,12683996.0,16922031.0,29606027.0,69,4
Home,tier2,standard,654.0,4,12,2616.0,2114434.0,3752486.0,5866920.0,41,1
Home,tier1,standard,4395.0,1,30,4395.0,4515005.0,6155486.0,10670491.0,37,2
Bridge,tier3,standard,4224.0,1,16,4224.0,10364315.0,18902832.0,29267147.0,186,4
Apartment,tier2,basic,3975.0,2,42,7950.0,3712642.0,7884764.0,11597406.0,53,3
Office,tier2,standard,2199.0,1,8,2199.0,1324084.0,3342152.0,4666236.0,66,2
Home,tier3,basic,3429.0,2,21,6858.0,3200888.0,5194321.0,8395209.0,50,2
Other,tier2,standard,5551.0,2,39,11102.0,9623280.0,10866438.0,20489719.0,62,3
Hospital,tier3,standard,1249.0,4,18,4996.0,6110401.0,7130794.0,13241195.0,121,2
Apartment,tier3,standard,590.0,1,3,590.0,294131.0,650484.0,944615.0,53,1
Apartment,tier1,basic,3622.0,2,15,7244.0,5671429.0,8899851.0,14571280.0,90,2
Hospital,tier2,standard,4299.0,2,19,8598.0,10244618.0,14341511.0,24586129.0,146,3
Road,tier1,premium,75295.0,1,300,75295.0,17747089.0,54028155.0,71775244.0,34,33
Office,tier2,premium,1319.0,2,11,2638.0,3849165.0,5140978.0,8990143.0,71,2
Hospital,tier2,standard,4340.0,3,70,13020.0,16721376.0,27953377.0,44674753.0,113,4
Hospital,tier2,basic,4258.0,4,49,17032.0,17479569.0,22903798.0,40383367.0,109,4
Other,tier3,standard,5691.0,3,47,17073.0,12115418.0,18092971.0,30208389.0,69,3
School,tier2,standard,5240.0,3,31,15720.0,13913856.0,18705958.0,32619814.0,107,3
Office,tier3,basic,4474.0,1,20,4474.0,2769144.0,3427434.0,6196578.0,58,2
Road,tier2,premium,124982.0,1,287,124982.0,29176877.0,64465246.0,93642123.0,56,47
School,tier2,standard,1853.0,3,18,5559.0,4929025.0,5764916.0,10693941.0,73,2
Road,tier1,standard,78995.0,1,292,78995.0,8608038.0,36927340.0,45535378.0,35,27
Apartment,tier2,standard,3005.0,3,14,9015.0,5789855.0,11313601.0,17103456.0,123,2
School,tier2,basic,691.0,2,6,1382.0,982082.0,1151116.0,2133198.0,52,2
Home,tier1,standard,3563.0,4,64,14252.0,10945137.0,22601310.0,33546446.0,43,3
School,tier3,standard,4653.0,3,51,13959.0,9376896.0,16285059.0,25661954.0,77,4
School,tier2,basic,4466.0,4,58,17864.0,13094346.0,16284460.0,29378806.0,65,5
Apartment,tier2,standard,5568.0,4,73,22272.0,16306657.0,29146766.0,45453423.0,71,7
Road,tier3,standard,132090.0,1,300,132090.0,16809106.0,37896328.0,54705435.0,48,56
School,tier2,standard,5743.0,2,39,11486.0,8396105.0,13757476.0,22153580.0,71,3
Road,tier2,premium,72170.0,1,239,72170.0,11948181.0,33951332.0,45899514.0,43,29
Bridge,tier2,standard,9690.0,1,25,9690.0,28182424.0,48621264.0,76803688.0,217,7
Home,tier1,standard,5216.0,3,3,15648.0,13906239.0,17030593.0,30936832.0,603,2
Apartment,tier2,premium,978.0,4,18,3912.0,4246659.0,6853074.0,11099733.0,76,2
Apartment,tier1,standard,554.0,2,4,1108.0,1034303.0,1836052.0,2870355.0,64,1
Bridge,tier1,standard,35302.4,1,82,35302.4,116006016.0,273293971.0,389299987.0,263,26
School,tier2,premium,4474.0,3,78,13422.0,16464427.0,25234787.0,41699215.0,65,4
Home,tier1,standard,907.0,2,7,1814.0,1471160.0,2582234.0,4053394.0,50,1
School,tier3,premium,5330.0,4,66,21320.0,31186487.0,38106233.0,69292721.0,91,4
Road,tier2,standard,8385.0,1,38,8385.0,1469336.0,2622094.0,4091430.0,28,4
Hospital,tier1,standard,4856.0,1,18,4856.0,8298280.0,7731182.0,16029463.0,105,3
Home,tier3,basic,2593.0,3,29,7779.0,3516365.0,5025467.0,8541832.0,50,2
Hospital,tier2,basic,5618.0,4,59,22472.0,29374632.0,31705314.0,61079946.0,134,6
Office,tier2,standard,1133.0,1,5,1133.0,828371.0,1217375.0,2045745.0,62,1
School,tier2,basic,4783.0,2,42,9566.0,5340487.0,8330422.0,13670909.0,55,3
School,tier3,standard,5110.0,3,40,15330.0,10137294.0,15533416.0,25670710.0,72,4
Office,tier1,basic,3300.0,4,15,13200.0,14131168.0,14485368.0,28616536.0,127,3
Road,tier1,basic,19136.0,1,85,19136.0,1576567.0,7340375.0,8916942.0,25,7
Apartment,tier3,standard,3070.0,2,25,6140.0,3764941.0,6568464.0,10333406.0,64,2
School,tier1,standard,667.0,3,9,2001.0,2106436.0,3051055.0,5157491.0,63,1
Home,tier2,basic,578.0,4,8,2312.0,1204434.0,1762615.0,2967049.0,54,1
Road,tier2,standard,30460.0,1,136,30460.0,5047933.0,12287397.0,17335330.0,32,13
Office,tier2,basic,504.0,1,3,504.0,290070.0,524759.0,814829.0,54,1
School,tier3,basic,3958.0,4,49,15832.0,10817911.0,12753474.0,23571385.0,69,3
School,tier3,premium,3981.0,3,25,11943.0,11975401.0,17395396.0,29370797.0,105,4
Home,tier1,premium,5185.0,4,97,20740.0,24619732.0,47927841.0,72547573.0,56,4
School,tier2,standard,1942.0,1,6,1942.0,1789643.0,2549893.0,4339537.0,79,1
Hospital,tier2,standard,4963.0,1,18,4963.0,4652005.0,6179956.0,10831961.0,120,2
Apartment,tier2,premium,2119.0,3,24,6357.0,8797995.0,11372245.0,20170241.0,92,2
Home,tier3,standard,3438.0,2,21,6876.0,3896700.0,6722821.0,10619521.0,65,1
Office,tier2,basic,4919.0,4,84,19676.0,13740268.0,21927832.0,35668100.0,63,6
Road,tier1,basic,119578.0,1,300,119578.0,17827033.0,44941924.0,62768956.0,34,43
Home,tier3,basic,1023.0,4,18,4092.0,1833619.0,3107070.0,4940688.0,40,2
Road,tier3,standard,77550.0,1,103,77550.0,7521668.0,15569457.0,23091126.0,60,34
Home,tier1,standard,1989.0,3,21,5967.0,4197032.0,8600713.0,12797746.0,56,2
Home,tier3,basic,1614.0,3,17,4842.0,1692425.0,4260386.0,5952810.0,50,1
Hospital,tier1,basic,4236.0,1,20,4236.0,6140389.0,6812827.0,12953216.0,99,2
Office,tier1,basic,3391.0,4,37,13564.0,10011125.0,18351518.0,28362644.0,83,4
Hospital,tier1,standard,571.0,4,5,2284.0,4649048.0,5551765.0,10200813.0,150,2
Home,tier3,premium,5521.0,2,48,11042.0,8741936.0,10718301.0,19460237.0,59,1
School,tier1,standard,3310.0,2,22,6620.0,5987955.0,10278703.0,16266658.0,73,3
Road,tier1,standard,80760.0,1,210,80760.0,15583224.0,37901998.0,53485223.0,45,44
Apartment,tier2,basic,878.0,3,8,2634.0,1562638.0,2832629.0,4395267.0,74,1
Apartment,tier2,standard,4237.0,2,14,8474.0,4070314.0,9337267.0,13407581.0,116,3
Road,tier1,standard,18450.0,1,65,18450.0,2625147.0,7514927.0,10140074.0,37,8
School,tier1,basic,4592.0,4,55,18368.0,15448942.0,22080579.0,37529521.0,75,4
Office,tier3,standard,3953.0,4,63,15812.0,12764777.0,16352003.0,29116780.0,69,4
School,tier2,premium,5304.0,3,49,15912.0,25272601.0,29875690.0,55148291.0,86,5
Home,tier3,basic,3807.0,2,26,7614.0,3671152.0,5383354.0,9054506.0,55,2
Road,tier1,standard,62974.0,1,176,62974.0,9541645.0,22785317.0,32326962.0,38,26
Home,tier2,premium,1639.0,2,10,3278.0,3453178.0,5809790.0,9262967.0,64,1
Apartment,tier3,standard,2553.0,3,15,7659.0,5893796.0,8021199.0,13914995.0,98,3
Road,tier1,standard,11658.0,1,53,11658.0,1925441.0,4265484.0,6190925.0,31,7
School,tier1,basic,524.0,3,5,1572.0,1224009.0,1648812.0,2872821.0,72,1
Road,tier2,premium,101400.0,1,103,101400.0,18101907.0,47449851.0,65551758.0,90,34
Office,tier2,basic,2822.0,1,4,2822.0,2009021.0,3043029.0,5052050.0,125,2
Office,tier1,basic,3596.0,2,33,7192.0,5923730.0,8601722.0,14525451.0,49,3
Apartment,tier3,basic,1223.0,2,8,2446.0,982755.0,1406180.0,2388935.0,68,1
Apartment,tier2,standard,915.0,4,12,3660.0,2411919.0,4347527.0,6759446.0,71,2
Home,tier2,standard,5496.0,4,73,21984.0,16525994.0,30330404.0,46856398.0,59,3
Hospital,tier1,premium,938.0,4,15,3752.0,8831359.0,11350480.0,20181839.0,107,2
Road,tier2,standard,10200.0,1,52,10200.0,1302279.0,2992789.0,4295067.0,23,5
Home,tier2,premium,1486.0,4,23,5944.0,7861471.0,8632563.0,16494034.0,57,2
Bridge,tier3,standard,5508.0,1,20,5508.0,13122283.0,33148788.0,46271070.0,194,4
Home,tier2,standard,1609.0,2,9,3218.0,2970932.0,4328815.0,7299747.0,66,1
Office,tier3,basic,4961.0,2,15,9922.0,4744535.0,8923760.0,13668295.0,91,3
Hospital,tier2,basic,1108.0,3,13,3324.0,3011068.0,4823637.0,7834706.0,113,2
Office,tier2,standard,1179.0,2,9,2358.0,1866398.0,3207365.0,5073763.0,66,1
Apartment,tier3,standard,1062.0,2,10,2124.0,1240108.0,2387944.0,3628052.0,65,1
School,tier2,basic,4056.0,4,86,16224.0,9395310.0,15008515.0,24403825.0,53,5
Apartment,tier2,standard,5322.0,4,42,21288.0,19890448.0,31262093.0,51152540.0,84,4
School,tier3,standard,1312.0,3,10,3936.0,3182978.0,3648413.0,6831391.0,97,2
Apartment,tier3,standard,3505.0,2,29,7010.0,3630162.0,6798955.0,10429117.0,63,3
Road,tier1,basic,112143.0,1,300,112143.0,15893437.0,30689516.0,46582953.0,40,45
Bridge,tier1,basic,5431.6,1,27,5431.6,17874687.0,31001938.0,48876625.0,141,5
Bridge,tier2,basic,16520.0,1,51,16520.0,38954280.0,64762354.0,103716634.0,183,12
Apartment,tier3,premium,2011.0,2,23,4022.0,4008793.0,7217862.0,11226655.0,51,2
Home,tier2,premium,3785.0,2,26,7570.0,8500221.0,13256842.0,21757063.0,60,1
School,tier2,basic,710.0,2,7,1420.0,1067135.0,1327340.0,2394475.0,65,1
Apartment,tier2,basic,3122.0,3,5,9366.0,5430174.0,8252679.0,13682853.0,280,3
Road,tier1,standard,69571.0,1,271,69571.0,7895039.0,31253481.0,39148520.0,36,32
Apartment,tier1,basic,5434.0,3,55,16302.0,12824015.0,18348882.0,31172898.0,69,5
Road,tier1,premium,161806.0,1,144,161806.0,35646349.0,88413165.0,124059514.0,111,63
Home,tier1,standard,720.0,1,3,720.0,639320.0,1057210.0,1696531.0,55,1
School,tier2,premium,5006.0,3,28,15018.0,21224364.0,29651002.0,50875366.0,130,5
Road,tier2,basic,110101.0,1,300,110101.0,9431362.0,27462068.0,36893431.0,37,46
Home,tier1,premium,4124.0,2,30,8248.0,10600425.0,19171552.0,29771977.0,64,2
Home,tier2,standard,3441.0,1,11,3441.0,2174945.0,4176582.0,6351526.0,65,1
Home,tier2,standard,2682.0,1,10,2682.0,2136907.0,3229572.0,5366480.0,48,2
Apartment,tier2,premium,2126.0,2,15,4252.0,5135610.0,8981401.0,14117012.0,78,2
Apartment,tier2,standard,4580.0,4,111,18320.0,15409895.0,26059763.0,41469658.0,46,5
Bridge,tier1,basic,1116.0,1,4,1116.0,3612435.0,5750819.0,9363254.0,153,2
Home,tier2,standard,4682.0,4,65,18728.0,16370973.0,25370505.0,41741478.0,57,3
Bridge,tier1,premium,18730.8,1,72,18730.8,127676265.0,179315437.0,306991701.0,214,11
Apartment,tier1,premium,5318.0,4,70,21272.0,28761365.0,50036354.0,78797719.0,100,5
Hospital,tier1,standard,4325.0,2,13,8650.0,15750124.0,13673806.0,29423929.0,191,4
Office,tier2,standard,3451.0,2,29,6902.0,6658772.0,8489379.0,15148151.0,59,2
Home,tier1,basic,955.0,4,18,3820.0,2867419.0,4971669.0,7839088.0,42,2
Apartment,tier2,basic,1596.0,4,33,6384.0,3258143.0,5757373.0,9015517.0,55,2
Apartment,tier1,standard,3938.0,2,33,7876.0,6456158.0,10503072.0,16959230.0,76,2
Home,tier1,standard,3606.0,3,33,10818.0,9558507.0,13307656.0,22866163.0,61,2
Apartment,tier3,basic,975.0,2,7,1950.0,1117047.0,1577368.0,2694415.0,57,1
Home,tier2,standard,956.0,3,16,2868.0,2428735.0,3315008.0,5743743.0,44,1
Home,tier1,standard,3796.0,1,12,3796.0,3651530.0,6148818.0,9800348.0,60,1
Apartment,tier2,standard,2506.0,1,5,2506.0,1761293.0,2752993.0,4514285.0,101,2
Bridge,tier1,basic,13603.2,1,80,13603.2,43661258.0,57081875.0,100743133.0,134,8
Road,tier3,basic,10044.0,1,22,10044.0,1169530.0,2382468.0,3551998.0,49,5
Apartment,tier1,standard,5156.0,2,15,10312.0,9686608.0,13797347.0,23483955.0,122,3
Apartment,tier2,premium,1810.0,1,7,1810.0,2079242.0,3244331.0,5323573.0,64,1
Home,tier3,basic,4285.0,1,16,4285.0,1754425.0,2506572.0,4260997.0,46,1
School,tier1,premium,5244.0,3,61,15732.0,28715746.0,33407859.0,62123605.0,72,4
Apartment,tier1,standard,5517.0,2,48,11034.0,9482353.0,17198128.0,26680481.0,55,3
School,tier2,premium,5865.0,4,74,23460.0,32184351.0,32288309.0,64472660.0,83,5
Other,tier3,standard,425.0,3,4,1275.0,1007690.0,1336617.0,2344308.0,69,1
Hospital,tier2,standard,825.0,3,7,2475.0,2828322.0,3928067.0,6756389.0,114,2
Home,tier2,standard,5264.0,3,55,15792.0,10432891.0,17138056.0,27570947.0,48,3
Home,tier1,standard,1552.0,1,6,1552.0,1340645.0,1922854.0,3263499.0,56,1
Apartment,tier2,basic,2024.0,2,18,4048.0,1599003.0,3070298.0,4669301.0,56,2
Other,tier1,standard,3048.0,4,28,12192.0,10788151.0,16903597.0,27691749.0,72,3
Home,tier2,standard,4072.0,1,8,4072.0,2720737.0,4129443.0,6850180.0,93,1
Home,tier1,standard,612.0,1,3,612.0,569083.0,944559.0,1513642.0,43,1
Apartment,tier2,premium,4033.0,2,22,8066.0,8630387.0,15095849.0,23726235.0,81,3
Home,tier1,standard,920.0,4,8,3680.0,2770198.0,5219238.0,7989436.0,84,1
Home,tier2,basic,2472.0,2,6,4944.0,2653877.0,3802784.0,6456661.0,107,2
Apartment,tier2,premium,5443.0,2,54,10886.0,14704748.0,23027357.0,37732106.0,65,3
Apartment,tier3,basic,1103.0,1,4,1103.0,451829.0,762352.0,1214181.0,51,1
Apartment,tier3,basic,654.0,3,8,1962.0,1043502.0,1708735.0,2752237.0,54,1
School,tier2,premium,3062.0,2,24,6124.0,5922638.0,11208437.0,17131076.0,73,2
Office,tier2,premium,1785.0,1,6,1785.0,1853478.0,3036660.0,4890138.0,71,1
Apartment,tier1,standard,1776.0,1,6,1776.0,1631390.0,2358050.0,3989440.0,79,2
Office,tier3,standard,2772.0,2,18,5544.0,5400083.0,6348358.0,11748441.0,71,3
Office,tier2,standard,1354.0,1,3,1354.0,818004.0,1608169.0,2426173.0,88,1
Apartment,tier2,premium,514.0,2,3,1028.0,1233879.0,1889846.0,3123725.0,100,1
Hospital,tier2,premium,5582.0,2,66,11164.0,22988727.0,29644174.0,52632901.0,96,4
Apartment,tier3,basic,4939.0,2,33,9878.0,4454670.0,7245275.0,11699945.0,69,3
Home,tier3,premium,2705.0,2,15,5410.0,5023579.0,8637095.0,13660675.0,76,2
Other,tier3,standard,5048.0,1,12,5048.0,3338172.0,4569930.0,7908103.0,79,1
School,tier2,basic,5977.0,4,109,23908.0,15127915.0,21303340.0,36431255.0,61,7
Hospital,tier2,basic,2610.0,3,27,7830.0,7512798.0,8410123.0,15922920.0,116,3
Apartment,tier3,basic,1274.0,1,3,1274.0,408312.0,1111062.0,1519374.0,77,1
Road,tier2,premium,34040.0,1,101,34040.0,7426497.0,16521620.0,23948117.0,41,14
Hospital,tier2,standard,5781.0,4,85,23124.0,29461332.0,39438971.0,68900303.0,113,7
School,tier2,standard,5397.0,4,62,21588.0,15433291.0,34972000.0,50405290.0,83,6
Apartment,tier2,basic,4319.0,1,19,4319.0,1908239.0,3770106.0,5678345.0,60,2
Apartment,tier2,standard,4199.0,2,49,8398.0,5716245.0,9292907.0,15009152.0,59,2
Hospital,tier2,standard,2113.0,3,18,6339.0,8422733.0,10576411.0,18999143.0,119,3
Home,tier3,premium,3333.0,2,20,6666.0,6771302.0,8884540.0,15655842.0,62,2
Home,tier3,standard,2462.0,4,23,9848.0,6267984.0,12565832.0,18833816.0,70,2
Other,tier2,standard,2597.0,3,25,7791.0,6060094.0,8755600.0,14815694.0,55,2
Other,tier1,standard,4471.0,2,9,8942.0,8486723.0,12575284.0,21062007.0,131,3
Other,tier2,standard,3419.0,4,63,13676.0,10792962.0,14011044.0,24804006.0,46,3
Home,tier2,premium,2799.0,4,20,11196.0,12868822.0,18328813.0,31197635.0,94,2
Road,tier2,standard,177804.0,1,300,177804.0,22169220.0,57752540.0,79921760.0,51,81
Apartment,tier3,premium,4069.0,4,56,16276.0,14427818.0,28458413.0,42886231.0,74,4
Apartment,tier1,basic,2917.0,3,43,8751.0,6250016.0,10671665.0,16921681.0,48,2
Home,tier1,standard,680.0,4,6,2720.0,2432183.0,4395906.0,6828089.0,67,1
School,tier3,premium,4241.0,4,53,16964.0,23150973.0,22119819.0,45270792.0,77,4
Home,tier3,premium,2276.0,1,8,2276.0,1729417.0,3298359.0,5027777.0,68,1
Road,tier2,standard,37040.0,1,94,37040.0,6915022.0,13809938.0,20724960.0,40,18
Office,tier1,standard,5936.0,1,19,5936.0,5911218.0,10098240.0,16009459.0,72,2
Home,tier2,premium,4235.0,1,6,4235.0,6133735.0,5564482.0,11698218.0,128,1
Home,tier2,basic,776.0,4,8,3104.0,1926261.0,2921237.0,4847498.0,65,1
Apartment,tier2,premium,4536.0,1,22,4536.0,4200568.0,8078388.0,12278956.0,70,2
Hospital,tier1,basic,2034.0,1,9,2034.0,2720985.0,2904916.0,5625902.0,104,2
Apartment,tier2,basic,4620.0,4,52,18480.0,11038801.0,18120827.0,29159628.0,72,5
Road,tier2,standard,79398.0,1,171,79398.0,8101282.0,25244772.0,33346053.0,46,35
Road,tier2,standard,117142.0,1,300,117142.0,13274077.0,39689256.0,52963334.0,36,58
Road,tier2,standard,74048.0,1,120,74048.0,14595351.0,28033178.0,42628529.0,52,33
School,tier2,basic,1432.0,1,4,1432.0,911585.0,1487049.0,2398634.0,78,1
Road,tier2,premium,58482.0,1,167,58482.0,8357554.0,31129433.0,39486987.0,42,23
Hospital,tier2,standard,4323.0,4,49,17292.0,22924778.0,34187632.0,57112410.0,127,6
Apartment,tier3,premium,802.0,2,5,1604.0,1705124.0,2267528.0,3972652.0,92,1
Apartment,tier2,basic,4987.0,4,79,19948.0,15617801.0,21266984.0,36884785.0,62,4
Office,tier2,standard,2826.0,2,12,5652.0,4813261.0,7312166.0,12125427.0,93,3
Bridge,tier2,basic,33184.8,1,148,33184.8,74795140.0,154230424.0,229025564.0,150,28
Office,tier3,standard,4677.0,1,22,4677.0,2805556.0,4877462.0,7683018.0,63,2
Home,tier2,basic,5417.0,1,32,5417.0,3114395.0,4100270.0,7214666.0,35,1
Hospital,tier2,basic,776.0,1,3,776.0,535825.0,647075.0,1182900.0,107,1
Bridge,tier3,standard,27630.0,1,140,27630.0,82998135.0,133860793.0,216858928.0,151,18
Hospital,tier1,standard,2720.0,1,12,2720.0,5135746.0,5339611.0,10475357.0,111,2
Home,tier2,standard,4142.0,4,59,16568.0,14785816.0,23744479.0,38530295.0,59,3
Other,tier2,standard,1891.0,4,14,7564.0,6000692.0,8891694.0,14892386.0,88,2
Other,tier3,standard,1021.0,2,9,2042.0,1123347.0,1819028.0,2942375.0,53,1
Road,tier2,standard,7464.0,1,27,7464.0,995957.0,2292463.0,3288420.0,36,4
Apartment,tier1,standard,4060.0,1,22,4060.0,3243974.0,5940210.0,9184183.0,55,2
Office,tier3,premium,1828.0,2,15,3656.0,3662428.0,4565874.0,8228302.0,72,2
Hospital,tier2,premium,2393.0,4,44,9572.0,19600231.0,22261196.0,41861428.0,117,4
Apartment,tier2,basic,4643.0,2,25,9286.0,5098474.0,6918613.0,12017087.0,82,3
Apartment,tier1,standard,2100.0,4,30,8400.0,7640806.0,13087373.0,20728179.0,60,2
Apartment,tier1,premium,4252.0,2,9,8504.0,9130071.0,20561205.0,29691276.0,220,3
Road,tier2,premium,96178.0,1,300,96178.0,18340871.0,50803815.0,69144686.0,35,41
Apartment,tier2,standard,5927.0,2,56,11854.0,7474718.0,11987245.0,19461963.0,63,3
Hospital,tier3,standard,4459.0,4,88,17836.0,20741643.0,24555824.0,45297467.0,105,7
Home,tier1,standard,2284.0,2,13,4568.0,4810737.0,6556764.0,11367502.0,63,2
Home,tier2,premium,3573.0,3,13,10719.0,12141472.0,21983620.0,34125092.0,157,2
Apartment,tier1,standard,1373.0,4,15,5492.0,5200532.0,9105396.0,14305928.0,73,2
School,tier2,basic,2924.0,4,38,11696.0,11514027.0,12131600.0,23645628.0,62,3
Bridge,tier1,premium,20037.6,1,76,20037.6,107188252.0,242565048.0,349753300.0,179,13
Apartment,tier2,standard,2576.0,1,3,2576.0,2042828.0,2881757.0,4924585.0,143,2
School,tier1,basic,4954.0,1,16,4954.0,4660386.0,5783350.0,10443736.0,75,2
Road,tier2,basic,19404.0,1,41,19404.0,1750033.0,4881181.0,6631214.0,47,12
Road,tier2,standard,36870.0,1,185,36870.0,4815196.0,11027929.0,15843125.0,28,15
School,tier3,standard,2937.0,3,5,8811.0,5785284.0,11730648.0,17515932.0,260,2
Apartment,tier1,standard,691.0,2,6,1382.0,1393544.0,2183860.0,3577404.0,75,1
School,tier2,basic,3073.0,2,19,6146.0,4159087.0,6378952.0,10538039.0,66,2
Bridge,tier2,basic,16296.0,1,15,16296.0,49920190.0,71310154.0,121230344.0,371,11
Hospital,tier1,standard,947.0,2,10,1894.0,3911265.0,4329027.0,8240292.0,107,1
Hospital,tier1,basic,754.0,3,11,2262.0,2472498.0,2958741.0,5431238.0,90,2
Apartment,tier2,standard,2529.0,3,36,7587.0,5060271.0,9817312.0,14877583.0,54,3
Home,tier2,standard,3101.0,1,11,3101.0,2401816.0,3019296.0,5421112.0,60,1
Apartment,tier3,basic,758.0,3,6,2274.0,1092701.0,2198340.0,3291041.0,86,2
Bridge,tier1,standard,4261.6,1,15,4261.6,17152244.0,32577811.0,49730055.0,176,4
Home,tier2,basic,4745.0,2,38,9490.0,5730831.0,9081263.0,14812094.0,46,2
Hospital,tier2,standard,3597.0,4,39,14388.0,21964381.0,23812525.0,45776905.0,146,5
Hospital,tier2,standard,3324.0,2,16,6648.0,9396062.0,9834244.0,19230306.0,132,2
Bridge,tier2,standard,46650.0,1,182,46650.0,196006491.0,252423419.0,448429910.0,192,26
Apartment,tier3,premium,4877.0,3,52,14631.0,13844037.0,23774341.0,37618378.0,92,2
Office,tier2,basic,3715.0,1,16,3715.0,2279143.0,3800034.0,6079177.0,49,2
Office,tier3,premium,2804.0,3,43,8412.0,10285251.0,14529847.0,24815098.0,54,2
Road,tier1,basic,16722.0,1,72,16722.0,2695663.0,5155627.0,7851290.0,24,9
Road,tier3,premium,69455.0,1,138,69455.0,13639588.0,31488041.0,45127629.0,54,26
Hospital,tier3,basic,4193.0,1,14,4193.0,3273197.0,4250081.0,7523278.0,97,2
Apartment,tier3,standard,2077.0,2,16,4154.0,2631307.0,4429974.0,7061282.0,74,2
Hospital,tier2,basic,630.0,1,3,630.0,503760.0,686820.0,1190580.0,86,1
Home,tier3,standard,1709.0,1,7,1709.0,1334525.0,1537297.0,2871821.0,48,1
Road,tier1,basic,1988.0,1,6,1988.0,310327.0,737367.0,1047693.0,35,2
Home,tier2,basic,2863.0,4,32,11452.0,5658062.0,8346813.0,14004875.0,53,2
Hospital,tier2,basic,1681.0,3,23,5043.0,5120694.0,6937246.0,12057940.0,97,3
Office,tier2,basic,4817.0,4,73,19268.0,14015142.0,19028909.0,33044051.0,64,5
Bridge,tier2,standard,19992.0,1,73,19992.0,58035080.0,118575918.0,176610998.0,237,12
Apartment,tier1,standard,1053.0,3,8,3159.0,3566032.0,4965650.0,8531682.0,90,2
Hospital,tier1,basic,1645.0,3,29,4935.0,6099042.0,7720952.0,13819994.0,75,3
Office,tier1,premium,2640.0,3,29,7920.0,13801911.0,19719935.0,33521846.0,81,2
Office,tier2,standard,650.0,3,6,1950.0,1749010.0,2475040.0,4224050.0,76,1
School,tier3,basic,914.0,1,3,914.0,433685.0,907024.0,1340709.0,71,1
Bridge,tier2,standard,1870.4,1,6,1870.4,5973412.0,10467978.0,16441390.0,192,2
Home,tier3,standard,2592.0,2,9,5184.0,3161955.0,4422266.0,7584221.0,100,1
Apartment,tier3,standard,5730.0,1,21,5730.0,4184151.0,5390882.0,9575033.0,67,2
Bridge,tier2,premium,36176.0,1,59,36176.0,134302070.0,298377560.0,432679631.0,356,23
Road,tier2,standard,64284.0,1,222,64284.0,9529352.0,22051560.0,31580911.0,35,21
Home,tier2,premium,786.0,2,3,1572.0,1984723.0,2961239.0,4945962.0,103,1
Road,tier1,standard,118464.0,1,97,118464.0,22202423.0,48557425.0,70759848.0,93,47
Office,tier2,premium,773.0,1,3,773.0,780160.0,1254843.0,2035003.0,81,1
Office,tier2,standard,3229.0,4,26,12916.0,10419636.0,18307785.0,28727421.0,109,4
School,tier2,standard,4490.0,1,17,4490.0,3569770.0,6139812.0,9709582.0,81,2
Road,tier2,standard,33624.0,1,119,33624.0,4643452.0,11668580.0,16312031.0,34,13
Apartment,tier1,standard,2681.0,4,38,10724.0,12159566.0,17957919.0,30117485.0,72,3
Apartment,tier3,basic,3730.0,1,10,3730.0,1719692.0,2512431.0,4232123.0,77,1
Office,tier1,basic,2367.0,3,23,7101.0,5726858.0,8615603.0,14342461.0,60,3
Home,tier3,basic,4929.0,3,38,14787.0,7526641.0,11779644.0,19306285.0,67,3
Apartment,tier1,basic,4243.0,4,75,16972.0,13894604.0,24892377.0,38786981.0,56,4
Other,tier2,premium,5906.0,2,33,11812.0,12568700.0,16399883.0,28968583.0,80,3
Apartment,tier2,standard,874.0,3,8,2622.0,2004410.0,3346051.0,5350461.0,68,1
Home,tier1,basic,2826.0,1,12,2826.0,2333177.0,2960229.0,5293406.0,48,1
Office,tier2,standard,5214.0,4,54,20856.0,19866203.0,29164377.0,49030580.0,92,5
Home,tier1,basic,4166.0,4,21,16664.0,11376684.0,21678232.0,33054916.0,98,2
Apartment,tier2,premium,4742.0,1,10,4742.0,4707298.0,7389967.0,12097265.0,110,1
School,tier3,premium,3022.0,1,14,3022.0,3393439.0,4058437.0,7451876.0,66,1
Bridge,tier2,basic,3038.4,1,10,3038.4,6462500.0,12772295.0,19234795.0,168,3
School,tier2,standard,4616.0,4,68,18464.0,13035636.0,20891762.0,33927398.0,78,4
Office,tier3,premium,3024.0,3,33,9072.0,9865118.0,13036969.0,22902087.0,77,3
School,tier2,standard,2680.0,2,29,5360.0,5497167.0,6095331.0,11592498.0,53,2
Home,tier3,premium,2627.0,3,7,7881.0,8537238.0,11202986.0,19740224.0,181,2
School,tier2,standard,1091.0,3,10,3273.0,3300530.0,4242029.0,7542559.0,61,2
Hospital,tier2,basic,4797.0,1,16,4797.0,4121021.0,6465395.0,10586416.0,103,3
Hospital,tier1,standard,5167.0,2,34,10334.0,18527462.0,18076391.0,36603853.0,106,4
Office,tier1,basic,562.0,3,7,1686.0,1356809.0,1543799.0,2900608.0,51,1
Apartment,tier2,premium,2653.0,3,34,7959.0,7669513.0,13108122.0,20777635.0,69,2
Hospital,tier3,standard,4159.0,1,13,4159.0,5259333.0,5732610.0,10991944.0,111,2
Home,tier1,basic,1240.0,4,7,4960.0,3723880.0,4746087.0,8469966.0,94,1
Home,tier3,standard,2094.0,1,13,2094.0,1189338.0,1990614.0,3179952.0,42,1
School,tier2,standard,5785.0,4,77,23140.0,21425626.0,30034675.0,51460301.0,75,6
Office,tier2,premium,4765.0,4,65,19060.0,19877541.0,35370597.0,55248137.0,81,4
Home,tier3,standard,5311.0,4,102,21244.0,13753422.0,23355918.0,37109340.0,35,4
Home,tier3,standard,5909.0,3,51,17727.0,14998646.0,18455979.0,33454625.0,60,3
Home,tier2,basic,4215.0,1,20,4215.0,2653330.0,3026249.0,5679579.0,48,1
Road,tier1,premium,6016.0,1,18,6016.0,1198049.0,3894928.0,5092976.0,52,4
School,tier1,standard,5737.0,3,94,17211.0,17299011.0,23407248.0,40706260.0,63,3
Home,tier1,basic,2896.0,1,11,2896.0,1328076.0,3425077.0,4753153.0,48,1
Hospital,tier3,standard,3418.0,3,26,10254.0,11322086.0,16204146.0,27526232.0,127,4
Office,tier2,standard,3466.0,4,81,13864.0,11096907.0,21054008.0,32150915.0,59,3
Office,tier2,standard,3471.0,3,42,10413.0,9792609.0,12576567.0,22369176.0,62,2
Office,tier1,basic,3485.0,4,37,13940.0,13462479.0,19914047.0,33376526.0,71,4
Apartment,tier2,standard,4751.0,2,16,9502.0,6326206.0,11870708.0,18196914.0,128,3
Other,tier2,premium,1276.0,2,11,2552.0,2513901.0,3718391.0,6232291.0,39,1
Road,tier2,basic,98838.0,1,300,98838.0,10022709.0,26061417.0,36084126.0,33,41
Home,tier2,basic,3666.0,2,28,7332.0,4520642.0,7062963.0,11583605.0,41,2
Office,tier3,premium,3520.0,1,13,3520.0,3847686.0,5122159.0,8969844.0,79,2
Home,tier3,standard,4453.0,3,69,13359.0,8677759.0,11255585.0,19933345.0,51,3
Apartment,tier2,standard,2272.0,4,37,9088.0,7793754.0,12327934.0,20121689.0,68,3
Home,tier1,premium,5686.0,1,15,5686.0,7471451.0,10463697.0,17935147.0,95,2
Other,tier3,basic,482.0,3,4,1446.0,770057.0,999778.0,1769835.0,60,1
School,tier3,premium,4462.0,3,53,13386.0,11933018.0,16140007.0,28073024.0,85,3
Bridge,tier3,standard,41398.0,1,162,41398.0,127855311.0,190005470.0,317860781.0,147,23
Apartment,tier2,basic,3778.0,1,17,3778.0,1834825.0,3414977.0,5249802.0,58,2
Home,tier1,premium,531.0,3,6,1593.0,1892365.0,3134975.0,5027340.0,53,1
Apartment,tier3,standard,1706.0,1,7,1706.0,853771.0,1567227.0,2420999.0,67,1
Home,tier2,basic,2592.0,1,10,2592.0,1474577.0,1926626.0,3401203.0,46,1
Apartment,tier2,premium,948.0,3,13,2844.0,3134206.0,4352902.0,7487108.0,68,2
Bridge,tier2,premium,7283.2,1,31,7283.2,19866412.0,46990342.0,66856754.0,184,6
Home,tier2,premium,3952.0,2,24,7904.0,7684305.0,11157747.0,18842052.0,79,2
Apartment,tier2,basic,1306.0,1,4,1306.0,583751.0,1050512.0,1634263.0,71,1
Home,tier2,basic,3901.0,3,43,11703.0,7563378.0,9391071.0,16954449.0,50,2
Home,tier2,standard,3019.0,1,10,3019.0,1970016.0,2818157.0,4788173.0,58,1
Apartment,tier2,premium,5100.0,2,50,10200.0,9664956.0,19417641.0,29082597.0,71,3
Road,tier1,basic,4869.0,1,17,4869.0,544422.0,1437789.0,1982211.0,31,3
Apartment,tier3,standard,2898.0,2,10,5796.0,4073954.0,6372304.0,10446259.0,100,3
School,tier2,basic,5020.0,3,29,15060.0,9964176.0,15112702.0,25076878.0,99,5
School,tier2,standard,1363.0,4,17,5452.0,4760926.0,6926384.0,11687311.0,72,2
Office,tier2,standard,3576.0,3,45,10728.0,7742229.0,16710545.0,24452774.0,64,3
Home,tier2,basic,1658.0,2,8,3316.0,1951821.0,2947759.0,4899580.0,69,1
Other,tier2,standard,2923.0,3,36,8769.0,6003661.0,10044684.0,16048345.0,45,2
Home,tier1,standard,3067.0,3,22,9201.0,9106807.0,13357324.0,22464131.0,66,2
Bridge,tier3,standard,1771.2,1,6,1771.2,4165958.0,6528366.0,10694325.0,161,2
Office,tier1,premium,2147.0,2,16,4294.0,6145074.0,9894148.0,16039223.0,72,2
Office,tier3,basic,4107.0,3,25,12321.0,7464680.0,8810553.0,16275232.0,95,5
School,tier2,basic,1409.0,4,21,5636.0,3928407.0,6394920.0,10323327.0,63,2
Apartment,tier1,standard,1335.0,1,7,1335.0,1318269.0,1728570.0,3046839.0,65,1
Apartment,tier2,standard,1003.0,3,9,3009.0,2369769.0,3334773.0,5704541.0,80,2
Apartment,tier2,basic,3093.0,1,11,3093.0,1952896.0,2710667.0,4663563.0,60,1
Office,tier3,premium,2709.0,1,10,2709.0,2230920.0,3715599.0,5946518.0,70,1
Road,tier3,basic,58645.0,1,202,58645.0,5778154.0,12012563.0,17790717.0,36,24
Home,tier2,basic,2290.0,1,8,2290.0,941657.0,1538844.0,2480501.0,54,1
Hospital,tier2,premium,3653.0,1,12,3653.0,6564202.0,7198729.0,13762931.0,134,2
Office,tier3,premium,5805.0,3,26,17415.0,18614095.0,27382791.0,45996885.0,144,4
School,tier2,standard,3848.0,4,59,15392.0,17205221.0,21767505.0,38972726.0,65,5
Home,tier2,basic,5195.0,4,43,20780.0,9372357.0,21164607.0,30536964.0,53,3
Apartment,tier2,standard,3253.0,3,37,9759.0,8070745.0,10002568.0,18073313.0,68,3
Apartment,tier2,basic,1427.0,1,6,1427.0,723115.0,1283217.0,2006332.0,52,2
Apartment,tier2,standard,2916.0,4,44,11664.0,10657002.0,17359470.0,28016472.0,65,4
Home,tier2,standard,4618.0,3,32,13854.0,9141501.0,12059184.0,21200685.0,65,3
Other,tier3,standard,1046.0,1,4,1046.0,625584.0,1002659.0,1628243.0,52,1
Office,tier2,standard,3089.0,3,29,9267.0,9475428.0,12137371.0,21612798.0,65,3
Office,tier2,standard,3299.0,3,26,9897.0,9735608.0,12243509.0,21979117.0,81,2
Office,tier2,basic,5586.0,2,64,11172.0,7867739.0,9778368.0,17646107.0,53,4
Office,tier3,basic,5872.0,3,40,17616.0,11449167.0,17411533.0,28860700.0,82,5
School,tier2,premium,3805.0,3,45,11415.0,16855943.0,21109414.0,37965357.0,64,4
Office,tier3,basic,1585.0,3,24,4755.0,2653503.0,3451083.0,6104586.0,44,2
Road,tier2,basic,141018.0,1,300,141018.0,13548303.0,37331592.0,50879895.0,36,43
School,tier2,basic,3753.0,4,39,15012.0,10545080.0,17435736.0,27980816.0,84,3
Apartment,tier3,standard,1497.0,3,12,4491.0,3571811.0,4606296.0,8178107.0,102,2
Hospital,tier3,standard,4171.0,2,14,8342.0,9210449.0,11877516.0,21087965.0,167,2
School,tier2,standard,5816.0,4,80,23264.0,17842997.0,26870756.0,44713753.0,64,6
Home,tier2,standard,1448.0,1,5,1448.0,1120229.0,2089124.0,3209353.0,64,1
Apartment,tier1,standard,5542.0,4,67,22168.0,24424372.0,37949876.0,62374247.0,74,5
Home,tier1,basic,617.0,3,9,1851.0,1331964.0,2606319.0,3938283.0,42,2
Office,tier3,premium,3104.0,3,31,9312.0,10006044.0,16559837.0,26565881.0,81,2
Home,tier3,premium,2560.0,2,8,5120.0,5575960.0,6158877.0,11734837.0,112,1
Hospital,tier1,standard,3558.0,2,36,7116.0,10562807.0,13553850.0,24116657.0,92,3
Road,tier3,standard,129472.0,1,258,129472.0,16273881.0,41702280.0,57976161.0,48,56
School,tier2,standard,3463.0,3,41,10389.0,9729851.0,15832119.0,25561970.0,64,3
Road,tier3,basic,102030.0,1,300,102030.0,8025437.0,26446886.0,34472323.0,28,43
Road,tier3,basic,36243.0,1,119,36243.0,4333998.0,9257976.0,13591975.0,29,14
Road,tier3,premium,54366.0,1,243,54366.0,7942434.0,24642009.0,32584443.0,33,22
Home,tier3,basic,3057.0,2,21,6114.0,2759401.0,4051121.0,6810522.0,48,1
Road,tier3,basic,46690.0,1,138,46690.0,4519025.0,10135707.0,14654732.0,36,21
School,tier2,standard,1086.0,2,3,2172.0,1758648.0,3098909.0,4857557.0,116,1
Bridge,tier1,standard,31059.2,1,42,31059.2,125560502.0,214673990.0,340234492.0,397,16
Home,tier2,standard,2215.0,1,15,2215.0,1582765.0,2386919.0,3969684.0,39,1
Hospital,tier3,basic,4149.0,3,53,12447.0,10999220.0,13282272.0,24281492.0,101,4
Office,tier1,standard,3582.0,3,52,10746.0,12016917.0,19655657.0,31672574.0,55,4
Home,tier3,basic,646.0,4,16,2584.0,1152979.0,2167667.0,3320646.0,36,1
Home,tier1,premium,2366.0,2,14,4732.0,5475838.0,10839662.0,16315499.0,59,1
Road,tier3,basic,11760.0,1,38,11760.0,933145.0,2894250.0,3827395.0,33,7
Office,tier2,basic,4955.0,1,7,4955.0,3929601.0,4474388.0,8403989.0,132,2
Hospital,tier3,standard,1015.0,2,6,2030.0,1861763.0,2891209.0,4752972.0,139,2
Office,tier3,basic,5708.0,3,52,17124.0,7528854.0,12496297.0,20025151.0,56,4
Apartment,tier2,standard,668.0,2,4,1336.0,791355.0,1563122.0,2354477.0,80,1
Office,tier2,basic,1755.0,4,32,7020.0,5266325.0,7514382.0,12780707.0,57,2
School,tier1,standard,1197.0,2,10,2394.0,2414399.0,3327371.0,5741770.0,75,1
Apartment,tier3,basic,5379.0,1,24,5379.0,2287450.0,4400878.0,6688328.0,53,2
Road,tier3,standard,131863.0,1,259,131863.0,10673710.0,42818416.0,53492126.0,60,70
Home,tier1,basic,4407.0,3,45,13221.0,9426680.0,14605302.0,24031982.0,52,2
Bridge,tier1,basic,73897.2,1,280,73897.2,261606448.0,392537479.0,654143927.0,151,43
Other,tier2,basic,3686.0,4,82,14744.0,8742901.0,14501463.0,23244364.0,33,3
Other,tier1,premium,2077.0,1,7,2077.0,2603296.0,3785807.0,6389103.0,66,1
Office,tier3,standard,1130.0,4,14,4520.0,3531782.0,4454498.0,7986280.0,75,2
Apartment,tier1,basic,2841.0,2,26,5682.0,4161404.0,6639654.0,10801058.0,50,3
Road,tier3,basic,37040.0,1,114,37040.0,3168128.0,8974191.0,12142318.0,35,15
Home,tier3,basic,2846.0,1,11,2846.0,905384.0,1624404.0,2529788.0,50,1
Hospital,tier3,basic,5973.0,1,23,5973.0,4642358.0,5249315.0,9891673.0,104,3
Bridge,tier2,standard,12296.0,1,34,12296.0,40799583.0,70187978.0,110987560.0,192,8
Bridge,tier1,standard,4830.8,1,12,4830.8,18318053.0,33418184.0,51736238.0,225,4
Apartment,tier3,premium,1274.0,3,13,3822.0,3006349.0,6699099.0,9705448.0,98,1
Office,tier2,standard,3713.0,2,21,7426.0,5240790.0,9892332.0,15133122.0,70,2
Hospital,tier3,basic,4186.0,2,13,8372.0,7230391.0,9686053.0,16916444.0,140,4
Road,tier2,basic,73100.0,1,300,73100.0,6848878.0,19602357.0,26451235.0,28,28
Home,tier1,basic,2979.0,2,24,5958.0,3520758.0,5012415.0,8533173.0,43,2
Road,tier3,basic,34470.0,1,85,34470.0,2819765.0,8499510.0,11319275.0,31,14
Other,tier3,standard,3130.0,2,15,6260.0,4444330.0,5662181.0,10106511.0,75,2
Road,tier1,basic,53559.0,1,209,53559.0,6263017.0,17748549.0,24011566.0,26,20
Home,tier2,basic,3044.0,4,65,12176.0,7133777.0,7688818.0,14822594.0,34,3
Hospital,tier1,basic,3993.0,3,54,11979.0,18913250.0,17767493.0,36680743.0,106,4
Other,tier2,standard,1525.0,1,7,1525.0,1111095.0,1216447.0,2327542.0,54,1
Apartment,tier2,basic,5199.0,4,62,20796.0,9617984.0,21944813.0,31562797.0,89,5
School,tier2,premium,5111.0,3,59,15333.0,19119430.0,25727117.0,44846547.0,64,3
Road,tier1,standard,103416.0,1,300,103416.0,17746658.0,35370748.0,53117406.0,39,47
School,tier1,basic,5485.0,3,41,16455.0,10653330.0,22379756.0,33033086.0,67,4
Apartment,tier2,standard,1936.0,3,21,5808.0,4951403.0,7095658.0,12047061.0,70,3
Apartment,tier1,standard,1550.0,3,11,4650.0,4289884.0,7660927.0,11950810.0,89,2
Apartment,tier2,standard,1975.0,1,5,1975.0,1511215.0,2162734.0,3673949.0,68,1
Road,tier2,standard,50468.0,1,142,50468.0,5565703.0,16854261.0,22419965.0,41,21
Home,tier2,basic,1171.0,4,14,4684.0,3210332.0,4803536.0,8013869.0,56,2
School,tier2,basic,2105.0,4,28,8420.0,6394857.0,7819955.0,14214812.0,71,3
Home,tier1,basic,1215.0,3,3,3645.0,2705065.0,3260746.0,5965811.0,130,1
Home,tier1,standard,2888.0,2,13,5776.0,6015779.0,8027530.0,14043308.0,92,1
Road,tier3,standard,67578.0,1,300,67578.0,9150271.0,19426342.0,28576613.0,31,27
School,tier3,standard,4975.0,4,66,19900.0,19462641.0,20219767.0,39682407.0,75,6
Apartment,tier3,premium,4692.0,1,19,4692.0,3840080.0,7112012.0,10952092.0,84,2
Apartment,tier3,standard,5355.0,3,61,16065.0,8730074.0,17302566.0,26032640.0,68,4
Apartment,tier2,premium,2714.0,3,26,8142.0,8435585.0,12278968.0,20714553.0,78,3
Apartment,tier3,standard,3374.0,1,8,3374.0,2390673.0,2769378.0,5160051.0,100,2
Hospital,tier2,standard,5213.0,1,14,5213.0,5303579.0,6875171.0,12178750.0,132,2
Home,tier3,standard,4392.0,1,25,4392.0,2725773.0,4196117.0,6921891.0,46,1
School,tier3,basic,5715.0,4,62,22860.0,12436065.0,14597886.0,27033951.0,73,6
Home,tier3,basic,5892.0,2,63,11784.0,5431155.0,8066785.0,13497940.0,49,2
Home,tier2,standard,822.0,1,3,822.0,810086.0,777371.0,1587457.0,54,1
Home,tier2,basic,1716.0,4,20,6864.0,3993294.0,5998201.0,9991494.0,53,2
Apartment,tier1,basic,4380.0,3,45,13140.0,9612865.0,15283158.0,24896023.0,68,4
Hospital,tier2,standard,950.0,1,3,950.0,1102362.0,1675603.0,2777965.0,117,1
Apartment,tier3,standard,877.0,2,4,1754.0,1139990.0,1942359.0,3082349.0,84,1
Other,tier2,basic,1170.0,2,8,2340.0,1350980.0,2057440.0,3408420.0,58,1
Apartment,tier1,basic,801.0,2,3,1602.0,940420.0,2179395.0,3119815.0,83,1
Home,tier2,premium,4127.0,4,62,16508.0,21290848.0,28022617.0,49313465.0,68,2
Apartment,tier2,premium,1944.0,4,28,7776.0,8369704.0,10659378.0,19029082.0,92,2
Apartment,tier2,standard,5678.0,1,24,5678.0,3795100.0,7253807.0,11048907.0,62,2
Apartment,tier2,basic,968.0,2,5,1936.0,1125803.0,2203136.0,3328939.0,79,2
Home,tier2,standard,2955.0,3,37,8865.0,6494263.0,11685107.0,18179370.0,46,2
Home,tier2,basic,4112.0,1,16,4112.0,2492521.0,3596948.0,6089469.0,53,1
Apartment,tier2,standard,2417.0,3,25,7251.0,5615017.0,8132292.0,13747309.0,62,2
Home,tier3,standard,4410.0,1,25,4410.0,3013530.0,3687308.0,6700838.0,46,1
Road,tier2,standard,32085.0,1,125,32085.0,5133199.0,11137085.0,16270285.0,32,19
Road,tier2,standard,29165.0,1,81,29165.0,4973516.0,9645885.0,14619401.0,36,10
Home,tier1,premium,3797.0,3,58,11391.0,17917383.0,24988990.0,42906372.0,47,1
Home,tier2,standard,3621.0,2,28,7242.0,3990704.0,7970731.0,11961435.0,55,2
Other,tier2,standard,5963.0,4,129,23852.0,17399866.0,23852551.0,41252417.0,38,5
Apartment,tier2,standard,4774.0,1,6,4774.0,2960316.0,4936734.0,7897051.0,151,2
Apartment,tier3,standard,736.0,4,9,2944.0,1930118.0,3459561.0,5389679.0,78,2
Office,tier2,premium,4726.0,2,28,9452.0,12114380.0,17116400.0,29230781.0,83,3
Office,tier3,standard,1323.0,2,3,2646.0,1988019.0,2805284.0,4793303.0,154,2
Road,tier2,premium,41377.0,1,146,41377.0,6134250.0,20703960.0,26838210.0,35,15
Road,tier2,standard,74784.0,1,217,74784.0,8958120.0,23910517.0,32868636.0,37,25
Home,tier3,basic,4281.0,4,17,17124.0,7705865.0,14011167.0,21717032.0,122,2
Apartment,tier2,basic,4537.0,4,44,18148.0,9029841.0,22710876.0,31740718.0,70,4
Other,tier3,basic,2392.0,1,12,2392.0,1303802.0,1694850.0,2998652.0,40,2
Bridge,tier3,premium,2620.8,1,12,2620.8,11982687.0,21655394.0,33638081.0,152,3
Road,tier1,basic,125235.0,1,300,125235.0,15399326.0,38316585.0,53715911.0,36,48
Road,tier3,basic,17028.0,1,42,17028.0,1377430.0,3216717.0,4594146.0,31,8
Home,tier3,basic,3147.0,4,55,12588.0,7248628.0,10123311.0,17371939.0,40,2
Office,tier2,standard,2123.0,4,9,8492.0,7640210.0,14577196.0,22217406.0,141,2
Bridge,tier1,premium,4824.0,1,19,4824.0,28366761.0,53610962.0,81977723.0,203,3
Road,tier2,premium,15075.0,1,18,15075.0,1888672.0,8579436.0,10468109.0,76,7
Bridge,tier3,basic,23620.8,1,124,23620.8,46524643.0,80504070.0,127028713.0,126,17
Apartment,tier3,standard,4960.0,4,81,19840.0,12006861.0,25543117.0,37549978.0,62,5
Office,tier3,basic,5511.0,2,13,11022.0,5324176.0,10827213.0,16151389.0,150,3
Home,tier2,premium,3827.0,4,44,15308.0,18310010.0,27088380.0,45398390.0,62,3
Home,tier1,basic,5912.0,1,22,5912.0,3390338.0,5482309.0,8872647.0,52,2
Home,tier2,premium,5917.0,4,24,23668.0,22420033.0,39057520.0,61477554.0,180,3
School,tier2,premium,1788.0,4,23,7152.0,10041153.0,12662199.0,22703351.0,101,2
Apartment,tier1,standard,2866.0,4,45,11464.0,10412988.0,22807428.0,33220416.0,68,3
Apartment,tier1,standard,935.0,4,3,3740.0,4416568.0,6291458.0,10708026.0,209,2
School,tier1,basic,4332.0,2,36,8664.0,7116062.0,9026489.0,16142551.0,61,3
Road,tier1,basic,9450.0,1,30,9450.0,1044029.0,2431592.0,3475621.0,33,5
Home,tier3,standard,4673.0,1,21,4673.0,3168721.0,4935635.0,8104355.0,51,2
Road,tier2,basic,17865.0,1,55,17865.0,1929451.0,5300026.0,7229476.0,32,8
Office,tier2,standard,2703.0,4,23,10812.0,10806660.0,14593503.0,25400163.0,121,3
Apartment,tier2,standard,3937.0,1,8,3937.0,2752691.0,4405967.0,7158658.0,109,1
Road,tier3,premium,16764.0,1,50,16764.0,3120158.0,6492761.0,9612919.0,42,7
Office,tier3,premium,4634.0,2,29,9268.0,9591511.0,17547736.0,27139247.0,81,3
Office,tier2,basic,2867.0,2,26,5734.0,3665791.0,6183189.0,9848979.0,55,2
Home,tier2,basic,5469.0,4,66,21876.0,12928619.0,18308160.0,31236779.0,55,3
Apartment,tier2,standard,624.0,1,3,624.0,560839.0,885784.0,1446624.0,63,1
Home,tier2,basic,1667.0,1,5,1667.0,813015.0,1093120.0,1906135.0,57,1
Home,tier2,standard,2234.0,2,7,4468.0,3420046.0,4403085.0,7823131.0,114,1
Home,tier2,standard,2438.0,3,27,7314.0,5882060.0,7388749.0,13270810.0,49,1
Apartment,tier2,standard,4164.0,2,33,8328.0,6902221.0,9648485.0,16550706.0,66,3
Bridge,tier2,standard,37659.6,1,158,37659.6,117594438.0,259722250.0,377316688.0,153,21
School,tier1,premium,698.0,1,3,698.0,1037252.0,1702672.0,2739924.0,68,1
Road,tier2,standard,119288.0,1,300,119288.0,19411664.0,38572014.0,57983678.0,39,53
Home,tier2,premium,4980.0,3,41,14940.0,13463049.0,22722764.0,36185813.0,83,3
Apartment,tier2,premium,3233.0,3,31,9699.0,13432142.0,17889960.0,31322103.0,80,4
Home,tier2,standard,2136.0,3,18,6408.0,4041711.0,6899015.0,10940727.0,73,1
Home,tier1,basic,2883.0,2,30,5766.0,3833904.0,5832116.0,9666020.0,46,1
School,tier2,premium,3793.0,1,11,3793.0,4812387.0,6104214.0,10916601.0,95,2
Home,tier2,basic,3733.0,1,12,3733.0,1770429.0,2862192.0,4632621.0,47,2
Home,tier2,standard,5043.0,1,12,5043.0,2881512.0,5445227.0,8326739.0,83,1
Apartment,tier2,standard,5933.0,3,44,17799.0,17923929.0,21470343.0,39394271.0,84,4
Road,tier1,basic,95004.0,1,176,95004.0,11482290.0,37486499.0,48968789.0,44,40
Office,tier1,basic,980.0,1,3,980.0,826967.0,1088135.0,1915102.0,70,1
Road,tier2,basic,16562.0,1,91,16562.0,1093324.0,3808285.0,4901609.0,23,7
Hospital,tier1,premium,3113.0,3,37,9339.0,21653941.0,30481855.0,52135796.0,138,4
Home,tier2,standard,3924.0,3,35,11772.0,9383968.0,11710566.0,21094535.0,67,2
Home,tier2,premium,5770.0,2,30,11540.0,13671018.0,18626629.0,32297647.0,104,2
School,tier3,premium,2902.0,1,14,2902.0,2951701.0,4413104.0,7364805.0,69,2
School,tier2,standard,2348.0,4,22,9392.0,6439106.0,10411704.0,16850810.0,87,3
Other,tier1,standard,5439.0,3,22,16317.0,13582009.0,22070433.0,35652442.0,135,4
Road,tier2,standard,134624.0,1,300,134624.0,18138292.0,50464101.0,68602393.0,37,71
Home,tier3,basic,2968.0,1,7,2968.0,1435831.0,1938211.0,3374043.0,67,1
Bridge,tier1,premium,15520.0,1,28,15520.0,78589866.0,146823396.0,225413262.0,317,10
School,tier3,premium,2094.0,1,4,2094.0,2326340.0,3174132.0,5500472.0,131,2
Home,tier2,basic,1747.0,3,20,5241.0,2902784.0,3406975.0,6309759.0,63,1
School,tier1,premium,519.0,3,5,1557.0,2512886.0,3667667.0,6180553.0,78,1
Home,tier1,basic,855.0,3,6,2565.0,1817034.0,2564737.0,4381770.0,73,1
Apartment,tier3,premium,5241.0,3,61,15723.0,13358176.0,27748545.0,41106721.0,87,4
Apartment,tier3,standard,823.0,2,4,1646.0,895857.0,1792708.0,2688564.0,100,1
Road,tier3,basic,30912.0,1,44,30912.0,2704198.0,7214751.0,9918949.0,56,13
Other,tier2,premium,808.0,2,3,1616.0,1666726.0,3017304.0,4684030.0,112,2
Other,tier3,standard,1689.0,4,23,6756.0,4330634.0,7205724.0,11536358.0,51,2
Home,tier1,basic,2362.0,3,17,7086.0,5476100.0,8183587.0,13659687.0,76,2
Road,tier2,standard,28520.0,1,99,28520.0,4876956.0,9610635.0,14487591.0,31,12
School,tier2,standard,1106.0,3,15,3318.0,2507779.0,3373750.0,5881530.0,57,2
Home,tier3,standard,5936.0,4,62,23744.0,16726689.0,23739360.0,40466049.0,66,3
Road,tier2,standard,119823.0,1,300,119823.0,16799895.0,42266428.0,59066323.0,39,46
Office,tier2,basic,2769.0,2,20,5538.0,3897901.0,5628845.0,9526746.0,64,2
Other,tier1,basic,4623.0,1,14,4623.0,2599812.0,4705818.0,7305630.0,53,2
Road,tier2,standard,54808.0,1,97,54808.0,6524416.0,21665915.0,28190331.0,48,27
Apartment,tier1,basic,2070.0,1,6,2070.0,1331883.0,2001780.0,3333664.0,64,1
Road,tier3,standard,11520.0,1,35,11520.0,1876950.0,3759861.0,5636810.0,41,5
Home,tier1,premium,3084.0,1,13,3084.0,4661770.0,5961451.0,10623221.0,60,1
Apartment,tier2,premium,1859.0,4,20,7436.0,6789610.0,13764245.0,20553856.0,84,3
Home,tier1,standard,1113.0,1,4,1113.0,1028623.0,1815071.0,2843693.0,58,1
Home,tier2,standard,5557.0,3,56,16671.0,12710329.0,15814794.0,28525124.0,55,2
Road,tier1,premium,81659.0,1,300,81659.0,24083195.0,47027260.0,71110455.0,32,39
Hospital,tier2,premium,4203.0,3,58,12609.0,26243922.0,29163904.0,55407826.0,100,5
Road,tier2,basic,155610.0,1,300,155610.0,11183446.0,42539851.0,53723297.0,49,55
Home,tier2,standard,4098.0,3,52,12294.0,8963458.0,14425700.0,23389158.0,56,2
Office,tier3,basic,1157.0,3,16,3471.0,2048719.0,2954809.0,5003527.0,58,2
Office,tier2,basic,1061.0,4,17,4244.0,2670498.0,3922887.0,6593385.0,54,2
Home,tier2,basic,5746.0,1,21,5746.0,3787364.0,4181789.0,7969153.0,52,1
Bridge,tier3,standard,35916.8,1,137,35916.8,99405158.0,175440643.0,274845802.0,186,24
Home,tier1,standard,4709.0,4,98,18836.0,19599101.0,36335515.0,55934617.0,33,2
Office,tier3,premium,1957.0,4,27,7828.0,10689729.0,15020667.0,25710396.0,83,3
School,tier3,standard,4053.0,1,17,4053.0,2744022.0,3640913.0,6384935.0,66,2
Hospital,tier3,standard,3827.0,1,10,3827.0,3922700.0,5057109.0,8979809.0,169,2
Office,tier2,basic,4448.0,1,23,4448.0,2901008.0,3618654.0,6519661.0,62,2
Office,tier2,basic,5740.0,2,44,11480.0,7051770.0,11184834.0,18236604.0,59,4
Office,tier2,basic,2782.0,4,33,11128.0,9108962.0,11922499.0,21031461.0,71,4
Other,tier2,premium,5249.0,4,68,20996.0,23771519.0,32831147.0,56602666.0,69,4
Home,tier3,basic,2070.0,3,19,6210.0,3007332.0,4236989.0,7244322.0,52,2
Home,tier1,standard,5796.0,2,39,11592.0,11884033.0,16745144.0,28629177.0,49,2
Road,tier3,basic,91390.0,1,300,91390.0,6221703.0,16327690.0,22549393.0,30,36
Home,tier2,standard,5127.0,3,48,15381.0,11475548.0,17003665.0,28479213.0,57,2
Home,tier1,premium,5021.0,1,7,5021.0,7585627.0,11039559.0,18625186.0,148,1
Home,tier2,premium,3953.0,1,21,3953.0,4654525.0,7125375.0,11779900.0,50,1
School,tier3,basic,5797.0,2,42,11594.0,7892727.0,9404143.0,17296870.0,61,4
School,tier2,premium,4181.0,4,61,16724.0,23793218.0,23200225.0,46993443.0,72,4
School,tier3,basic,3789.0,3,37,11367.0,5710988.0,7875444.0,13586432.0,71,3
Apartment,tier2,premium,1817.0,1,8,1817.0,1939175.0,2819514.0,4758689.0,68,1
Office,tier3,basic,2507.0,1,8,2507.0,1283071.0,2077383.0,3360454.0,59,2
Apartment,tier2,standard,434.0,4,5,1736.0,1358041.0,2019515.0,3377556.0,72,1
Hospital,tier3,standard,4421.0,3,40,13263.0,14777787.0,13321420.0,28099207.0,149,4
Apartment,tier1,premium,3798.0,3,55,11394.0,17654460.0,28225788.0,45880248.0,66,3
Hospital,tier2,premium,4303.0,2,31,8606.0,15875288.0,23040631.0,38915919.0,144,4
Road,tier3,basic,3612.0,1,12,3612.0,278180.0,761799.0,1039980.0,26,3
Office,tier1,premium,1785.0,3,15,5355.0,10672309.0,12689705.0,23362013.0,100,2
Road,tier2,basic,33232.0,1,98,33232.0,3993349.0,9098895.0,13092244.0,37,15
Home,tier3,basic,2838.0,3,39,8514.0,3344596.0,4621240.0,7965837.0,47,2
Road,tier2,basic,174090.0,1,300,174090.0,19168108.0,47536993.0,66705101.0,40,98
Home,tier3,basic,1150.0,4,19,4600.0,2455012.0,3342224.0,5797236.0,46,2
Home,tier2,basic,3742.0,3,47,11226.0,5709059.0,6431482.0,12140541.0,42,2
Apartment,tier3,standard,2652.0,1,10,2652.0,1819199.0,2899863.0,4719062.0,60,2
Hospital,tier2,basic,5595.0,1,17,5595.0,4650760.0,7192071.0,11842830.0,94,3
School,tier2,standard,4671.0,1,7,4671.0,3502567.0,4348277.0,7850844.0,106,2
Road,tier3,basic,127800.0,1,300,127800.0,13407804.0,27253489.0,40661294.0,35,50
School,tier2,standard,2157.0,1,3,2157.0,1594397.0,2797688.0,4392086.0,135,1
Apartment,tier1,basic,4096.0,3,43,12288.0,7484120.0,17202699.0,24686820.0,61,3
School,tier2,basic,3944.0,1,13,3944.0,2081967.0,2689796.0,4771762.0,66,2
School,tier2,standard,1805.0,2,15,3610.0,2975318.0,4272840.0,7248158.0,73,2
Road,tier3,premium,45560.0,1,104,45560.0,6592104.0,17717712.0,24309815.0,52,20
Road,tier2,premium,40512.0,1,90,40512.0,6780229.0,20956630.0,27736859.0,49,17
Hospital,tier3,standard,1223.0,1,5,1223.0,1195362.0,1221072.0,2416435.0,111,1
Other,tier3,premium,2640.0,2,17,5280.0,4080542.0,6090435.0,10170977.0,63,2
Road,tier1,standard,3519.0,1,3,3519.0,788434.0,1648017.0,2436451.0,77,2
Road,tier2,premium,118510.0,1,300,118510.0,24506145.0,67557360.0,92063505.0,50,58
Road,tier2,basic,116901.0,1,300,116901.0,10134074.0,36039296.0,46173370.0,39,41
Road,tier1,basic,112980.0,1,300,112980.0,15551553.0,42766738.0,58318291.0,36,54
Other,tier2,basic,5022.0,3,29,15066.0,7252593.0,9458534.0,16711127.0,74,3
Hospital,tier2,premium,1694.0,2,13,3388.0,5806439.0,8349661.0,14156101.0,120,2
Road,tier3,basic,48972.0,1,219,48972.0,4673491.0,10677490.0,15350980.0,32,19
Road,tier2,basic,92452.0,1,122,92452.0,8352232.0,23641075.0,31993307.0,60,31
Road,tier1,standard,151776.0,1,300,151776.0,23055506.0,51064230.0,74119736.0,48,55
Home,tier2,premium,3805.0,3,55,11415.0,15721993.0,18973583.0,34695576.0,58,2
Bridge,tier3,standard,8409.6,1,13,8409.6,25983748.0,42324394.0,68308143.0,338,5
Apartment,tier2,standard,682.0,2,4,1364.0,1227983.0,1287842.0,2515825.0,82,1
Hospital,tier2,basic,3841.0,3,36,11523.0,13854118.0,14227480.0,28081598.0,125,5
Home,tier3,premium,1950.0,1,6,1950.0,1376797.0,3003065.0,4379862.0,75,1
Hospital,tier1,basic,2457.0,1,12,2457.0,3859676.0,2998739.0,6858415.0,95,1
Hospital,tier2,basic,2986.0,1,14,2986.0,2921693.0,2775521.0,5697214.0,106,2
Office,tier2,standard,4580.0,4,55,18320.0,14378187.0,29147966.0,43526154.0,67,6
School,tier2,basic,2384.0,3,15,7152.0,5392855.0,6372206.0,11765062.0,77,2
School,tier3,standard,3648.0,2,35,7296.0,5469136.0,7070969.0,12540105.0,64,2
Apartment,tier1,standard,3188.0,3,41,9564.0,6777076.0,11028614.0,17805689.0,59,2
Home,tier3,basic,703.0,2,5,1406.0,791395.0,907140.0,1698535.0,54,1
Home,tier2,basic,4271.0,3,52,12813.0,6789643.0,12162619.0,18952262.0,47,3
Road,tier3,basic,17725.0,1,72,17725.0,1398748.0,3512208.0,4910955.0,35,8
Home,tier3,basic,1636.0,3,11,4908.0,2710217.0,3660804.0,6371021.0,61,1
Road,tier3,premium,59976.0,1,158,59976.0,8805386.0,27544526.0,36349912.0,51,30
Apartment,tier1,standard,958.0,1,3,958.0,1026074.0,1342348.0,2368423.0,72,1
Home,tier2,basic,1871.0,4,8,7484.0,4280641.0,6462209.0,10742850.0,123,2
Road,tier3,basic,127545.0,1,300,127545.0,10374395.0,21985330.0,32359726.0,42,49
Other,tier2,premium,4065.0,3,29,12195.0,12039000.0,14700986.0,26739986.0,89,2
Bridge,tier2,premium,38361.6,1,136,38361.6,144405924.0,390630303.0,535036227.0,218,18
Road,tier3,premium,38416.0,1,78,38416.0,5565408.0,14675447.0,20240855.0,58,14
School,tier3,basic,1174.0,1,5,1174.0,526299.0,851101.0,1377399.0,59,1
Home,tier2,standard,764.0,4,11,3056.0,2772507.0,3816234.0,6588740.0,59,1
Home,tier3,basic,4818.0,2,31,9636.0,3970154.0,5029170.0,8999324.0,58,3
Hospital,tier1,standard,3636.0,3,42,10908.0,19703987.0,14583703.0,34287690.0,108,4
Road,tier3,standard,13919.0,1,56,13919.0,1793276.0,4333816.0,6127092.0,29,6
Office,tier3,standard,5370.0,4,66,21480.0,19923994.0,22800821.0,42724815.0,75,5
Home,tier1,basic,1398.0,2,9,2796.0,1549180.0,2360707.0,3909887.0,54,1
Apartment,tier1,standard,1107.0,4,11,4428.0,4796215.0,6313671.0,11109886.0,73,2
Home,tier3,basic,3198.0,1,8,3198.0,1423828.0,2310460.0,3734288.0,64,1
Hospital,tier2,premium,1907.0,1,10,1907.0,2532898.0,4356364.0,6889262.0,99,2
Road,tier1,basic,76960.0,1,238,76960.0,4946060.0,24678235.0,29624295.0,27,33
School,tier1,standard,3905.0,2,26,7810.0,6838931.0,9957026.0,16795957.0,75,2
Office,tier2,basic,2106.0,3,20,6318.0,4624669.0,6923897.0,11548566.0,58,2
Home,tier2,standard,3677.0,2,28,7354.0,6476197.0,8653673.0,15129871.0,60,2
Bridge,tier3,standard,12571.2,1,34,12571.2,39432973.0,63994594.0,103427567.0,230,9
Hospital,tier2,standard,4843.0,3,41,14529.0,23798392.0,25094574.0,48892967.0,134,5
Home,tier2,basic,5865.0,3,78,17595.0,9767916.0,18902381.0,28670297.0,50,3
Road,tier1,basic,94356.0,1,151,94356.0,10651247.0,25371845.0,36023092.0,55,51
Road,tier2,basic,136097.0,1,300,136097.0,10434519.0,43466239.0,53900758.0,37,65
Office,tier2,standard,3624.0,2,17,7248.0,6963937.0,8966357.0,15930294.0,96,3
School,tier3,basic,3101.0,1,3,3101.0,2002531.0,2702284.0,4704815.0,135,1
Home,tier3,basic,2930.0,4,38,11720.0,8966207.0,10926358.0,19892565.0,58,2
Bridge,tier2,basic,14680.0,1,29,14680.0,31934578.0,65216972.0,97151550.0,224,7
Home,tier3,basic,838.0,3,4,2514.0,1221325.0,1771286.0,2992611.0,76,1
Road,tier1,basic,92637.0,1,300,92637.0,11278043.0,28809065.0,40087108.0,34,35
Office,tier2,standard,3710.0,2,29,7420.0,6698681.0,9544676.0,16243357.0,61,3
Road,tier3,basic,39732.0,1,159,39732.0,3206218.0,9233799.0,12440017.0,32,11
Road,tier2,premium,90068.0,1,295,90068.0,20058208.0,59166533.0,79224740.0,46,51
Apartment,tier3,standard,3594.0,2,14,7188.0,4225915.0,7961022.0,12186937.0,85,2
Road,tier1,standard,85250.0,1,268,85250.0,15548653.0,33403788.0,48952441.0,36,44
Apartment,tier3,premium,1334.0,2,8,2668.0,2377343.0,4097586.0,6474929.0,95,2
Office,tier1,standard,839.0,2,3,1678.0,1756352.0,2426474.0,4182826.0,106,1
Road,tier1,standard,67505.0,1,300,67505.0,7646451.0,26059741.0,33706192.0,30,29
Home,tier2,basic,824.0,2,5,1648.0,884988.0,1383601.0,2268589.0,57,1
Road,tier3,standard,66234.0,1,156,66234.0,8931907.0,24397258.0,33329165.0,36,25
Hospital,tier2,basic,4809.0,3,50,14427.0,16274630.0,19022710.0,35297340.0,126,6
Apartment,tier2,standard,1053.0,4,7,4212.0,3473127.0,4945773.0,8418901.0,124,2
School,tier1,basic,966.0,2,4,1932.0,1618557.0,2262297.0,3880853.0,81,1
School,tier1,standard,3429.0,1,18,3429.0,3980048.0,6747723.0,10727771.0,54,2
Home,tier1,standard,2668.0,1,7,2668.0,2637401.0,3485008.0,6122408.0,74,1
Home,tier3,basic,4283.0,1,14,4283.0,1554543.0,2922717.0,4477260.0,54,1
Apartment,tier1,basic,5593.0,4,77,22372.0,15837968.0,28498106.0,44336074.0,68,6
Home,tier2,premium,2271.0,1,7,2271.0,3035369.0,3272411.0,6307780.0,75,1
Home,tier2,basic,4812.0,1,13,4812.0,2954578.0,3812282.0,6766860.0,61,1
Apartment,tier2,basic,2264.0,3,41,6792.0,3421359.0,8439229.0,11860588.0,41,2
Other,tier2,basic,1703.0,1,4,1703.0,887845.0,1305151.0,2192996.0,63,1
School,tier1,premium,5835.0,4,53,23340.0,32654772.0,38931370.0,71586142.0,110,6
Road,tier2,standard,39353.0,1,154,39353.0,6228597.0,13552002.0,19780599.0,34,17
Apartment,tier2,standard,1202.0,2,4,2404.0,1895743.0,3022621.0,4918365.0,110,1
Office,tier1,premium,3716.0,3,50,11148.0,17052176.0,29887968.0,46940143.0,67,4
Road,tier2,standard,29886.0,1,93,29886.0,3853165.0,9274832.0,13127996.0,41,11
Road,tier1,premium,37824.0,1,132,37824.0,12274820.0,27191404.0,39466224.0,44,14
Apartment,tier3,standard,888.0,2,7,1776.0,1245166.0,1400631.0,2645797.0,68,1
Apartment,tier3,premium,1053.0,2,6,2106.0,1916866.0,2686617.0,4603483.0,101,1
School,tier1,standard,4643.0,2,41,9286.0,10516372.0,12961303.0,23477676.0,66,3
Home,tier2,basic,1288.0,1,5,1288.0,762452.0,1206980.0,1969432.0,51,1
Road,tier2,basic,141156.0,1,300,141156.0,15240298.0,42536321.0,57776619.0,42,65
Office,tier3,basic,4896.0,1,8,4896.0,2388272.0,4585868.0,6974139.0,93,2
Apartment,tier2,standard,2294.0,4,27,9176.0,8973955.0,12012102.0,20986057.0,93,3
Home,tier2,premium,2330.0,4,30,9320.0,9226496.0,14151813.0,23378310.0,81,2
Home,tier1,standard,5531.0,1,30,5531.0,4065426.0,6263969.0,10329395.0,43,1
Hospital,tier1,standard,4874.0,1,8,4874.0,8047932.0,8376490.0,16424422.0,189,3
Road,tier2,standard,31752.0,1,82,31752.0,4039607.0,12551149.0,16590756.0,42,13
Apartment,tier2,premium,1463.0,1,7,1463.0,1371436.0,3026580.0,4398016.0,68,1
Home,tier3,standard,1993.0,2,9,3986.0,2299882.0,3463568.0,5763449.0,76,2
Apartment,tier3,basic,3756.0,4,39,15024.0,7241056.0,10902552.0,18143608.0,86,4
Home,tier2,standard,5097.0,2,54,10194.0,7216876.0,13993951.0,21210827.0,39,2
Home,tier2,standard,3228.0,4,49,12912.0,10011027.0,16159453.0,26170480.0,50,2
Road,tier3,basic,32656.0,1,142,32656.0,2603375.0,5319172.0,7922547.0,31,14
Office,tier3,basic,2227.0,3,28,6681.0,3463650.0,5030782.0,8494432.0,58,2
School,tier3,basic,2446.0,3,25,7338.0,4560532.0,5936001.0,10496533.0,75,2
Home,tier3,basic,3808.0,1,13,3808.0,1670821.0,2180475.0,3851296.0,52,1
Home,tier2,basic,3574.0,2,31,7148.0,3889633.0,5114805.0,9004437.0,46,2
Hospital,tier2,premium,1097.0,2,5,2194.0,3978918.0,4366529.0,8345446.0,167,2
Office,tier2,basic,2576.0,3,41,7728.0,5205948.0,8957133.0,14163080.0,59,3
School,tier1,premium,5196.0,4,56,20784.0,35912234.0,47261357.0,83173591.0,101,6
Hospital,tier2,basic,3387.0,3,46,10161.0,11904896.0,14754302.0,26659198.0,87,3
Home,tier2,premium,4562.0,3,54,13686.0,13216749.0,23364638.0,36581386.0,64,2
Apartment,tier2,standard,5028.0,3,41,15084.0,11766033.0,18252951.0,30018984.0,91,5
Office,tier1,premium,2007.0,4,31,8028.0,15636555.0,19258148.0,34894703.0,73,3
Road,tier2,standard,17052.0,1,59,17052.0,1858812.0,5814859.0,7673672.0,37,7
Home,tier2,standard,3648.0,2,9,7296.0,4741665.0,6678050.0,11419715.0,138,2
Apartment,tier2,standard,3086.0,1,10,3086.0,1746408.0,3910273.0,5656681.0,74,2
School,tier1,standard,5452.0,4,41,21808.0,21159613.0,34574786.0,55734399.0,105,6
Bridge,tier2,standard,7096.0,1,28,7096.0,20734100.0,42320261.0,63054361.0,167,5
Other,tier1,basic,2764.0,4,35,11056.0,7156653.0,11149326.0,18305979.0,57,3
Office,tier2,basic,672.0,3,9,2016.0,1260794.0,2289799.0,3550593.0,50,1
Apartment,tier2,premium,2434.0,2,12,4868.0,4955510.0,8436717.0,13392227.0,110,2
Hospital,tier3,basic,3689.0,3,20,11067.0,9514103.0,8207569.0,17721672.0,179,4
Apartment,tier2,standard,4874.0,2,20,9748.0,6903985.0,11071915.0,17975901.0,91,3
Apartment,tier2,basic,5127.0,4,117,20508.0,10146223.0,18263805.0,28410028.0,58,6
Other,tier3,standard,406.0,1,3,406.0,307854.0,391552.0,699406.0,37,1
Home,tier2,basic,5283.0,4,120,21132.0,9383758.0,22285077.0,31668835.0,37,3
Apartment,tier3,standard,4243.0,3,20,12729.0,9053735.0,14410139.0,23463873.0,119,3
Apartment,tier1,premium,1528.0,4,11,6112.0,8235837.0,14799440.0,23035277.0,131,2
School,tier2,premium,1608.0,1,3,1608.0,2058960.0,3459415.0,5518375.0,115,1
Office,tier1,basic,4751.0,3,60,14253.0,9861427.0,16377484.0,26238911.0,64,4
Other,tier2,basic,4287.0,2,50,8574.0,4211971.0,6206849.0,10418820.0,37,2
Office,tier3,premium,1553.0,3,20,4659.0,5505623.0,8833058.0,14338681.0,72,2
Road,tier2,basic,40420.0,1,144,40420.0,3970055.0,9827879.0,13797934.0,38,19
Bridge,tier2,basic,25194.0,1,57,25194.0,55660829.0,101674182.0,157335011.0,213,15
Home,tier1,standard,513.0,3,5,1539.0,1559338.0,1937779.0,3497117.0,56,1
Hospital,tier3,standard,3263.0,1,11,3263.0,4266215.0,4999968.0,9266183.0,116,2
Home,tier2,basic,5295.0,2,46,10590.0,7986396.0,9835791.0,17822187.0,50,2
Hospital,tier1,basic,422.0,2,3,844.0,1074607.0,1312388.0,2386995.0,108,1
Apartment,tier3,premium,3460.0,4,53,13840.0,14471126.0,22046162.0,36517289.0,79,3
Road,tier2,premium,177878.0,1,300,177878.0,34701674.0,98800745.0,133502419.0,60,76
Hospital,tier2,standard,2156.0,1,7,2156.0,3198501.0,3075239.0,6273740.0,119,2
Home,tier1,standard,3420.0,2,20,6840.0,7085275.0,9123275.0,16208549.0,69,2
Apartment,tier1,premium,4338.0,3,45,13014.0,19087088.0,26706223.0,45793311.0,70,3
Other,tier3,standard,1988.0,2,13,3976.0,2235404.0,3344900.0,5580304.0,48,2
Home,tier2,standard,3177.0,3,23,9531.0,7895832.0,11371638.0,19267471.0,69,2
Hospital,tier3,standard,3404.0,4,59,13616.0,14745593.0,21561312.0,36306905.0,103,4
Bridge,tier1,basic,26508.8,1,137,26508.8,89350664.0,167163019.0,256513683.0,142,14
Bridge,tier2,premium,10327.2,1,36,10327.2,45947229.0,85332132.0,131279362.0,206,8
Hospital,tier2,standard,4041.0,3,40,12123.0,16223222.0,16736992.0,32960214.0,121,4
Road,tier2,basic,21708.0,1,92,21708.0,1945545.0,4727500.0,6673046.0,27,10
School,tier2,standard,5829.0,3,62,17487.0,16354056.0,18193505.0,34547562.0,80,5
Office,tier2,premium,5161.0,1,24,5161.0,5116426.0,8338928.0,13455354.0,72,2
Road,tier2,basic,46596.0,1,161,46596.0,4614465.0,14085124.0,18699590.0,31,19
Apartment,tier3,standard,5984.0,2,48,11968.0,8433770.0,10720589.0,19154359.0,72,4
Home,tier2,basic,5232.0,4,112,20928.0,11477639.0,17344624.0,28822263.0,30,3
School,tier2,standard,2755.0,2,27,5510.0,5070181.0,6882725.0,11952906.0,63,3
Home,tier2,premium,3877.0,4,49,15508.0,18802906.0,34640302.0,53443208.0,76,2
Apartment,tier2,premium,1966.0,3,27,5898.0,6990379.0,9653981.0,16644360.0,65,2
School,tier1,premium,836.0,4,7,3344.0,5348760.0,6527014.0,11875775.0,116,2
Road,tier3,standard,3264.0,1,10,3264.0,344621.0,934407.0,1279028.0,35,3
Office,tier1,standard,4487.0,3,58,13461.0,12913018.0,17867866.0,30780884.0,63,4
Road,tier1,standard,121975.0,1,300,121975.0,22886476.0,54065169.0,76951645.0,37,47
Other,tier2,basic,2872.0,3,21,8616.0,5198681.0,7233837.0,12432518.0,70,2
Bridge,tier1,standard,5992.0,1,20,5992.0,21209593.0,43238299.0,64447891.0,191,4
Road,tier1,standard,14472.0,1,48,14472.0,1808494.0,5901817.0,7710311.0,36,9
Hospital,tier1,standard,4297.0,1,14,4297.0,8453760.0,10195677.0,18649437.0,121,2
Road,tier1,standard,31200.0,1,60,31200.0,4774965.0,11643630.0,16418595.0,55,14
Road,tier2,standard,28900.0,1,113,28900.0,3251763.0,9579573.0,12831336.0,33,11
Office,tier3,basic,415.0,1,3,415.0,218382.0,339095.0,557477.0,50,1
Home,tier2,basic,2268.0,2,21,4536.0,2709672.0,4173830.0,6883502.0,41,1
Hospital,tier2,standard,1107.0,2,11,2214.0,2557207.0,3762286.0,6319493.0,106,2
Apartment,tier2,basic,4735.0,3,37,14205.0,9186973.0,12548705.0,21735678.0,89,4
Apartment,tier2,premium,2373.0,4,18,9492.0,11975500.0,18689182.0,30664682.0,145,3
Apartment,tier2,basic,1771.0,4,23,7084.0,6175531.0,8554950.0,14730482.0,51,3
Road,tier2,premium,6868.0,1,19,6868.0,1357530.0,3145742.0,4503272.0,46,4
Office,tier2,basic,3087.0,4,38,12348.0,9197762.0,11196575.0,20394337.0,57,4
School,tier2,premium,5619.0,1,19,5619.0,7014115.0,9105599.0,16119714.0,78,2
Other,tier1,standard,1401.0,4,13,5604.0,5412906.0,8639479.0,14052384.0,70,2
Hospital,tier3,premium,5003.0,3,79,15009.0,38543336.0,30873489.0,69416825.0,115,5
Road,tier3,premium,35262.0,1,91,35262.0,6045789.0,14584262.0,20630051.0,47,19
Hospital,tier3,standard,4889.0,2,43,9778.0,11531299.0,13890851.0,25422150.0,98,5
Apartment,tier1,basic,3414.0,2,16,6828.0,3859469.0,6010686.0,9870155.0,87,3
Apartment,tier3,standard,3421.0,4,47,13684.0,10986983.0,13590935.0,24577918.0,65,3
Apartment,tier2,basic,4347.0,2,34,8694.0,4376277.0,8428203.0,12804480.0,57,2
Road,tier1,premium,28096.0,1,98,28096.0,6526284.0,20408321.0,26934606.0,38,14
Office,tier3,premium,4864.0,4,59,19456.0,18692812.0,34073058.0,52765870.0,84,3
Road,tier3,basic,45666.0,1,126,45666.0,3708367.0,8557277.0,12265643.0,36,20
Office,tier1,standard,1511.0,2,9,3022.0,3301653.0,5097325.0,8398978.0,77,2
Apartment,tier3,basic,884.0,3,7,2652.0,1187135.0,1714088.0,2901223.0,72,1
Bridge,tier1,standard,11667.6,1,43,11667.6,47426807.0,73284110.0,120710917.0,186,10
Road,tier2,standard,37518.0,1,205,37518.0,5884884.0,12222803.0,18107686.0,28,15
Road,tier1,standard,35750.0,1,134,35750.0,4435636.0,11873392.0,16309028.0,33,16
School,tier1,premium,1828.0,2,15,3656.0,5166828.0,8199283.0,13366111.0,62,2
Bridge,tier3,basic,9234.0,1,42,9234.0,18316834.0,43036686.0,61353521.0,160,7
Home,tier2,standard,5566.0,4,62,22264.0,14933323.0,22215928.0,37149252.0,69,3
Apartment,tier1,standard,5113.0,4,25,20452.0,20366653.0,29638957.0,50005610.0,158,4
Road,tier3,basic,49648.0,1,166,49648.0,4566365.0,11519929.0,16086294.0,32,22
Road,tier3,standard,15988.0,1,69,15988.0,1701313.0,5353704.0,7055017.0,34,8
Office,tier3,basic,829.0,2,9,1658.0,774305.0,1536343.0,2310647.0,53,2
School,tier3,standard,5719.0,3,38,17157.0,11421287.0,19205900.0,30627187.0,88,4
Hospital,tier3,premium,5545.0,2,51,11090.0,18780309.0,27380285.0,46160594.0,114,4
Apartment,tier2,basic,749.0,3,8,2247.0,1139065.0,2359935.0,3498999.0,61,1
Home,tier2,basic,4786.0,3,41,14358.0,7363994.0,11182487.0,18546481.0,52,3
Other,tier3,standard,999.0,4,8,3996.0,2510088.0,3947087.0,6457175.0,88,1
Hospital,tier1,basic,3780.0,2,20,7560.0,8258906.0,12003582.0,20262488.0,121,4
Office,tier1,basic,1798.0,1,7,1798.0,1284097.0,2100442.0,3384539.0,63,2
Office,tier2,standard,1110.0,2,11,2220.0,1466369.0,2547591.0,4013960.0,68,2
Office,tier1,standard,1690.0,4,3,6760.0,8314094.0,11280235.0,19594329.0,365,2
Apartment,tier2,premium,2192.0,2,17,4384.0,4286883.0,8941945.0,13228828.0,69,1
Office,tier3,standard,2355.0,2,13,4710.0,3928571.0,5426066.0,9354637.0,74,2
Road,tier2,standard,40909.0,1,113,40909.0,4629705.0,15028459.0,19658164.0,41,15
Hospital,tier2,standard,2992.0,2,23,5984.0,7893813.0,9509475.0,17403288.0,117,4
Apartment,tier2,basic,3984.0,4,89,15936.0,9506963.0,14181183.0,23688146.0,59,4
School,tier2,standard,2998.0,3,22,8994.0,10549676.0,10560555.0,21110231.0,83,2
Apartment,tier1,standard,3692.0,4,48,14768.0,13273872.0,20874362.0,34148233.0,65,3
Home,tier1,premium,2555.0,1,4,2555.0,3554739.0,4346635.0,7901373.0,109,2
Apartment,tier2,basic,1952.0,3,23,5856.0,3422581.0,4786802.0,8209383.0,68,3
Office,tier2,standard,1229.0,1,3,1229.0,968845.0,1583224.0,2552070.0,86,1
Home,tier2,standard,2142.0,1,11,2142.0,2009564.0,2352190.0,4361754.0,48,1
Other,tier2,basic,1476.0,4,22,5904.0,2571252.0,4758805.0,7330057.0,47,2
Office,tier1,premium,3303.0,2,20,6606.0,8003427.0,18747447.0,26750874.0,79,2
Home,tier2,basic,4065.0,2,24,8130.0,4907023.0,6795156.0,11702180.0,60,1
School,tier2,premium,5134.0,1,19,5134.0,5002174.0,8451068.0,13453242.0,67,2
Office,tier2,standard,2050.0,1,8,2050.0,1924769.0,2297323.0,4222091.0,67,1
Home,tier3,basic,1106.0,3,7,3318.0,1424086.0,2284506.0,3708592.0,82,2
School,tier2,standard,4966.0,3,47,14898.0,13067835.0,19134941.0,32202776.0,58,3
Apartment,tier1,basic,4464.0,3,45,13392.0,6482051.0,18740461.0,25222512.0,60,4
Apartment,tier2,standard,2172.0,1,8,2172.0,1874850.0,2872956.0,4747806.0,69,1
Home,tier1,premium,5975.0,4,116,23900.0,30355729.0,49211316.0,79567045.0,50,2
School,tier1,standard,3993.0,1,7,3993.0,4192964.0,5617871.0,9810835.0,105,2
Apartment,tier2,basic,4598.0,2,41,9196.0,5155364.0,7900849.0,13056213.0,70,2
Home,tier1,standard,2367.0,3,27,7101.0,7873317.0,11541741.0,19415058.0,49,2
Office,tier1,standard,2872.0,1,8,2872.0,2921226.0,4246603.0,7167829.0,76,1
Home,tier3,standard,2355.0,3,30,7065.0,4481026.0,6054350.0,10535376.0,45,2
Bridge,tier2,standard,4798.8,1,14,4798.8,13516415.0,26321486.0,39837900.0,176,4
Home,tier3,standard,4963.0,3,18,14889.0,9781353.0,12661750.0,22443103.0,129,2
Hospital,tier3,standard,5219.0,2,3,10438.0,11284766.0,12932694.0,24217460.0,634,5
Other,tier2,standard,2260.0,4,17,9040.0,5017846.0,10510562.0,15528408.0,75,2
Office,tier2,standard,4703.0,1,13,4703.0,4002490.0,5889098.0,9891588.0,79,2
School,tier2,basic,4227.0,3,45,12681.0,6810083.0,10899847.0,17709930.0,69,3
Office,tier2,standard,471.0,2,4,942.0,872794.0,1292698.0,2165491.0,56,1
Home,tier2,standard,4852.0,2,29,9704.0,6703275.0,11449730.0,18153005.0,57,2
Apartment,tier1,premium,1136.0,1,3,1136.0,1759473.0,2787080.0,4546553.0,82,1
Road,tier1,premium,24084.0,1,70,24084.0,8408990.0,13522331.0,21931321.0,46,12
Apartment,tier3,premium,999.0,1,3,999.0,924502.0,1500504.0,2425006.0,90,1
Bridge,tier1,basic,41465.6,1,222,41465.6,163893333.0,256280287.0,420173620.0,143,22
Home,tier2,standard,578.0,2,5,1156.0,925852.0,1321338.0,2247190.0,42,1
Road,tier3,premium,92196.0,1,129,92196.0,13474686.0,39897069.0,53371755.0,81,38
Office,tier2,basic,4401.0,4,52,17604.0,9157289.0,18817217.0,27974506.0,65,6
Apartment,tier2,basic,3398.0,2,28,6796.0,5008920.0,6470600.0,11479520.0,65,2
Hospital,tier1,basic,1897.0,4,25,7588.0,9094893.0,10695629.0,19790522.0,104,3
Road,tier3,standard,22992.0,1,33,22992.0,2321635.0,5990123.0,8311758.0,63,9
Bridge,tier2,standard,15036.0,1,64,15036.0,41752708.0,78211036.0,119963743.0,156,9
Hospital,tier2,basic,2301.0,3,26,6903.0,6422916.0,7920986.0,14343902.0,115,3
Apartment,tier3,standard,4130.0,2,26,8260.0,4956917.0,8909839.0,13866756.0,66,3
Home,tier1,standard,4250.0,2,20,8500.0,8047733.0,11227844.0,19275577.0,75,2
Home,tier2,premium,3332.0,4,60,13328.0,16504495.0,23953595.0,40458089.0,48,2
Home,tier1,standard,2483.0,3,9,7449.0,6139487.0,9839170.0,15978657.0,118,1
Road,tier1,premium,121635.0,1,185,121635.0,29747303.0,66849736.0,96597038.0,74,53
Road,tier2,standard,34008.0,1,84,34008.0,5032745.0,11541734.0,16574480.0,37,13
Home,tier2,premium,2109.0,4,31,8436.0,8851977.0,13132040.0,21984017.0,65,2
Road,tier2,standard,43065.0,1,75,43065.0,5421679.0,12433761.0,17855440.0,57,15
Road,tier2,premium,99600.0,1,269,99600.0,18737185.0,39979276.0,58716461.0,37,40
Home,tier3,premium,4556.0,4,53,18224.0,19730330.0,24727985.0,44458315.0,77,3
Apartment,tier3,standard,5496.0,4,82,21984.0,14873528.0,24088548.0,38962076.0,76,7
School,tier1,standard,5319.0,2,32,10638.0,9935547.0,17271092.0,27206639.0,71,3
Road,tier3,basic,55499.0,1,167,55499.0,5034803.0,14014607.0,19049410.0,31,28
Bridge,tier1,basic,4118.4,1,10,4118.4,13893228.0,21905905.0,35799133.0,173,4
Office,tier2,basic,931.0,1,4,931.0,495733.0,970643.0,1466375.0,51,1
Apartment,tier2,basic,2528.0,1,10,2528.0,1635421.0,2452588.0,4088009.0,67,1
School,tier2,standard,414.0,1,3,414.0,323977.0,584754.0,908731.0,50,1
Road,tier1,basic,8490.0,1,21,8490.0,1002163.0,2539472.0,3541634.0,40,4
Apartment,tier2,premium,3824.0,4,42,15296.0,18634448.0,31816877.0,50451325.0,89,3
Apartment,tier1,standard,634.0,2,5,1268.0,1448084.0,2221430.0,3669514.0,65,1
Apartment,tier1,premium,3877.0,4,41,15508.0,27239477.0,42258418.0,69497895.0,110,2
Office,tier2,standard,5259.0,2,24,10518.0,8650066.0,16443704.0,25093770.0,100,3
Home,tier2,basic,5971.0,2,44,11942.0,7057819.0,10275528.0,17333347.0,50,3
Hospital,tier2,basic,5841.0,2,21,11682.0,10772068.0,15355682.0,26127750.0,151,5
Road,tier2,premium,33225.0,1,103,33225.0,7368321.0,19125987.0,26494308.0,39,14
Hospital,tier2,basic,4015.0,3,53,12045.0,10658663.0,12786002.0,23444665.0,107,4
Apartment,tier2,standard,660.0,2,5,1320.0,1038436.0,1886391.0,2924827.0,67,2
Office,tier3,basic,1735.0,4,15,6940.0,4209307.0,6191051.0,10400358.0,93,3
Office,tier3,standard,4764.0,3,56,14292.0,10692153.0,14086168.0,24778321.0,53,3
Road,tier1,basic,36630.0,1,96,36630.0,4510843.0,10024310.0,14535153.0,35,20
Office,tier2,standard,2105.0,2,18,4210.0,2860100.0,4729620.0,7589720.0,60,2
Hospital,tier2,basic,2698.0,3,32,8094.0,10344288.0,8869583.0,19213870.0,108,3
Hospital,tier1,premium,2251.0,2,13,4502.0,12262810.0,15930600.0,28193410.0,128,3
Road,tier1,basic,33285.0,1,82,33285.0,4802938.0,9427618.0,14230556.0,37,14
Hospital,tier1,basic,5483.0,2,26,10966.0,12071382.0,15177598.0,27248980.0,145,3
Bridge,tier2,basic,23076.0,1,147,23076.0,51757272.0,122829164.0,174586436.0,139,13
Hospital,tier2,premium,3622.0,2,5,7244.0,14942142.0,15843365.0,30785507.0,436,4
Office,tier2,standard,4498.0,4,23,17992.0,17810112.0,29177348.0,46987461.0,123,5
Hospital,tier2,standard,2641.0,4,49,10564.0,11946610.0,17548854.0,29495464.0,101,6
Hospital,tier2,standard,2945.0,2,26,5890.0,8601201.0,9581926.0,18183128.0,95,3
Office,tier1,premium,5723.0,4,86,22892.0,48447810.0,65310629.0,113758439.0,82,4
School,tier3,basic,2557.0,2,5,5114.0,2446196.0,3593819.0,6040015.0,150,2
Apartment,tier2,standard,1885.0,1,7,1885.0,1143988.0,2322631.0,3466619.0,69,1
Office,tier1,premium,518.0,1,3,518.0,586644.0,1313701.0,1900345.0,60,1
Hospital,tier1,basic,520.0,2,3,1040.0,1456759.0,1580575.0,3037333.0,133,1
Other,tier2,basic,4705.0,2,36,9410.0,5231011.0,8752093.0,13983103.0,57,3
Apartment,tier3,standard,1692.0,2,13,3384.0,2104171.0,3166633.0,5270804.0,68,2
Road,tier2,basic,100056.0,1,258,100056.0,14638097.0,30380091.0,45018189.0,37,43
School,tier1,basic,647.0,1,3,647.0,523802.0,696175.0,1219977.0,60,1
Other,tier1,standard,4852.0,2,42,9704.0,8238288.0,11892931.0,20131219.0,56,3
School,tier1,basic,2683.0,3,18,8049.0,7686782.0,10766969.0,18453752.0,89,2
Home,tier2,standard,4969.0,2,28,9938.0,7195092.0,11578727.0,18773819.0,67,2
Home,tier3,standard,5053.0,2,25,10106.0,6017233.0,9384043.0,15401276.0,76,3
Apartment,tier2,standard,3594.0,1,12,3594.0,2140248.0,4317999.0,6458247.0,76,1
Road,tier3,standard,93528.0,1,300,93528.0,9461196.0,36720131.0,46181326.0,31,49
Office,tier1,standard,5696.0,4,27,22784.0,23770979.0,35748464.0,59519443.0,158,6
Road,tier2,standard,42384.0,1,43,42384.0,6783389.0,15851353.0,22634742.0,74,19
Apartment,tier3,premium,3155.0,2,15,6310.0,5451979.0,8600359.0,14052338.0,104,2
Road,tier2,standard,119393.0,1,300,119393.0,15542528.0,38197312.0,53739840.0,38,49
Apartment,tier3,standard,5829.0,1,21,5829.0,3768820.0,5567876.0,9336696.0,68,2
Hospital,tier1,premium,2687.0,1,14,2687.0,7277606.0,6993597.0,14271203.0,111,2
Other,tier2,standard,2216.0,3,21,6648.0,4586178.0,5517605.0,10103783.0,68,2
Apartment,tier2,basic,2095.0,3,15,6285.0,3195473.0,5865847.0,9061320.0,77,3
Office,tier1,basic,5637.0,3,23,16911.0,14537562.0,24752554.0,39290117.0,130,5
School,tier3,standard,1263.0,2,6,2526.0,1994174.0,2905687.0,4899861.0,74,1
Home,tier2,standard,417.0,4,4,1668.0,1319720.0,1901611.0,3221331.0,63,1
Other,tier1,standard,3204.0,3,5,9612.0,8104329.0,11182308.0,19286637.0,238,2
Office,tier3,standard,5727.0,2,27,11454.0,9833513.0,11783550.0,21617063.0,93,4
Hospital,tier2,basic,2230.0,2,10,4460.0,4999479.0,5502342.0,10501821.0,123,2
Apartment,tier3,standard,3225.0,2,22,6450.0,4492702.0,6484373.0,10977075.0,63,3
Home,tier3,standard,1002.0,1,3,1002.0,798324.0,950189.0,1748513.0,73,1
Apartment,tier1,premium,4994.0,1,19,4994.0,6213261.0,10520890.0,16734151.0,76,2
Home,tier2,standard,5618.0,2,16,11236.0,7806648.0,10367153.0,18173800.0,124,2
Road,tier3,standard,42594.0,1,86,42594.0,4550048.0,11794652.0,16344700.0,53,23
Road,tier1,standard,70983.0,1,300,70983.0,14447408.0,28148930.0,42596337.0,33,19
Road,tier2,standard,21138.0,1,64,21138.0,2419410.0,7013099.0,9432509.0,42,8
School,tier3,basic,4542.0,3,59,13626.0,7099208.0,10524167.0,17623376.0,58,4
Apartment,tier1,standard,1118.0,4,14,4472.0,5152850.0,7712043.0,12864893.0,67,2
Office,tier3,basic,781.0,3,8,2343.0,1064047.0,2019571.0,3083618.0,66,1
School,tier2,basic,5384.0,3,64,16152.0,9509276.0,12958731.0,22468006.0,60,4
Apartment,tier3,standard,3351.0,4,36,13404.0,9685607.0,16172311.0,25857918.0,88,4
Apartment,tier2,standard,3732.0,3,29,11196.0,10721482.0,13508993.0,24230475.0,93,3
Home,tier2,standard,4178.0,4,42,16712.0,12849754.0,16942797.0,29792551.0,64,3
Apartment,tier3,standard,2329.0,1,8,2329.0,1635278.0,2392147.0,4027424.0,67,1
Home,tier1,premium,1713.0,4,27,6852.0,8078307.0,13830782.0,21909089.0,59,2
School,tier2,standard,3307.0,3,28,9921.0,7512646.0,12182172.0,19694819.0,89,3
School,tier3,standard,823.0,1,4,823.0,551110.0,693471.0,1244581.0,56,1
Apartment,tier3,standard,2052.0,1,11,2052.0,1180042.0,1982026.0,3162067.0,67,1
Home,tier3,premium,3722.0,1,9,3722.0,3190263.0,5532751.0,8723014.0,71,1
Home,tier2,standard,5680.0,1,27,5680.0,4342747.0,6157158.0,10499905.0,54,2
Apartment,tier2,standard,3776.0,4,50,15104.0,12773315.0,16357139.0,29130454.0,75,3
Home,tier2,standard,4608.0,4,70,18432.0,13880089.0,23475709.0,37355798.0,56,2
Road,tier2,basic,84360.0,1,268,84360.0,8292557.0,23237458.0,31530015.0,35,31
Hospital,tier2,standard,719.0,1,3,719.0,966819.0,1238732.0,2205551.0,83,1
School,tier1,standard,2506.0,3,28,7518.0,7950261.0,12882910.0,20833170.0,67,3
Office,tier1,basic,4270.0,4,50,17080.0,14296480.0,25601593.0,39898073.0,68,4
Office,tier2,standard,655.0,4,7,2620.0,2295607.0,3823502.0,6119109.0,90,1
Other,tier2,basic,5249.0,1,10,5249.0,2746774.0,3400355.0,6147129.0,75,2
Road,tier2,premium,37408.0,1,100,37408.0,9008985.0,17448289.0,26457275.0,53,16
Home,tier1,standard,4250.0,1,20,4250.0,4139600.0,6585326.0,10724926.0,55,2
Office,tier3,basic,5342.0,1,25,5342.0,3202269.0,4856034.0,8058303.0,57,2
Road,tier3,standard,121258.0,1,300,121258.0,10070514.0,26631431.0,36701945.0,43,54
Other,tier2,standard,1359.0,4,11,5436.0,3607396.0,7246365.0,10853761.0,73,2
Office,tier3,standard,1831.0,1,8,1831.0,1128692.0,1978115.0,3106807.0,64,2
Home,tier3,standard,3021.0,4,46,12084.0,8655884.0,12592376.0,21248260.0,51,3
Bridge,tier1,basic,10256.0,1,11,10256.0,28350392.0,46364758.0,74715150.0,404,8
Home,tier1,basic,4190.0,3,84,12570.0,8127848.0,13592554.0,21720402.0,31,3
Office,tier1,standard,3852.0,1,13,3852.0,3238751.0,5250712.0,8489463.0,65,2
Other,tier1,standard,4896.0,3,78,14688.0,13055799.0,18896154.0,31951953.0,48,3
Hospital,tier2,standard,1192.0,3,13,3576.0,6357772.0,5006867.0,11364639.0,135,2
Home,tier1,basic,854.0,2,4,1708.0,1365815.0,1750077.0,3115892.0,70,1
Road,tier3,premium,28460.0,1,101,28460.0,5032877.0,15417123.0,20450000.0,43,11
Home,tier2,standard,3714.0,3,18,11142.0,9193804.0,11160446.0,20354249.0,99,3
Home,tier2,standard,1841.0,2,12,3682.0,2357897.0,3899188.0,6257085.0,68,1
School,tier3,basic,3912.0,2,16,7824.0,4728754.0,7026921.0,11755675.0,89,2
Bridge,tier3,standard,32300.0,1,100,32300.0,79754061.0,124931568.0,204685629.0,209,24
Hospital,tier3,premium,1505.0,3,16,4515.0,7035606.0,9958440.0,16994046.0,134,2
Apartment,tier3,basic,5406.0,2,40,10812.0,5454961.0,8781051.0,14236011.0,61,4
Office,tier3,standard,572.0,3,3,1716.0,1023090.0,1497222.0,2520312.0,111,1
Apartment,tier2,standard,3523.0,2,18,7046.0,5258871.0,7086382.0,12345254.0,89,3
Bridge,tier3,basic,21247.2,1,22,21247.2,31378329.0,73884216.0,105262545.0,382,15
Office,tier1,basic,4392.0,1,18,4392.0,4193550.0,5173622.0,9367172.0,45,2
Apartment,tier2,standard,2864.0,1,10,2864.0,2180090.0,2911903.0,5091993.0,65,1
Home,tier2,basic,2160.0,1,4,2160.0,1119954.0,1720122.0,2840077.0,74,1
School,tier1,basic,740.0,1,4,740.0,534350.0,629269.0,1163620.0,47,1
Hospital,tier1,premium,1095.0,3,13,3285.0,6021080.0,10372600.0,16393680.0,112,2
Office,tier1,standard,3636.0,3,35,10908.0,12402021.0,15815098.0,28217120.0,77,4
Apartment,tier1,standard,3359.0,1,9,3359.0,2717783.0,5085818.0,7803601.0,86,2
Office,tier1,standard,2510.0,2,13,5020.0,4419704.0,8801774.0,13221478.0,90,2
Apartment,tier2,standard,2037.0,2,10,4074.0,3228899.0,5960475.0,9189374.0,97,2
Home,tier3,standard,849.0,3,12,2547.0,1917920.0,2540185.0,4458105.0,51,1
Home,tier2,basic,1089.0,3,12,3267.0,1499040.0,2381820.0,3880860.0,49,1
Road,tier2,basic,50752.0,1,107,50752.0,4545082.0,15584744.0,20129826.0,48,24
Apartment,tier1,standard,5572.0,2,54,11144.0,13112798.0,16691364.0,29804162.0,56,3
Home,tier3,premium,2230.0,1,7,2230.0,1773703.0,3207258.0,4980960.0,79,1
Apartment,tier1,standard,1048.0,4,9,4192.0,4355203.0,7730627.0,12085830.0,106,2
Office,tier2,premium,3619.0,4,82,14476.0,17700919.0,36864229.0,54565148.0,64,3
Road,tier2,standard,86310.0,1,177,86310.0,10361148.0,29055042.0,39416190.0,48,36
Road,tier3,standard,113854.0,1,270,113854.0,11171892.0,29614457.0,40786349.0,40,54
Home,tier3,standard,4476.0,2,30,8952.0,5581030.0,9395629.0,14976660.0,58,2
Apartment,tier3,basic,999.0,3,11,2997.0,1532576.0,2034890.0,3567465.0,54,2
Road,tier2,standard,55917.0,1,137,55917.0,8612715.0,18936867.0,27549581.0,47,17
Hospital,tier2,basic,3957.0,1,3,3957.0,3330554.0,4116587.0,7447141.0,272,2
School,tier2,standard,5520.0,3,56,16560.0,17148549.0,21741676.0,38890225.0,69,3
Bridge,tier1,basic,43652.4,1,92,43652.4,127446365.0,212899724.0,340346089.0,184,27
School,tier1,premium,5808.0,4,68,23232.0,30834364.0,60261228.0,91095592.0,79,6
Apartment,tier3,standard,3240.0,3,23,9720.0,5034944.0,11299484.0,16334428.0,114,3
Hospital,tier3,standard,491.0,4,4,1964.0,2445838.0,1987766.0,4433604.0,149,2
Bridge,tier2,standard,36644.4,1,111,36644.4,127304796.0,238097258.0,365402055.0,221,25
School,tier1,basic,1426.0,4,15,5704.0,6237189.0,7099531.0,13336720.0,66,2
School,tier1,standard,978.0,1,3,978.0,901253.0,1508675.0,2409929.0,66,1
Road,tier2,standard,101936.0,1,300,101936.0,12257099.0,32955768.0,45212867.0,38,48
School,tier1,standard,5690.0,3,37,17070.0,16115955.0,28477784.0,44593740.0,93,3
Road,tier2,standard,69241.0,1,210,69241.0,9922293.0,21631596.0,31553889.0,35,24
Apartment,tier1,premium,1460.0,4,19,5840.0,9268246.0,12904438.0,22172684.0,85,2
Other,tier1,basic,5883.0,3,24,17649.0,11918980.0,17239916.0,29158896.0,91,4
Other,tier1,premium,2121.0,4,17,8484.0,11133681.0,15131931.0,26265612.0,110,2
Apartment,tier3,basic,5340.0,3,53,16020.0,8867827.0,14243775.0,23111602.0,80,4
School,tier2,premium,4250.0,4,55,17000.0,19859191.0,33451002.0,53310193.0,92,5
Hospital,tier2,premium,2851.0,4,28,11404.0,26328827.0,34715601.0,61044428.0,140,4
Home,tier2,premium,4834.0,1,16,4834.0,5250495.0,7497773.0,12748268.0,70,1
Road,tier3,basic,36600.0,1,133,36600.0,2985769.0,7760468.0,10746237.0,29,12
Office,tier2,standard,5501.0,3,66,16503.0,16695543.0,19340486.0,36036028.0,60,4
Home,tier2,premium,3803.0,2,31,7606.0,9462833.0,10329058.0,19791891.0,63,2
Other,tier1,standard,2613.0,1,12,2613.0,1931342.0,3562347.0,5493689.0,48,1
Apartment,tier2,standard,930.0,2,6,1860.0,1534942.0,2204677.0,3739619.0,75,1
Bridge,tier2,standard,16464.0,1,28,16464.0,38497801.0,93053391.0,131551192.0,287,11
Office,tier3,basic,4769.0,3,43,14307.0,7586006.0,10815045.0,18401051.0,62,4
Hospital,tier3,standard,981.0,3,5,2943.0,3592309.0,4487048.0,8079357.0,160,2
Road,tier3,basic,109200.0,1,300,109200.0,8668851.0,26459441.0,35128292.0,35,39
Apartment,tier3,standard,5028.0,3,74,15084.0,7512566.0,14447792.0,21960358.0,58,5
Other,tier1,standard,4319.0,3,43,12957.0,13037928.0,17962619.0,31000547.0,60,3
Road,tier2,basic,5668.0,1,27,5668.0,613059.0,1598900.0,2211959.0,29,3
Office,tier1,basic,1173.0,4,22,4692.0,4193603.0,6271367.0,10464969.0,53,2
Office,tier1,premium,5647.0,4,83,22588.0,30515507.0,48773251.0,79288758.0,77,5
Home,tier2,standard,2473.0,3,29,7419.0,4855722.0,7522692.0,12378414.0,57,2
Road,tier2,standard,45169.0,1,201,45169.0,6672400.0,14906808.0,21579208.0,29,18
Home,tier2,standard,3006.0,4,20,12024.0,11197101.0,17220415.0,28417516.0,99,2
Home,tier3,standard,4668.0,4,68,18672.0,13695577.0,16172677.0,29868254.0,56,3
Office,tier2,standard,1760.0,2,14,3520.0,3244588.0,4869364.0,8113951.0,61,1
Home,tier3,standard,3780.0,4,25,15120.0,9453310.0,14463144.0,23916454.0,83,2
Hospital,tier3,basic,3537.0,3,59,10611.0,11600248.0,12111415.0,23711663.0,82,3
Home,tier3,standard,1600.0,3,22,4800.0,3245263.0,4645412.0,7890675.0,52,1
Apartment,tier1,basic,4213.0,2,39,8426.0,5467496.0,8182887.0,13650383.0,47,2
Office,tier2,premium,2986.0,2,23,5972.0,7256419.0,10029828.0,17286247.0,86,2
Home,tier2,standard,4059.0,2,18,8118.0,5090066.0,8678241.0,13768307.0,71,1
Home,tier3,basic,594.0,1,3,594.0,263066.0,426479.0,689545.0,34,1
Hospital,tier1,standard,1088.0,1,4,1088.0,1458048.0,2084793.0,3542841.0,108,1
Office,tier2,basic,4372.0,2,36,8744.0,4292929.0,9255040.0,13547969.0,45,3
Bridge,tier2,standard,17230.4,1,68,17230.4,56707709.0,128547870.0,185255579.0,145,10
Home,tier1,premium,1048.0,1,6,1048.0,1485216.0,1733393.0,3218609.0,48,1
Other,tier3,standard,542.0,2,3,1084.0,703185.0,946625.0,1649810.0,55,1
Home,tier1,standard,1846.0,2,11,3692.0,2896265.0,5466789.0,8363054.0,53,2
Road,tier2,standard,70980.0,1,237,70980.0,10028307.0,23874490.0,33902797.0,35,35
Apartment,tier2,standard,1772.0,1,4,1772.0,1430974.0,2160340.0,3591314.0,94,1
Office,tier2,basic,4275.0,1,22,4275.0,2031010.0,3222035.0,5253045.0,55,2
Office,tier1,standard,4812.0,3,44,14436.0,16931273.0,24225311.0,41156583.0,75,3
Apartment,tier2,standard,3932.0,2,29,7864.0,4637858.0,10244976.0,14882834.0,68,3
Office,tier2,basic,2643.0,3,34,7929.0,5526512.0,8070377.0,13596888.0,60,3
Home,tier3,basic,1267.0,4,12,5068.0,1910845.0,4384615.0,6295461.0,71,2
Road,tier2,basic,38898.0,1,142,38898.0,4152289.0,9578768.0,13731057.0,31,17
Home,tier3,basic,5803.0,2,39,11606.0,6049592.0,8141810.0,14191402.0,54,2
Apartment,tier1,basic,1568.0,4,28,6272.0,4822780.0,6843064.0,11665844.0,42,2
School,tier3,standard,3438.0,1,11,3438.0,3157776.0,3836511.0,6994286.0,71,1
School,tier2,standard,2270.0,1,3,2270.0,1604611.0,2498605.0,4103216.0,148,2
Office,tier2,standard,2403.0,1,5,2403.0,2619330.0,3153207.0,5772537.0,89,2
Hospital,tier2,basic,3266.0,2,10,6532.0,6095345.0,6339719.0,12435064.0,180,3
Hospital,tier1,standard,1347.0,2,15,2694.0,4078309.0,5423478.0,9501786.0,98,2
Home,tier1,premium,1487.0,3,22,4461.0,7816381.0,8240360.0,16056741.0,48,1
Apartment,tier3,basic,629.0,1,3,629.0,303198.0,387611.0,690809.0,58,1
School,tier3,basic,4262.0,3,28,12786.0,6624899.0,9070975.0,15695875.0,80,5
Apartment,tier1,standard,5490.0,4,38,21960.0,20370496.0,35642080.0,56012576.0,107,5
Office,tier2,basic,2915.0,2,21,5830.0,4281238.0,6073703.0,10354941.0,58,2
Home,tier2,basic,3873.0,3,26,11619.0,6473631.0,10447579.0,16921210.0,62,2
Hospital,tier2,standard,5908.0,3,54,17724.0,30597420.0,32564996.0,63162417.0,113,6
Apartment,tier2,standard,4652.0,1,8,4652.0,2982939.0,6354964.0,9337903.0,108,2
Road,tier3,premium,30634.0,1,117,30634.0,4212206.0,13082070.0,17294276.0,37,17
Home,tier2,premium,4744.0,3,20,14232.0,12560917.0,16476926.0,29037843.0,126,2
Apartment,tier2,standard,2617.0,2,33,5234.0,3370196.0,5326233.0,8696429.0,50,2
Office,tier2,standard,5771.0,2,59,11542.0,11687193.0,12733642.0,24420836.0,70,3
Office,tier2,premium,5578.0,2,69,11156.0,10759924.0,18896917.0,29656841.0,61,3
School,tier1,standard,632.0,4,10,2528.0,3227116.0,3621969.0,6849085.0,56,2
Home,tier3,premium,5361.0,1,28,5361.0,5125559.0,7033419.0,12158978.0,51,2
Home,tier1,standard,1745.0,3,23,5235.0,5037169.0,7197275.0,12234444.0,50,2
Home,tier3,basic,3111.0,4,27,12444.0,6985476.0,8365272.0,15350748.0,93,1
Apartment,tier3,basic,4595.0,4,53,18380.0,12158262.0,17257962.0,29416223.0,75,3
Office,tier2,basic,1092.0,3,13,3276.0,2140088.0,3417091.0,5557179.0,71,2
Hospital,tier2,premium,489.0,2,5,978.0,1904606.0,2148432.0,4053039.0,105,1
Other,tier1,basic,2689.0,1,9,2689.0,1409211.0,2450267.0,3859478.0,48,1
Hospital,tier2,standard,3657.0,2,29,7314.0,8906479.0,12282606.0,21189085.0,98,3
Bridge,tier2,standard,35776.0,1,105,35776.0,117711362.0,188865099.0,306576461.0,222,18
Bridge,tier1,premium,44975.2,1,128,44975.2,318756247.0,547086084.0,865842331.0,215,25
Road,tier1,standard,94852.0,1,153,94852.0,17932732.0,42218802.0,60151534.0,53,36
School,tier3,basic,4388.0,4,68,17552.0,12317534.0,15923476.0,28241009.0,66,4
Other,tier2,basic,1470.0,2,8,2940.0,1350591.0,2609988.0,3960579.0,57,1
Apartment,tier2,standard,2919.0,4,21,11676.0,10264454.0,17303392.0,27567846.0,111,4
Road,tier1,premium,20672.0,1,55,20672.0,5605974.0,10578931.0,16184904.0,40,9
Office,tier2,standard,2804.0,4,41,11216.0,11369289.0,15307086.0,26676375.0,51,3
Apartment,tier2,standard,1385.0,3,17,4155.0,3073470.0,4639400.0,7712870.0,73,2
Home,tier3,premium,1466.0,3,14,4398.0,3823308.0,6157673.0,9980981.0,77,1
Apartment,tier2,standard,5297.0,1,24,5297.0,3111833.0,6994365.0,10106198.0,60,2
Office,tier1,basic,5723.0,1,29,5723.0,3754611.0,6434077.0,10188688.0,53,2
Hospital,tier2,premium,815.0,4,10,3260.0,5670087.0,6816807.0,12486894.0,128,2
Apartment,tier1,standard,1702.0,3,23,5106.0,5900760.0,8351252.0,14252012.0,60,2
Road,tier3,premium,4824.0,1,12,4824.0,529838.0,1844417.0,2374255.0,60,3
Home,tier1,standard,1053.0,3,6,3159.0,3661794.0,5228858.0,8890651.0,101,1
Apartment,tier1,standard,3412.0,2,15,6824.0,6729665.0,8676370.0,15406035.0,98,3
Road,tier2,basic,15608.0,1,36,15608.0,1577475.0,4359720.0,5937195.0,32,7
Office,tier1,standard,5907.0,1,17,5907.0,7404390.0,9070715.0,16475105.0,80,2
Bridge,tier2,basic,41480.0,1,234,41480.0,80590303.0,168443109.0,249033412.0,137,33
Road,tier2,standard,38080.0,1,104,38080.0,5654718.0,13464688.0,19119406.0,38,19
Hospital,tier3,basic,767.0,3,7,2301.0,2066269.0,2403961.0,4470230.0,116,1
Home,tier1,basic,1256.0,3,13,3768.0,3687587.0,3545496.0,7233082.0,61,1
Road,tier2,standard,52500.0,1,94,52500.0,6691948.0,21556184.0,28248132.0,53,24
Apartment,tier2,standard,1673.0,2,12,3346.0,3039406.0,4075900.0,7115306.0,77,2
Home,tier1,standard,2832.0,1,12,2832.0,2495588.0,3323086.0,5818673.0,52,1
Road,tier2,standard,37114.0,1,188,37114.0,4786094.0,12786308.0,17572401.0,29,15
Hospital,tier3,standard,524.0,2,5,1048.0,1079788.0,1289025.0,2368813.0,109,1
Apartment,tier3,standard,4482.0,1,17,4482.0,1965650.0,4855971.0,6821621.0,65,2
School,tier3,standard,1393.0,1,4,1393.0,1214498.0,1269155.0,2483652.0,68,1
Apartment,tier2,basic,1344.0,4,17,5376.0,3548975.0,5428428.0,8977402.0,79,2
Office,tier2,standard,5121.0,4,78,20484.0,18538099.0,31761614.0,50299712.0,55,5
Road,tier3,premium,169524.0,1,300,169524.0,30717937.0,72458856.0,103176792.0,64,89
Apartment,tier1,standard,1597.0,4,21,6388.0,6653547.0,10849655.0,17503202.0,87,2
Apartment,tier2,premium,5213.0,1,12,5213.0,3791976.0,9916773.0,13708749.0,111,2
School,tier3,basic,5834.0,1,24,5834.0,3523980.0,4919395.0,8443375.0,65,2
Road,tier3,standard,152288.0,1,300,152288.0,14845894.0,51438403.0,66284296.0,52,64
Road,tier3,standard,62010.0,1,152,62010.0,6413046.0,18833840.0,25246886.0,47,24
Home,tier1,standard,4101.0,1,21,4101.0,3803736.0,6462745.0,10266481.0,50,1
Apartment,tier2,standard,1223.0,4,17,4892.0,3779135.0,5962496.0,9741631.0,61,2
Apartment,tier1,basic,5413.0,3,27,16239.0,13942631.0,17377974.0,31320606.0,117,4
Road,tier3,standard,64480.0,1,286,64480.0,6778409.0,21883699.0,28662108.0,30,30
Office,tier2,standard,4617.0,3,35,13851.0,10324138.0,17008013.0,27332151.0,77,4
Road,tier1,standard,25176.0,1,72,25176.0,4774071.0,13689020.0,18463091.0,34,9
Home,tier3,basic,1132.0,4,14,4528.0,2193760.0,3209596.0,5403356.0,56,2
Hospital,tier2,basic,2874.0,3,37,8622.0,8803165.0,9693773.0,18496938.0,94,5
School,tier2,premium,2038.0,3,20,6114.0,6978454.0,12031438.0,19009891.0,83,3
Office,tier3,basic,5648.0,4,92,22592.0,13888516.0,22005496.0,35894012.0,58,4
School,tier2,standard,3399.0,2,10,6798.0,7519422.0,7728288.0,15247710.0,123,3
Other,tier2,basic,2460.0,4,20,9840.0,6410772.0,9530884.0,15941656.0,78,2
Home,tier1,standard,1879.0,1,6,1879.0,1731378.0,2469376.0,4200753.0,66,1
Road,tier1,standard,54628.0,1,136,54628.0,13037458.0,20821204.0,33858662.0,47,17
Road,tier1,premium,99840.0,1,300,99840.0,22779276.0,50720734.0,73500009.0,49,39
Home,tier2,standard,3253.0,2,27,6506.0,3205249.0,7617585.0,10822834.0,49,1
Bridge,tier2,basic,30170.4,1,72,30170.4,89675717.0,112114787.0,201790504.0,193,13
School,tier2,basic,4029.0,4,40,16116.0,12898014.0,14770187.0,27668201.0,77,4
Home,tier2,basic,2937.0,4,41,11748.0,8675424.0,8768763.0,17444186.0,48,2
Home,tier1,standard,2485.0,1,3,2485.0,2726332.0,3158041.0,5884373.0,107,1
Apartment,tier2,premium,1865.0,4,34,7460.0,10241429.0,12339940.0,22581369.0,67,3
Office,tier3,basic,4021.0,1,14,4021.0,2351947.0,2905222.0,5257170.0,67,2
School,tier1,standard,1220.0,2,8,2440.0,2750769.0,5078126.0,7828895.0,82,1
School,tier2,standard,433.0,4,5,1732.0,1430271.0,2296704.0,3726976.0,78,1
Apartment,tier1,standard,5446.0,4,90,21784.0,24576241.0,38381222.0,62957463.0,72,5
Hospital,tier2,standard,587.0,4,7,2348.0,2419378.0,3896766.0,6316144.0,127,2
Apartment,tier2,standard,1686.0,1,8,1686.0,1294051.0,1948838.0,3242889.0,46,2
School,tier1,basic,3527.0,1,5,3527.0,2825834.0,3341217.0,6167051.0,95,2
Road,tier2,standard,71077.0,1,242,71077.0,12152143.0,28720015.0,40872159.0,36,23
Road,tier3,standard,34875.0,1,118,34875.0,4612999.0,8822595.0,13435594.0,28,14
Road,tier1,standard,52221.0,1,193,52221.0,11102580.0,20133200.0,31235780.0,29,20
Road,tier2,basic,23064.0,1,115,23064.0,1932319.0,5686974.0,7619294.0,22,10
Home,tier2,standard,2985.0,1,5,2985.0,1894305.0,3003911.0,4898216.0,93,1
Road,tier1,premium,62397.0,1,106,62397.0,17857997.0,36013849.0,53871847.0,66,25
Road,tier2,standard,20500.0,1,60,20500.0,2664485.0,7532273.0,10196758.0,31,7
Home,tier2,basic,4194.0,2,9,8388.0,4920895.0,8038784.0,12959679.0,128,2
Office,tier1,premium,3640.0,2,44,7280.0,11460636.0,15557977.0,27018613.0,58,3
Apartment,tier3,basic,2979.0,4,53,11916.0,6271129.0,8727405.0,14998534.0,50,4
School,tier2,standard,3588.0,4,57,14352.0,13900093.0,21893948.0,35794041.0,67,4
Apartment,tier2,basic,3127.0,1,13,3127.0,1870629.0,3295584.0,5166213.0,55,2
Bridge,tier1,premium,9629.2,1,46,9629.2,43673538.0,112080929.0,155754468.0,164,7
Apartment,tier1,basic,2843.0,1,7,2843.0,1921539.0,3378388.0,5299928.0,69,1
Apartment,tier2,standard,2723.0,1,8,2723.0,2722368.0,3315121.0,6037488.0,78,1
Home,tier2,premium,4761.0,3,53,14283.0,23273881.0,27179932.0,50453814.0,61,2
Other,tier1,standard,4437.0,1,12,4437.0,4014964.0,5808588.0,9823552.0,64,2
Home,tier2,basic,3613.0,1,8,3613.0,1928272.0,3316712.0,5244984.0,67,1
School,tier2,basic,2537.0,2,14,5074.0,3250009.0,4732052.0,7982061.0,75,2
Apartment,tier2,basic,3928.0,2,30,7856.0,3994777.0,5876860.0,9871637.0,61,3
Office,tier3,basic,5986.0,3,79,17958.0,12437638.0,14177909.0,26615546.0,45,3
School,tier2,standard,5087.0,4,38,20348.0,18472375.0,32662803.0,51135178.0,101,6
Road,tier2,standard,34560.0,1,108,34560.0,3423115.0,11916294.0,15339409.0,33,13
Home,tier3,premium,1970.0,2,13,3940.0,3362457.0,4006654.0,7369111.0,75,1
Home,tier2,standard,3179.0,1,5,3179.0,2263042.0,3797249.0,6060291.0,104,1
Home,tier3,premium,4098.0,4,63,16392.0,12912414.0,20214167.0,33126581.0,67,2
Home,tier3,standard,4174.0,1,13,4174.0,2005601.0,3376650.0,5382251.0,57,1
School,tier2,standard,4785.0,1,11,4785.0,2876314.0,5129413.0,8005727.0,97,2
Bridge,tier2,standard,14823.6,1,41,14823.6,31259526.0,75431835.0,106691361.0,187,11
Road,tier3,standard,57380.0,1,227,57380.0,6723895.0,19162558.0,25886453.0,32,20
Hospital,tier3,basic,618.0,1,3,618.0,514179.0,604208.0,1118387.0,86,1
Home,tier1,premium,1616.0,3,18,4848.0,8406168.0,11998279.0,20404448.0,66,2
Office,tier1,standard,3276.0,2,36,6552.0,7810718.0,11298049.0,19108767.0,64,2
Apartment,tier2,basic,3325.0,4,62,13300.0,6840388.0,18419293.0,25259681.0,58,4
Apartment,tier3,standard,5811.0,1,23,5811.0,3320674.0,5459725.0,8780399.0,56,3
Road,tier3,basic,37559.0,1,94,37559.0,2963222.0,8946363.0,11909585.0,35,14
Home,tier3,standard,2677.0,4,50,10708.0,6055848.0,9740978.0,15796826.0,61,2
Apartment,tier1,standard,3684.0,3,27,11052.0,11457295.0,15849718.0,27307013.0,96,3
Apartment,tier3,premium,1050.0,3,13,3150.0,3257089.0,5768079.0,9025168.0,68,2
Road,tier1,standard,160664.0,1,77,160664.0,29425540.0,66582182.0,96007722.0,168,76
Office,tier2,standard,519.0,1,3,519.0,466018.0,598288.0,1064306.0,54,1
Home,tier2,standard,1240.0,4,8,4960.0,3703458.0,6140116.0,9843574.0,123,1
School,tier2,premium,2708.0,4,32,10832.0,16569018.0,18640427.0,35209445.0,89,4
Apartment,tier2,premium,428.0,4,3,1712.0,1823576.0,3463704.0,5287280.0,129,1
Hospital,tier1,standard,1437.0,2,10,2874.0,5040406.0,6758519.0,11798924.0,117,2
Office,tier1,standard,5407.0,1,21,5407.0,4601630.0,8568341.0,13169971.0,62,2
School,tier3,standard,5074.0,3,39,15222.0,10868304.0,16248152.0,27116456.0,78,3
Apartment,tier1,premium,3583.0,3,32,10749.0,16727267.0,23268690.0,39995956.0,80,3
Road,tier2,premium,14922.0,1,54,14922.0,2224213.0,7223161.0,9447374.0,36,9
Apartment,tier1,standard,572.0,4,8,2288.0,1912306.0,3824030.0,5736336.0,76,2
Road,tier2,standard,7040.0,1,35,7040.0,888670.0,2749520.0,3638190.0,28,4
Road,tier1,basic,102456.0,1,260,102456.0,10605021.0,31700643.0,42305664.0,35,46
School,tier2,basic,2497.0,4,40,9988.0,10131930.0,11015186.0,21147116.0,53,3
Road,tier2,basic,96012.0,1,300,96012.0,9884796.0,30336369.0,40221165.0,35,37
Other,tier1,basic,2946.0,1,4,2946.0,2150052.0,2628202.0,4778253.0,114,1
Bridge,tier3,standard,44786.0,1,154,44786.0,135826561.0,226508000.0,362334561.0,171,29
Road,tier1,standard,30732.0,1,99,30732.0,6221482.0,13638527.0,19860009.0,33,12
Road,tier3,standard,3312.0,1,9,3312.0,489087.0,937886.0,1426972.0,36,3
Bridge,tier1,standard,38284.0,1,207,38284.0,149097086.0,285708141.0,434805227.0,164,18
Road,tier3,basic,127330.0,1,300,127330.0,13973585.0,35711456.0,49685041.0,43,49
Hospital,tier1,standard,3530.0,2,17,7060.0,9420801.0,14316894.0,23737695.0,145,4
Road,tier2,basic,94392.0,1,300,94392.0,7571585.0,25094468.0,32666053.0,29,45
Road,tier2,basic,28028.0,1,118,28028.0,2773837.0,7389556.0,10163393.0,30,11
School,tier2,premium,3639.0,4,51,14556.0,19289133.0,30364286.0,49653419.0,81,4
Home,tier3,basic,732.0,1,3,732.0,407788.0,601167.0,1008954.0,47,1
School,tier1,basic,3234.0,3,22,9702.0,8259788.0,11201641.0,19461429.0,73,4
Bridge,tier2,standard,12531.2,1,49,12531.2,41157582.0,78147987.0,119305569.0,156,7
Road,tier3,standard,58152.0,1,228,58152.0,7048014.0,17592872.0,24640885.0,27,25
Hospital,tier3,standard,4871.0,2,29,9742.0,10507709.0,13291370.0,23799079.0,142,4
Apartment,tier2,standard,2601.0,4,51,10404.0,8679472.0,15876103.0,24555575.0,66,4
Apartment,tier2,standard,5587.0,2,57,11174.0,9825676.0,13089385.0,22915061.0,49,3
Road,tier3,standard,5310.0,1,27,5310.0,705450.0,1675217.0,2380667.0,26,3
Office,tier3,premium,2233.0,4,45,8932.0,9149186.0,15647709.0,24796896.0,58,3
Hospital,tier3,basic,1885.0,1,6,1885.0,1502825.0,1679976.0,3182801.0,124,1
School,tier3,standard,5276.0,3,28,15828.0,12270292.0,15532793.0,27803084.0,107,4
School,tier2,basic,3093.0,4,37,12372.0,8012413.0,13107241.0,21119654.0,81,4
School,tier2,basic,2631.0,4,34,10524.0,8719135.0,10674043.0,19393178.0,66,2
Apartment,tier2,premium,3685.0,3,29,11055.0,14296611.0,25124702.0,39421312.0,85,3
Home,tier1,standard,807.0,4,9,3228.0,3217486.0,4948567.0,8166053.0,60,2
School,tier3,basic,1429.0,3,9,4287.0,2667749.0,4270541.0,6938290.0,78,2
Home,tier2,standard,2963.0,1,12,2963.0,2281938.0,3385446.0,5667384.0,56,1
Road,tier1,basic,105092.0,1,300,105092.0,13751919.0,30378511.0,44130430.0,42,44
Hospital,tier2,standard,3501.0,4,86,14004.0,20873386.0,22970176.0,43843562.0,97,4
Road,tier1,standard,159354.0,1,300,159354.0,22010892.0,80956683.0,102967575.0,47,66
Road,tier1,premium,104688.0,1,300,104688.0,29769731.0,69019758.0,98789489.0,45,45
Apartment,tier2,basic,4763.0,3,47,14289.0,8379008.0,12363197.0,20742205.0,56,4
Apartment,tier2,basic,4798.0,2,47,9596.0,5438652.0,8210300.0,13648952.0,54,3
Bridge,tier2,premium,4615.6,1,23,4615.6,21005303.0,37209442.0,58214744.0,145,5
Other,tier1,premium,2370.0,3,22,7110.0,9566293.0,13411685.0,22977978.0,74,2
Road,tier2,basic,90363.0,1,300,90363.0,8629574.0,24894506.0,33524080.0,32,27
Apartment,tier1,standard,5557.0,2,39,11114.0,12209522.0,20268213.0,32477735.0,77,3
Home,tier3,premium,3448.0,2,17,6896.0,6425024.0,8742336.0,15167360.0,90,2
Office,tier1,standard,815.0,1,3,815.0,663749.0,1124858.0,1788608.0,63,1
Office,tier3,standard,3737.0,4,80,14948.0,9508382.0,14951567.0,24459949.0,60,2
Home,tier1,standard,4434.0,2,37,8868.0,7749626.0,14588566.0,22338191.0,44,2
Bridge,tier1,premium,14174.0,1,39,14174.0,73746628.0,144862487.0,218609115.0,305,9
Home,tier2,standard,5602.0,1,25,5602.0,4195264.0,6160208.0,10355472.0,42,2
School,tier3,basic,4266.0,2,36,8532.0,4479377.0,5983020.0,10462397.0,65,2
Home,tier3,standard,3497.0,2,21,6994.0,4301120.0,6610058.0,10911178.0,69,2
Home,tier2,standard,1338.0,4,13,5352.0,3968451.0,6330657.0,10299107.0,73,2
Other,tier2,standard,5320.0,3,33,15960.0,10817146.0,16220170.0,27037316.0,72,3
School,tier1,basic,3069.0,4,17,12276.0,12506985.0,16071962.0,28578947.0,103,3
Apartment,tier2,standard,4274.0,1,11,4274.0,3259822.0,5924485.0,9184306.0,77,2
Road,tier2,standard,91352.0,1,286,91352.0,12255060.0,34399350.0,46654410.0,36,48
Home,tier3,premium,481.0,1,3,481.0,513121.0,772077.0,1285198.0,49,1
School,tier2,standard,2490.0,2,21,4980.0,3520662.0,5431770.0,8952432.0,68,2
School,tier3,standard,4158.0,1,15,4158.0,2927317.0,3992161.0,6919478.0,70,2
Home,tier3,standard,3051.0,4,14,12204.0,7955224.0,11957055.0,19912279.0,111,2
Apartment,tier1,basic,4076.0,4,60,16304.0,12191420.0,22175916.0,34367336.0,74,4
School,tier2,standard,3549.0,2,10,7098.0,4981714.0,7858952.0,12840667.0,122,3
Hospital,tier3,basic,400.0,4,7,1600.0,1426952.0,1939561.0,3366514.0,95,2
Road,tier2,standard,62532.0,1,274,62532.0,7977097.0,17707185.0,25684282.0,31,26
School,tier2,standard,2691.0,1,9,2691.0,2342524.0,3441975.0,5784500.0,60,2
Office,tier3,basic,2554.0,4,44,10216.0,6713896.0,10144192.0,16858087.0,56,3
Other,tier1,standard,617.0,4,11,2468.0,1975131.0,3164072.0,5139204.0,47,1
Road,tier3,premium,40600.0,1,141,40600.0,4790697.0,18346379.0,23137076.0,38,18
Home,tier2,basic,2040.0,4,26,8160.0,5563302.0,8058211.0,13621513.0,60,2
Home,tier2,premium,5166.0,3,28,15498.0,19678761.0,29626736.0,49305498.0,93,2
School,tier2,basic,5924.0,4,69,23696.0,14898732.0,18770088.0,33668820.0,71,7
Other,tier2,basic,5085.0,4,44,20340.0,12122386.0,17613373.0,29735759.0,65,4
Apartment,tier1,standard,5665.0,4,49,22660.0,25791686.0,37563647.0,63355333.0,94,6
Hospital,tier1,basic,5586.0,4,55,22344.0,31917359.0,32834255.0,64751614.0,140,8
Other,tier2,premium,4235.0,2,9,8470.0,11818189.0,12894372.0,24712561.0,165,2
Hospital,tier2,standard,1087.0,4,19,4348.0,6076329.0,6640605.0,12716935.0,103,3
Office,tier2,standard,2454.0,1,9,2454.0,2099615.0,2839973.0,4939588.0,51,2
School,tier1,standard,4521.0,2,42,9042.0,9230082.0,12623889.0,21853970.0,67,3
Home,tier1,standard,2620.0,4,45,10480.0,11254125.0,15441596.0,26695721.0,41,3
Office,tier1,standard,1905.0,2,15,3810.0,3613274.0,6459970.0,10073244.0,61,2
Road,tier2,standard,28728.0,1,122,28728.0,4061858.0,10930426.0,14992284.0,28,11
Office,tier1,premium,2296.0,2,16,4592.0,6466264.0,10995106.0,17461369.0,60,2
Other,tier1,standard,2294.0,2,22,4588.0,3579172.0,6344273.0,9923445.0,47,2
Other,tier2,standard,4956.0,2,27,9912.0,6160433.0,11720712.0,17881145.0,63,3
Road,tier2,standard,14607.0,1,48,14607.0,1558882.0,4907367.0,6466249.0,37,8
Hospital,tier2,standard,1033.0,1,3,1033.0,1553974.0,1647771.0,3201745.0,136,1
Road,tier1,basic,91501.0,1,300,91501.0,10861369.0,33356808.0,44218176.0,34,43
Home,tier3,standard,5456.0,1,14,5456.0,3460407.0,5476921.0,8937329.0,72,1
Office,tier2,standard,3069.0,2,30,6138.0,4171251.0,7879520.0,12050771.0,60,2
Office,tier2,basic,5755.0,2,20,11510.0,8682862.0,13080423.0,21763285.0,104,4
Office,tier1,premium,910.0,3,9,2730.0,3230254.0,5889105.0,9119359.0,83,1
Office,tier1,standard,2203.0,4,28,8812.0,10925900.0,16664434.0,27590334.0,74,3
Home,tier2,basic,5546.0,1,12,5546.0,3010308.0,4622126.0,7632434.0,68,1
Office,tier1,premium,4409.0,1,11,4409.0,6717991.0,11275393.0,17993384.0,99,2
Apartment,tier2,premium,1985.0,2,16,3970.0,4372802.0,6765739.0,11138541.0,78,2
Home,tier2,premium,5393.0,4,63,21572.0,23838900.0,39244770.0,63083670.0,77,3
Office,tier1,basic,2544.0,2,11,5088.0,5137467.0,6012984.0,11150451.0,81,2
Bridge,tier1,standard,52225.6,1,229,52225.6,195333634.0,395408669.0,590742302.0,201,28
Road,tier1,standard,14127.0,1,47,14127.0,2880591.0,5825462.0,8706053.0,40,7
Bridge,tier2,standard,10044.8,1,37,10044.8,30536625.0,62612076.0,93148701.0,166,7
Home,tier1,standard,2240.0,3,31,6720.0,10401411.0,9417331.0,19818743.0,47,1
School,tier2,standard,2445.0,3,38,7335.0,6540183.0,6737088.0,13277271.0,69,2
School,tier1,standard,3756.0,2,5,7512.0,9221160.0,12845081.0,22066241.0,203,2
Hospital,tier2,premium,4931.0,4,63,19724.0,41584044.0,51406942.0,92990986.0,121,7
School,tier3,standard,3911.0,2,11,7822.0,6147243.0,8145106.0,14292350.0,157,3
Road,tier3,premium,52896.0,1,300,52896.0,6902594.0,20586447.0,27489041.0,28,19
Road,tier2,premium,13770.0,1,48,13770.0,2607189.0,8135287.0,10742476.0,31,6
Office,tier2,basic,2815.0,4,50,11260.0,5224030.0,12261459.0,17485489.0,51,4
Bridge,tier2,premium,7043.2,1,18,7043.2,36901570.0,69063887.0,105965456.0,242,6
Home,tier3,basic,2250.0,2,13,4500.0,1823177.0,3260685.0,5083862.0,61,1
Office,tier2,basic,5829.0,2,54,11658.0,9489858.0,12419372.0,21909230.0,55,3
Hospital,tier1,premium,2352.0,3,28,7056.0,16898852.0,18913196.0,35812047.0,106,3
Home,tier3,standard,4398.0,1,23,4398.0,2656871.0,3481417.0,6138288.0,31,2
Home,tier1,standard,1517.0,2,7,3034.0,2845160.0,4190270.0,7035430.0,78,1
School,tier3,premium,5343.0,4,66,21372.0,22282780.0,31923877.0,54206657.0,86,6
Road,tier1,standard,33792.0,1,133,33792.0,4743844.0,15161146.0,19904990.0,36,15
Apartment,tier1,basic,1294.0,3,16,3882.0,3180671.0,5505558.0,8686229.0,56,2
Apartment,tier3,basic,4270.0,2,33,8540.0,3321064.0,6849706.0,10170770.0,60,2
Other,tier2,standard,5619.0,3,30,16857.0,10846726.0,20513628.0,31360354.0,85,3
Road,tier2,basic,10269.0,1,23,10269.0,1198448.0,3106529.0,4304977.0,38,6
Office,tier3,basic,4441.0,3,50,13323.0,7938422.0,11702899.0,19641321.0,62,4
School,tier3,premium,4486.0,1,7,4486.0,5945927.0,6415862.0,12361789.0,129,2
School,tier2,basic,3204.0,2,15,6408.0,4662223.0,5892654.0,10554877.0,67,2
School,tier3,standard,1235.0,3,13,3705.0,3369448.0,4079046.0,7448494.0,80,2
Office,tier2,basic,529.0,1,3,529.0,358276.0,473720.0,831996.0,51,1
Home,tier1,standard,2042.0,2,15,4084.0,4217170.0,5897130.0,10114300.0,58,2
Office,tier3,standard,1817.0,2,12,3634.0,3017664.0,4945483.0,7963146.0,80,2
Home,tier2,standard,5517.0,4,53,22068.0,16574163.0,26098753.0,42672916.0,71,3
Home,tier3,basic,5096.0,4,50,20384.0,9755706.0,17308522.0,27064228.0,62,4
Apartment,tier1,basic,2217.0,2,21,4434.0,2793927.0,4868843.0,7662770.0,50,2
Home,tier1,basic,2523.0,3,29,7569.0,6420758.0,8734802.0,15155560.0,52,2
School,tier1,basic,4562.0,1,17,4562.0,2794196.0,4375554.0,7169750.0,54,2
Apartment,tier2,standard,4198.0,4,57,16792.0,14955713.0,19438449.0,34394162.0,73,5
Road,tier3,basic,100992.0,1,230,100992.0,8233022.0,25941136.0,34174159.0,42,29
Bridge,tier2,basic,5973.6,1,16,5973.6,15193195.0,24722709.0,39915904.0,170,5
Hospital,tier1,basic,4274.0,4,9,17096.0,22195919.0,18768755.0,40964674.0,430,5
Office,tier2,premium,4743.0,1,12,4743.0,5069621.0,8334310.0,13403931.0,77,2
Road,tier2,standard,79720.0,1,208,79720.0,10479240.0,25364260.0,35843500.0,35,39
Apartment,tier2,standard,2541.0,4,40,10164.0,8260761.0,16545454.0,24806215.0,66,3
Hospital,tier2,standard,1807.0,1,5,1807.0,2257116.0,3228120.0,5485236.0,142,1
Apartment,tier1,standard,5495.0,3,70,16485.0,19229323.0,26615059.0,45844382.0,55,5
Other,tier2,basic,1304.0,3,12,3912.0,1595893.0,3110671.0,4706565.0,59,2
Road,tier2,standard,10340.0,1,36,10340.0,1773276.0,3216605.0,4989881.0,37,5
Hospital,tier1,standard,1162.0,3,11,3486.0,6536351.0,8614950.0,15151300.0,119,2
School,tier2,standard,5081.0,3,63,15243.0,12961120.0,22742847.0,35703967.0,66,3
Hospital,tier2,basic,5535.0,2,52,11070.0,11263419.0,11693841.0,22957259.0,107,4
Hospital,tier2,premium,2778.0,2,12,5556.0,9246368.0,16050006.0,25296373.0,203,3
Hospital,tier1,standard,957.0,4,21,3828.0,5755153.0,7221061.0,12976214.0,91,2
Apartment,tier1,basic,1711.0,1,4,1711.0,1022774.0,1778649.0,2801423.0,75,2
Road,tier3,premium,15856.0,1,49,15856.0,1784917.0,5875017.0,7659933.0,41,7
School,tier1,basic,2323.0,1,6,2323.0,1745407.0,2582671.0,4328078.0,68,1
Office,tier3,basic,4600.0,3,70,13800.0,9565903.0,11551104.0,21117007.0,59,4
School,tier2,basic,4877.0,2,20,9754.0,7548377.0,6209440.0,13757817.0,91,3
Apartment,tier2,premium,2845.0,1,12,2845.0,3270315.0,4534010.0,7804326.0,72,2
Apartment,tier3,basic,3843.0,1,3,3843.0,1781161.0,2505700.0,4286861.0,206,1
Road,tier2,standard,34008.0,1,146,34008.0,4908407.0,10529943.0,15438350.0,33,14
Bridge,tier1,standard,7236.0,1,23,7236.0,27504064.0,45780969.0,73285033.0,214,5
Office,tier1,standard,2281.0,4,26,9124.0,15355180.0,14524163.0,29879343.0,81,2
Home,tier2,standard,1094.0,1,3,1094.0,824920.0,1017779.0,1842699.0,75,1
Office,tier2,basic,483.0,4,6,1932.0,1245984.0,2048981.0,3294965.0,57,1
Apartment,tier3,standard,4248.0,4,50,16992.0,9770029.0,19108491.0,28878520.0,83,4
Office,tier2,standard,531.0,4,3,2124.0,2192134.0,2915985.0,5108119.0,144,2
Other,tier2,standard,1741.0,1,4,1741.0,1381958.0,2329274.0,3711232.0,72,2
Office,tier1,basic,4439.0,1,19,4439.0,5648533.0,5568303.0,11216836.0,53,2
Hospital,tier1,standard,1568.0,4,18,6272.0,10472466.0,13372203.0,23844669.0,125,3
School,tier3,standard,1674.0,3,12,5022.0,3562741.0,5998785.0,9561526.0,87,2
Hospital,tier1,standard,4597.0,3,47,13791.0,24419668.0,32453117.0,56872785.0,132,4
School,tier3,standard,524.0,4,8,2096.0,1874378.0,2577185.0,4451562.0,68,1
Hospital,tier1,basic,2206.0,1,9,2206.0,3416059.0,2772277.0,6188336.0,113,1
Apartment,tier2,basic,3401.0,2,25,6802.0,3406911.0,7785960.0,11192871.0,66,2
School,tier1,basic,782.0,1,4,782.0,525263.0,1008971.0,1534234.0,61,2
Home,tier3,standard,4052.0,4,55,16208.0,9603243.0,16214424.0,25817668.0,57,3
Office,tier1,basic,2779.0,1,8,2779.0,2115300.0,3985501.0,6100801.0,68,1
Hospital,tier2,basic,2139.0,1,9,2139.0,2059421.0,2517915.0,4577336.0,87,1
Road,tier3,basic,66822.0,1,168,66822.0,5299796.0,15937897.0,21237693.0,28,25
Bridge,tier2,basic,40691.2,1,116,40691.2,75589575.0,163291595.0,238881171.0,182,18
School,tier1,standard,3768.0,1,6,3768.0,3694980.0,5049770.0,8744750.0,85,2
Road,tier3,standard,16044.0,1,87,16044.0,1981325.0,4347331.0,6328656.0,27,8
Apartment,tier2,standard,727.0,4,17,2908.0,2228490.0,4230938.0,6459429.0,58,2
Hospital,tier1,standard,4799.0,4,60,19196.0,32973237.0,54990095.0,87963332.0,124,6
Hospital,tier2,standard,2939.0,2,25,5878.0,7386470.0,11064834.0,18451304.0,77,3
Hospital,tier3,standard,784.0,2,7,1568.0,1663538.0,2148719.0,3812257.0,100,1
Apartment,tier2,premium,2413.0,3,26,7239.0,7146219.0,12196782.0,19343002.0,84,3
School,tier3,premium,4572.0,4,87,18288.0,22917789.0,33370805.0,56288594.0,76,4
Other,tier2,premium,2914.0,3,16,8742.0,11750970.0,12162294.0,23913263.0,111,3
Home,tier2,premium,2569.0,2,16,5138.0,3844498.0,5665544.0,9510042.0,70,2
School,tier2,premium,633.0,3,3,1899.0,2802240.0,3735320.0,6537560.0,140,1
Hospital,tier2,standard,761.0,1,3,761.0,1106982.0,1114565.0,2221547.0,131,1
Road,tier2,standard,16263.0,1,23,16263.0,1467152.0,4701810.0,6168962.0,62,8
Office,tier1,standard,1919.0,3,7,5757.0,6709393.0,10550586.0,17259979.0,119,2
School,tier2,basic,4003.0,2,22,8006.0,6610425.0,5988525.0,12598950.0,70,3
Road,tier3,standard,56610.0,1,213,56610.0,5460013.0,14716976.0,20176989.0,30,23
Apartment,tier1,premium,1105.0,2,6,2210.0,3132765.0,6390971.0,9523736.0,84,2
Road,tier1,standard,12880.0,1,35,12880.0,2463103.0,5643702.0,8106805.0,37,7
Home,tier1,basic,5771.0,4,57,23084.0,18159779.0,23019730.0,41179510.0,80,3
School,tier1,standard,5207.0,2,36,10414.0,11776082.0,13196302.0,24972385.0,64,3
Road,tier3,basic,92001.0,1,242,92001.0,7660648.0,20094543.0,27755191.0,35,34
Home,tier2,standard,3088.0,3,20,9264.0,7572193.0,10076783.0,17648976.0,99,1
School,tier2,standard,2418.0,4,43,9672.0,10875921.0,11838011.0,22713931.0,67,3
Bridge,tier3,standard,26654.4,1,62,26654.4,57051180.0,142990973.0,200042152.0,241,23
Home,tier2,standard,4213.0,4,31,16852.0,12656305.0,19642885.0,32299190.0,92,2
School,tier3,basic,2864.0,1,12,2864.0,1643697.0,2083798.0,3727494.0,61,2
School,tier3,standard,3957.0,2,11,7914.0,4725796.0,8659831.0,13385627.0,119,3
Apartment,tier2,basic,2086.0,2,20,4172.0,2255564.0,3856615.0,6112179.0,57,2
Road,tier2,standard,53196.0,1,114,53196.0,8329887.0,20857687.0,29187574.0,48,20
Office,tier2,standard,4264.0,3,44,12792.0,10757905.0,16736232.0,27494137.0,57,4
Other,tier3,basic,2573.0,2,11,5146.0,2400214.0,3299041.0,5699256.0,66,2
School,tier1,premium,3361.0,1,11,3361.0,4789224.0,6464070.0,11253294.0,68,2
Home,tier2,standard,5891.0,3,48,17673.0,14236882.0,23563159.0,37800041.0,60,2
Apartment,tier2,basic,1975.0,2,9,3950.0,1514155.0,3327311.0,4841466.0,87,2
Home,tier2,standard,1114.0,4,7,4456.0,3429267.0,4697626.0,8126893.0,95,2
Apartment,tier3,basic,4387.0,3,36,13161.0,6485378.0,11789295.0,18274674.0,72,2
Hospital,tier2,basic,3620.0,2,28,7240.0,7889179.0,7610307.0,15499486.0,75,4
Other,tier1,premium,2629.0,1,11,2629.0,3347909.0,5467823.0,8815732.0,49,2
Other,tier2,standard,3755.0,3,28,11265.0,6588275.0,13506993.0,20095268.0,62,3
Office,tier3,standard,5569.0,4,56,22276.0,16355201.0,24629349.0,40984550.0,68,6
Apartment,tier2,standard,1338.0,4,17,5352.0,4474003.0,6625077.0,11099080.0,76,2
Office,tier3,premium,4828.0,2,32,9656.0,9489236.0,13036473.0,22525709.0,81,3
School,tier3,premium,3397.0,1,11,3397.0,3077788.0,4604362.0,7682150.0,90,2
School,tier3,basic,4910.0,1,14,4910.0,2852802.0,3978728.0,6831530.0,81,2
Home,tier2,basic,5537.0,3,48,16611.0,9727729.0,13645957.0,23373686.0,65,3
Home,tier2,standard,1295.0,2,8,2590.0,1798494.0,3012088.0,4810583.0,63,1
Home,tier3,basic,1047.0,4,3,4188.0,2339384.0,3037123.0,5376506.0,172,1
Home,tier3,standard,421.0,3,4,1263.0,637020.0,1106340.0,1743360.0,61,1
Office,tier1,basic,1462.0,1,6,1462.0,1002479.0,1427181.0,2429660.0,52,1
Apartment,tier1,standard,2340.0,3,35,7020.0,6549599.0,11970716.0,18520315.0,60,2
Bridge,tier2,basic,24728.0,1,116,24728.0,50645790.0,109418019.0,160063809.0,143,12
Apartment,tier3,standard,5011.0,4,69,20044.0,16011461.0,18971068.0,34982529.0,63,4
Apartment,tier3,standard,4605.0,1,9,4605.0,3022343.0,4872326.0,7894669.0,85,2
Hospital,tier2,basic,2369.0,2,13,4738.0,4771957.0,4563583.0,9335540.0,92,2
Road,tier1,premium,20142.0,1,49,20142.0,5773046.0,10757331.0,16530377.0,48,8
Apartment,tier2,standard,2151.0,3,11,6453.0,4928168.0,7728188.0,12656356.0,106,2
Hospital,tier3,standard,3219.0,2,14,6438.0,7175248.0,9217265.0,16392513.0,141,3
Hospital,tier2,premium,2028.0,3,15,6084.0,13040540.0,12439526.0,25480066.0,143,3
Apartment,tier1,basic,4835.0,3,25,14505.0,9559461.0,16336628.0,25896089.0,95,3
School,tier2,basic,1676.0,4,30,6704.0,5911818.0,7081928.0,12993746.0,52,2
Bridge,tier3,basic,55007.2,1,222,55007.2,110041874.0,206822462.0,316864336.0,162,38
Apartment,tier2,basic,5621.0,3,55,16863.0,7638402.0,19756935.0,27395338.0,72,4
Road,tier1,premium,38962.0,1,147,38962.0,8126325.0,19637561.0,27763886.0,35,17
Apartment,tier2,premium,3596.0,4,53,14384.0,16233436.0,21914834.0,38148270.0,87,4
Home,tier3,standard,4947.0,1,12,4947.0,3210630.0,4801593.0,8012223.0,66,2
Home,tier2,standard,5125.0,3,84,15375.0,11779299.0,17119507.0,28898806.0,35,2
Bridge,tier2,premium,18541.6,1,45,18541.6,84632492.0,147987645.0,232620137.0,297,8
Home,tier1,basic,3466.0,2,10,6932.0,4367566.0,6588898.0,10956465.0,74,2
Other,tier2,basic,1217.0,2,9,2434.0,1436021.0,2088879.0,3524901.0,46,1
Home,tier3,premium,1808.0,2,14,3616.0,3976429.0,4869784.0,8846213.0,65,2
Hospital,tier3,standard,1836.0,3,16,5508.0,5811327.0,8123885.0,13935212.0,145,3
Office,tier2,basic,1999.0,3,29,5997.0,3597904.0,6756983.0,10354888.0,53,2
Other,tier3,standard,2636.0,1,9,2636.0,1532112.0,2160747.0,3692859.0,53,1
Road,tier2,basic,17756.0,1,42,17756.0,1583876.0,4371149.0,5955025.0,47,8
Home,tier3,standard,5435.0,4,57,21740.0,16790506.0,18057414.0,34847920.0,74,3
Home,tier1,standard,3656.0,3,38,10968.0,11390429.0,17033508.0,28423938.0,62,2
School,tier2,basic,3079.0,3,32,9237.0,4885336.0,9355038.0,14240374.0,69,3
Other,tier3,standard,4336.0,2,41,8672.0,4800222.0,8243855.0,13044077.0,49,2
Other,tier3,standard,3840.0,4,66,15360.0,9244269.0,14227965.0,23472234.0,50,3
Office,tier3,standard,2900.0,4,17,11600.0,10056355.0,14973767.0,25030122.0,119,3
Road,tier2,standard,25992.0,1,82,25992.0,3405699.0,8259318.0,11665018.0,29,7
Home,tier3,standard,3434.0,2,13,6868.0,4804166.0,7732492.0,12536657.0,75,1
Bridge,tier2,basic,8702.4,1,44,8702.4,17102549.0,38270165.0,55372714.0,156,7
School,tier1,basic,3820.0,2,17,7640.0,6151181.0,7826698.0,13977879.0,93,3
Office,tier2,standard,5654.0,2,40,11308.0,10914379.0,18587525.0,29501904.0,69,3
School,tier2,standard,4866.0,4,49,19464.0,17382446.0,21045229.0,38427676.0,75,5
Apartment,tier2,basic,5094.0,1,5,5094.0,2874546.0,4357279.0,7231825.0,157,2
Home,tier3,premium,2985.0,3,17,8955.0,10403889.0,13003988.0,23407877.0,106,2
Office,tier2,premium,3141.0,3,29,9423.0,10218704.0,15744181.0,25962885.0,68,2
Office,tier1,basic,3342.0,2,27,6684.0,5541888.0,8429460.0,13971348.0,67,3
Home,tier1,basic,1522.0,1,6,1522.0,834771.0,1338326.0,2173096.0,51,1
Home,tier3,standard,5892.0,4,42,23568.0,15502896.0,24488307.0,39991203.0,81,4
School,tier1,basic,624.0,4,9,2496.0,2434142.0,3790111.0,6224253.0,64,1
Home,tier3,premium,5944.0,4,106,23776.0,14114793.0,30466992.0,44581785.0,53,3
Hospital,tier1,standard,5861.0,2,46,11722.0,17728462.0,24413742.0,42142203.0,125,5
Apartment,tier2,basic,5664.0,4,66,22656.0,15627533.0,18424650.0,34052184.0,68,5
Apartment,tier3,standard,431.0,4,6,1724.0,1078785.0,1687917.0,2766702.0,63,2
Hospital,tier2,basic,5743.0,1,20,5743.0,4611193.0,5603905.0,10215098.0,108,2
Home,tier3,standard,1730.0,2,17,3460.0,2817953.0,3263283.0,6081237.0,41,2
Home,tier1,basic,1860.0,2,20,3720.0,2430289.0,4195406.0,6625695.0,44,1
Office,tier2,premium,4229.0,3,52,12687.0,11053321.0,22598982.0,33652303.0,70,4
Other,tier2,standard,2627.0,1,9,2627.0,1758406.0,2287029.0,4045435.0,50,1
Other,tier3,premium,5652.0,3,56,16956.0,12555780.0,23371906.0,35927686.0,62,3
Road,tier1,basic,57015.0,1,195,57015.0,5126687.0,16498635.0,21625322.0,30,26
Office,tier2,standard,1055.0,3,11,3165.0,2790946.0,4383161.0,7174106.0,66,2
Bridge,tier2,premium,13498.0,1,37,13498.0,57222812.0,123419246.0,180642058.0,202,9
Office,tier3,standard,4733.0,3,80,14199.0,11958319.0,15814256.0,27772575.0,47,3
Other,tier3,standard,3623.0,4,35,14492.0,9845777.0,17969904.0,27815681.0,74,2
Office,tier3,premium,2257.0,3,33,6771.0,5934773.0,11052841.0,16987614.0,72,3
Road,tier2,standard,26064.0,1,20,26064.0,3109858.0,8809128.0,11918986.0,96,14
Road,tier2,premium,79200.0,1,239,79200.0,13982951.0,38234903.0,52217854.0,43,38
Home,tier3,standard,1893.0,3,17,5679.0,4356899.0,5734746.0,10091645.0,76,2
Road,tier3,standard,117828.0,1,300,117828.0,12508324.0,39147788.0,51656112.0,42,43
Apartment,tier3,standard,3514.0,2,20,7028.0,3953329.0,6465852.0,10419181.0,64,3
Home,tier3,standard,5242.0,2,52,10484.0,7704194.0,11296999.0,19001194.0,48,2
School,tier3,basic,2126.0,2,13,4252.0,1949986.0,3151573.0,5101560.0,71,2
Road,tier1,premium,89430.0,1,191,89430.0,24620577.0,59827177.0,84447754.0,52,40
Home,tier1,standard,2900.0,3,19,8700.0,9680926.0,12926485.0,22607411.0,68,2
Home,tier3,standard,5751.0,3,48,17253.0,10469749.0,18899258.0,29369007.0,70,3
Office,tier2,premium,3800.0,2,32,7600.0,10663622.0,12499411.0,23163033.0,51,2
Home,tier1,standard,3213.0,3,42,9639.0,8339085.0,14145242.0,22484327.0,47,2
Road,tier2,basic,58860.0,1,114,58860.0,7312309.0,14897071.0,22209380.0,43,16
Apartment,tier2,standard,5371.0,4,52,21484.0,21480633.0,25999115.0,47479748.0,83,5
Hospital,tier3,standard,656.0,4,5,2624.0,3131482.0,4259028.0,7390510.0,163,2
Apartment,tier3,basic,3426.0,4,41,13704.0,7209801.0,12434213.0,19644014.0,62,3
Road,tier1,basic,43036.0,1,192,43036.0,6114634.0,13914728.0,20029362.0,29,19
Hospital,tier2,standard,3271.0,4,46,13084.0,22927450.0,23275950.0,46203400.0,151,6
Hospital,tier1,standard,5906.0,3,70,17718.0,27222795.0,35148461.0,62371256.0,100,6
Office,tier3,premium,929.0,3,12,2787.0,3245600.0,4505568.0,7751168.0,71,2
Office,tier1,standard,693.0,2,4,1386.0,1309660.0,2245720.0,3555380.0,77,1
Bridge,tier2,standard,65313.6,1,120,65313.6,272863588.0,458599714.0,731463302.0,277,39
Apartment,tier2,basic,4310.0,2,23,8620.0,5433098.0,8252017.0,13685115.0,72,4
Road,tier2,premium,2970.0,1,13,2970.0,536466.0,1740129.0,2276595.0,34,2
Office,tier2,premium,1645.0,4,27,6580.0,10201981.0,12926140.0,23128121.0,72,2
Other,tier2,premium,3760.0,1,13,3760.0,4223031.0,4993049.0,9216079.0,70,2
Home,tier2,standard,1839.0,1,8,1839.0,1834544.0,2359729.0,4194272.0,52,1
Other,tier1,basic,4043.0,4,57,16172.0,12467851.0,19474351.0,31942201.0,57,4
Apartment,tier2,standard,2667.0,3,24,8001.0,4779147.0,10965158.0,15744305.0,72,2
Apartment,tier2,standard,4738.0,4,28,18952.0,14473105.0,24234244.0,38707349.0,129,5
Apartment,tier2,basic,4086.0,2,39,8172.0,5111325.0,7208912.0,12320238.0,55,3
Office,tier3,basic,3621.0,1,12,3621.0,1986220.0,2599222.0,4585442.0,70,1
School,tier2,basic,946.0,2,5,1892.0,1144246.0,1690975.0,2835221.0,63,2
Apartment,tier3,standard,3871.0,4,50,15484.0,10529111.0,12903900.0,23433011.0,82,5
Hospital,tier1,premium,4310.0,3,66,12930.0,28046178.0,25348103.0,53394282.0,112,5
Office,tier3,standard,3316.0,4,60,13264.0,12287712.0,19046607.0,31334318.0,67,4
Home,tier1,standard,3720.0,1,11,3720.0,2897286.0,5048942.0,7946228.0,63,1
Office,tier2,basic,3838.0,2,30,7676.0,4411416.0,7721032.0,12132448.0,58,2
Road,tier2,standard,153265.0,1,300,153265.0,19715066.0,54360017.0,74075083.0,46,69
School,tier2,standard,2887.0,1,11,2887.0,2298172.0,3877695.0,6175867.0,65,2
Apartment,tier1,basic,1106.0,2,8,2212.0,1703082.0,2691361.0,4394444.0,51,1
Apartment,tier3,standard,4747.0,4,17,18988.0,14767695.0,22605034.0,37372729.0,186,3
Hospital,tier2,basic,1215.0,1,6,1215.0,1219739.0,1478442.0,2698181.0,89,1
Office,tier3,premium,4938.0,1,11,4938.0,4828371.0,7609916.0,12438287.0,106,2
Road,tier2,premium,6405.0,1,7,6405.0,753244.0,4268383.0,5021627.0,85,4
Office,tier2,basic,3295.0,1,4,3295.0,2078918.0,3018040.0,5096958.0,128,1
Office,tier3,standard,3227.0,1,8,3227.0,2496236.0,3858199.0,6354436.0,83,2
Home,tier1,standard,1221.0,3,14,3663.0,2465814.0,4994933.0,7460747.0,43,1
Office,tier2,basic,4049.0,3,57,12147.0,8740903.0,14393855.0,23134758.0,54,3
Office,tier2,standard,2491.0,4,37,9964.0,9838989.0,11221096.0,21060085.0,71,3
School,tier2,standard,4787.0,1,26,4787.0,2875145.0,5310600.0,8185746.0,63,2
Home,tier1,standard,5103.0,4,58,20412.0,17090163.0,27066471.0,44156634.0,58,4
Office,tier2,basic,5537.0,3,51,16611.0,14666885.0,13894678.0,28561563.0,57,5
Home,tier2,standard,5533.0,3,19,16599.0,16350467.0,22927259.0,39277726.0,143,3
School,tier2,basic,4666.0,1,12,4666.0,3079669.0,3782098.0,6861768.0,79,2
School,tier1,basic,1895.0,4,7,7580.0,6816708.0,8711722.0,15528430.0,135,3
Office,tier2,basic,1933.0,1,3,1933.0,1315985.0,1962434.0,3278419.0,94,2
Home,tier3,basic,5670.0,3,69,17010.0,7304182.0,12378546.0,19682728.0,46,3
Other,tier1,basic,5796.0,1,8,5796.0,3178449.0,5920713.0,9099162.0,105,2
School,tier2,standard,1949.0,3,9,5847.0,4442380.0,7634091.0,12076471.0,112,3
Hospital,tier3,standard,4029.0,2,10,8058.0,9166455.0,14587706.0,23754161.0,188,3
Bridge,tier3,basic,28566.0,1,121,28566.0,59119640.0,106017259.0,165136900.0,127,16
Apartment,tier1,basic,5146.0,1,27,5146.0,4567425.0,5285119.0,9852545.0,49,2
Apartment,tier2,premium,5638.0,2,37,11276.0,14337551.0,15525177.0,29862727.0,77,3
Road,tier1,premium,43555.0,1,193,43555.0,8361900.0,25215111.0,33577011.0,30,13
Hospital,tier3,basic,3227.0,2,13,6454.0,5752374.0,6962828.0,12715202.0,165,3
Office,tier2,standard,3751.0,2,36,7502.0,5685867.0,11031991.0,16717858.0,49,3
School,tier2,basic,5723.0,1,14,5723.0,3801275.0,5667499.0,9468773.0,73,2
Road,tier1,premium,3936.0,1,16,3936.0,1092768.0,2027894.0,3120662.0,43,3
Home,tier2,standard,3475.0,2,23,6950.0,5441397.0,7386769.0,12828166.0,53,2
Other,tier1,basic,5174.0,2,11,10348.0,5693507.0,9176784.0,14870291.0,120,2
Apartment,tier3,standard,2521.0,1,6,2521.0,1643012.0,2227099.0,3870111.0,103,1
Office,tier2,standard,3781.0,1,13,3781.0,2308040.0,4484426.0,6792466.0,68,2
Other,tier2,basic,4936.0,1,6,4936.0,2553520.0,3560919.0,6114438.0,112,2
Office,tier3,basic,5368.0,3,59,16104.0,10769976.0,15315380.0,26085356.0,57,5
Road,tier1,standard,173090.0,1,291,173090.0,32676386.0,62265298.0,94941684.0,50,94
Apartment,tier1,basic,808.0,4,13,3232.0,1733489.0,4074080.0,5807569.0,50,2
Office,tier2,basic,1613.0,1,3,1613.0,1018755.0,1479301.0,2498056.0,89,1
Road,tier3,premium,4060.0,1,16,4060.0,632746.0,1724931.0,2357677.0,38,3
Hospital,tier1,standard,1594.0,1,7,1594.0,2889624.0,3118999.0,6008623.0,126,1
Home,tier3,standard,5712.0,4,72,22848.0,13974670.0,19635473.0,33610143.0,56,3
Road,tier2,standard,55233.0,1,179,55233.0,5320178.0,14553626.0,19873804.0,40,21
Office,tier2,standard,943.0,1,5,943.0,762580.0,1230298.0,1992878.0,60,1
Hospital,tier2,standard,4369.0,4,42,17476.0,26988751.0,36223562.0,63212312.0,133,7
Home,tier1,standard,5659.0,4,61,22636.0,19843061.0,35344568.0,55187629.0,67,3
Office,tier1,basic,5089.0,3,62,15267.0,12446680.0,20987748.0,33434429.0,58,3
Hospital,tier3,basic,5190.0,4,79,20760.0,17393549.0,23228277.0,40621826.0,90,6
Home,tier2,basic,5439.0,1,17,5439.0,3363657.0,4526413.0,7890071.0,53,2
Road,tier2,standard,135912.0,1,260,135912.0,18300387.0,45016894.0,63317280.0,46,65
Hospital,tier3,standard,5300.0,3,71,15900.0,20060166.0,20132417.0,40192582.0,102,3
Apartment,tier1,standard,4864.0,3,28,14592.0,17262282.0,25894250.0,43156532.0,103,4
Home,tier2,standard,4219.0,3,76,12657.0,10402628.0,16763699.0,27166327.0,41,2
Apartment,tier2,premium,1516.0,4,12,6064.0,6254028.0,10929452.0,17183480.0,113,2
Hospital,tier1,basic,5523.0,1,11,5523.0,5731073.0,7801765.0,13532838.0,130,3
Office,tier3,standard,902.0,4,13,3608.0,2283091.0,4409243.0,6692334.0,55,2
Apartment,tier3,standard,1943.0,1,8,1943.0,1204728.0,1580559.0,2785287.0,71,1
Hospital,tier2,standard,4444.0,2,20,8888.0,12767903.0,11566883.0,24334786.0,149,4
School,tier3,standard,4461.0,2,47,8922.0,6676289.0,8831244.0,15507533.0,65,2
School,tier1,basic,5345.0,4,79,21380.0,14754864.0,26115823.0,40870687.0,63,5
Hospital,tier3,premium,829.0,2,5,1658.0,2442168.0,3782731.0,6224899.0,143,2
Other,tier3,standard,4810.0,4,73,19240.0,10028663.0,15550967.0,25579630.0,51,4
School,tier1,premium,1101.0,1,5,1101.0,1518645.0,2001563.0,3520207.0,67,1
Apartment,tier2,standard,3809.0,4,79,15236.0,12599899.0,21496483.0,34096383.0,59,4
Hospital,tier3,premium,1666.0,1,6,1666.0,2772393.0,4069883.0,6842276.0,125,2
Apartment,tier2,basic,3583.0,3,20,10749.0,6909301.0,9894683.0,16803984.0,104,3
Other,tier2,standard,974.0,2,4,1948.0,1328381.0,1813198.0,3141578.0,92,1
Home,tier2,basic,590.0,1,3,590.0,280430.0,427410.0,707841.0,46,1
Home,tier1,basic,5807.0,3,45,17421.0,10754567.0,19520851.0,30275419.0,71,3
School,tier1,basic,3262.0,4,44,13048.0,11774625.0,18683236.0,30457861.0,59,4
Road,tier1,standard,17485.0,1,63,17485.0,3957809.0,7072666.0,11030475.0,38,9
School,tier2,standard,2599.0,3,36,7797.0,5651110.0,8970407.0,14621517.0,63,3
Apartment,tier2,standard,5477.0,4,20,21908.0,18139179.0,29523308.0,47662487.0,188,5
Apartment,tier2,basic,4785.0,2,32,9570.0,5722102.0,10417489.0,16139591.0,62,4
Road,tier1,basic,76510.0,1,296,76510.0,11110598.0,27384432.0,38495029.0,29,40
Hospital,tier1,standard,1088.0,3,3,3264.0,5955912.0,7894192.0,13850104.0,216,2
Home,tier2,standard,4318.0,4,67,17272.0,14772207.0,22331054.0,37103261.0,55,3
Bridge,tier1,basic,11232.0,1,73,11232.0,30715051.0,51903378.0,82618429.0,131,8
Home,tier2,standard,2201.0,2,19,4402.0,3244275.0,4294529.0,7538805.0,46,1
Bridge,tier2,basic,35481.6,1,131,35481.6,100560444.0,180602705.0,281163148.0,189,21
Bridge,tier2,standard,27679.2,1,83,27679.2,96684679.0,143955806.0,240640484.0,201,17
Hospital,tier2,standard,1642.0,4,24,6568.0,7701923.0,8765457.0,16467380.0,104,3
School,tier3,standard,595.0,3,9,1785.0,1490696.0,1953103.0,3443799.0,60,1
Road,tier1,standard,16798.0,1,49,16798.0,2659545.0,8489692.0,11149237.0,44,8
Home,tier3,premium,4305.0,3,61,12915.0,11357502.0,19053571.0,30411073.0,52,2
Home,tier1,basic,4083.0,2,32,8166.0,4807172.0,10239351.0,15046523.0,51,2
Other,tier1,basic,5722.0,3,90,17166.0,12541405.0,14307607.0,26849012.0,37,4
Apartment,tier2,premium,1564.0,4,29,6256.0,7087500.0,11073214.0,18160713.0,72,3
Office,tier1,premium,4813.0,3,51,14439.0,16891936.0,31276320.0,48168256.0,79,4
Office,tier2,standard,4733.0,4,66,18932.0,15255641.0,23959790.0,39215431.0,68,4
Road,tier3,basic,103155.0,1,300,103155.0,10422973.0,25677489.0,36100463.0,33,39
Hospital,tier3,basic,5453.0,2,49,10906.0,6563782.0,6905959.0,13469741.0,95,5
Road,tier2,premium,132858.0,1,300,132858.0,22419940.0,66467429.0,88887369.0,42,59
Home,tier3,standard,2133.0,4,30,8532.0,5360031.0,8294672.0,13654704.0,47,2
Road,tier2,basic,19988.0,1,62,19988.0,2237649.0,5385801.0,7623449.0,28,11
Office,tier1,basic,2359.0,4,17,9436.0,5807956.0,10340492.0,16148448.0,79,3
Office,tier3,standard,1162.0,4,17,4648.0,2628980.0,5838931.0,8467911.0,65,2
Home,tier1,standard,2244.0,3,10,6732.0,6643519.0,8610076.0,15253595.0,99,2
School,tier1,premium,2507.0,3,21,7521.0,12040669.0,18313605.0,30354274.0,81,3
Bridge,tier1,standard,4070.4,1,17,4070.4,15758198.0,29989591.0,45747790.0,190,3
Office,tier2,basic,447.0,1,3,447.0,219713.0,367724.0,587437.0,46,1
School,tier2,basic,4604.0,4,65,18416.0,10828267.0,18662173.0,29490441.0,71,4
Road,tier2,standard,105456.0,1,245,105456.0,10415744.0,36267864.0,46683608.0,37,44
Apartment,tier2,basic,1144.0,3,16,3432.0,2189853.0,3285639.0,5475491.0,58,2
Other,tier3,basic,5736.0,4,53,22944.0,12497998.0,14302117.0,26800115.0,72,4
Home,tier3,basic,4452.0,1,19,4452.0,2423259.0,3578701.0,6001960.0,47,2
Apartment,tier1,basic,4324.0,3,63,12972.0,8852137.0,14230186.0,23082323.0,53,4
Hospital,tier1,premium,4694.0,1,7,4694.0,12585179.0,9884086.0,22469265.0,221,3
Hospital,tier2,basic,4937.0,3,42,14811.0,12902379.0,18607178.0,31509556.0,124,6
Road,tier1,standard,136948.0,1,300,136948.0,24255609.0,56327260.0,80582869.0,46,38
Road,tier2,standard,97058.0,1,300,97058.0,14247011.0,36262536.0,50509546.0,41,42
Home,tier2,basic,3818.0,2,17,7636.0,4311871.0,5885725.0,10197596.0,61,2
Other,tier3,standard,1473.0,3,9,4419.0,2679366.0,3882874.0,6562240.0,89,2
School,tier1,premium,742.0,2,5,1484.0,2127573.0,3638997.0,5766570.0,84,1
Road,tier2,standard,25810.0,1,69,25810.0,3102756.0,8113628.0,11216384.0,41,8
Bridge,tier2,standard,20552.0,1,65,20552.0,52135458.0,144498700.0,196634157.0,192,15
Home,tier3,premium,2075.0,2,18,4150.0,3436832.0,5732046.0,9168878.0,62,1
Home,tier2,premium,978.0,2,3,1956.0,1787865.0,3018947.0,4806812.0,111,1
School,tier3,premium,2973.0,2,19,5946.0,5300690.0,7079225.0,12379915.0,74,2
Bridge,tier3,standard,26093.6,1,69,26093.6,62592320.0,115024521.0,177616841.0,216,16
Apartment,tier1,standard,5443.0,4,73,21772.0,18952839.0,37004472.0,55957311.0,68,6
School,tier2,standard,3152.0,3,25,9456.0,7468453.0,12580439.0,20048892.0,85,3
School,tier2,basic,2488.0,2,10,4976.0,3072405.0,4433292.0,7505697.0,105,2
Apartment,tier1,standard,4848.0,1,18,4848.0,3509341.0,6300748.0,9810088.0,69,2
Home,tier2,premium,2020.0,4,53,8080.0,9251556.0,13557969.0,22809525.0,45,2
Hospital,tier2,basic,462.0,1,3,462.0,361574.0,457950.0,819524.0,100,1
Hospital,tier3,premium,577.0,2,3,1154.0,1606728.0,1991678.0,3598406.0,162,1
Office,tier1,premium,5129.0,3,38,15387.0,27676834.0,41789618.0,69466452.0,108,5
Home,tier2,basic,4328.0,1,19,4328.0,2074561.0,3689274.0,5763835.0,43,1
Office,tier1,basic,1408.0,2,7,2816.0,2404047.0,3576128.0,5980175.0,75,2
Home,tier2,premium,1605.0,4,31,6420.0,8974439.0,12133793.0,21108232.0,49,1
Bridge,tier2,basic,18726.4,1,27,18726.4,45195448.0,80077531.0,125272979.0,299,13
Home,tier2,standard,3980.0,1,14,3980.0,3221370.0,4607915.0,7829285.0,58,1
School,tier2,basic,3099.0,1,13,3099.0,1936801.0,2876785.0,4813586.0,65,1
Home,tier2,basic,2452.0,3,31,7356.0,4150222.0,5676872.0,9827093.0,47,2
Home,tier2,basic,2536.0,1,11,2536.0,1193824.0,2169217.0,3363041.0,44,1
Office,tier2,basic,4810.0,1,18,4810.0,2867968.0,4113909.0,6981877.0,64,2
Home,tier1,premium,1505.0,2,14,3010.0,3625932.0,7126054.0,10751986.0,61,1
Other,tier3,basic,5383.0,3,35,16149.0,8191595.0,12340817.0,20532412.0,70,4
Office,tier2,basic,1733.0,4,18,6932.0,3930793.0,6444330.0,10375124.0,64,2
Office,tier3,standard,1719.0,1,5,1719.0,1004560.0,1783935.0,2788494.0,68,1
Home,tier1,premium,2512.0,3,38,7536.0,8874396.0,16404740.0,25279135.0,52,2
Road,tier2,standard,10050.0,1,39,10050.0,1125379.0,3289319.0,4414698.0,29,5
School,tier1,standard,428.0,3,5,1284.0,1053417.0,2289348.0,3342765.0,64,1
Apartment,tier3,basic,1255.0,4,16,5020.0,2636402.0,4304019.0,6940421.0,64,2
Road,tier2,premium,101190.0,1,300,101190.0,26974179.0,52277063.0,79251242.0,45,56
School,tier2,standard,1189.0,1,3,1189.0,948057.0,1301786.0,2249843.0,98,1
Road,tier2,premium,51615.0,1,147,51615.0,8394556.0,25425860.0,33820416.0,38,24
Apartment,tier1,standard,2799.0,2,17,5598.0,5147202.0,9079257.0,14226459.0,85,2
School,tier2,premium,3863.0,3,32,11589.0,16426713.0,19227090.0,35653803.0,101,4
Office,tier3,standard,2217.0,3,20,6651.0,4416264.0,6263426.0,10679690.0,76,3
Hospital,tier1,standard,3413.0,2,27,6826.0,10858417.0,11651340.0,22509757.0,108,3
Apartment,tier3,standard,5928.0,4,86,23712.0,16541596.0,24144822.0,40686418.0,75,5
Road,tier3,basic,9324.0,1,44,9324.0,869582.0,2195145.0,3064728.0,27,6
Other,tier3,premium,4902.0,2,9,9804.0,8977744.0,14565288.0,23543031.0,187,3
Apartment,tier3,standard,1933.0,1,10,1933.0,1137032.0,1641945.0,2778977.0,47,1
Home,tier1,premium,5385.0,4,55,21540.0,30363523.0,41016893.0,71380416.0,85,3
Apartment,tier2,standard,3583.0,4,70,14332.0,11451324.0,21120632.0,32571956.0,68,4
School,tier1,premium,1161.0,4,13,4644.0,8027368.0,9644085.0,17671453.0,78,2
Bridge,tier3,basic,20019.2,1,75,20019.2,45755137.0,72763650.0,118518786.0,151,13
Bridge,tier1,premium,26628.0,1,55,26628.0,111214902.0,313163374.0,424378275.0,278,14
Apartment,tier3,basic,2319.0,4,18,9276.0,4975573.0,7430137.0,12405711.0,90,3
School,tier1,standard,3783.0,2,30,7566.0,9213449.0,9474474.0,18687922.0,62,3
Bridge,tier1,basic,17285.6,1,4,17285.6,64553712.0,96994454.0,161548166.0,1481,12
Home,tier1,standard,955.0,3,5,2865.0,2782217.0,3017403.0,5799620.0,110,1
Road,tier2,standard,45792.0,1,194,45792.0,4498631.0,16521090.0,21019722.0,31,17
Apartment,tier1,premium,4844.0,3,41,14532.0,22519343.0,36294541.0,58813883.0,87,4
Hospital,tier1,premium,2013.0,3,14,6039.0,15713116.0,16247490.0,31960605.0,170,3
Home,tier1,standard,5181.0,3,79,15543.0,13906223.0,22926097.0,36832320.0,40,2
Apartment,tier2,premium,4717.0,1,26,4717.0,4417194.0,9762801.0,14179994.0,61,2
Apartment,tier3,standard,5518.0,2,37,11036.0,7431970.0,11779901.0,19211871.0,77,2
Bridge,tier2,standard,39820.0,1,192,39820.0,110143264.0,276758883.0,386902147.0,169,27
Home,tier1,basic,5662.0,3,87,16986.0,14134642.0,20052542.0,34187184.0,43,3
School,tier1,basic,3869.0,2,26,7738.0,5965705.0,6807066.0,12772771.0,63,2
Home,tier1,basic,1003.0,4,11,4012.0,2326079.0,4774233.0,7100312.0,60,1
Office,tier2,standard,1570.0,2,11,3140.0,2670340.0,3556409.0,6226749.0,66,1
School,tier1,standard,5340.0,2,17,10680.0,12561544.0,15818598.0,28380142.0,123,3
Apartment,tier1,standard,2032.0,2,16,4064.0,3713698.0,7259391.0,10973088.0,69,2
Road,tier1,premium,49216.0,1,145,49216.0,8878321.0,22991558.0,31869879.0,50,21
Apartment,tier2,basic,5293.0,3,54,15879.0,7780689.0,12459725.0,20240414.0,68,4
Apartment,tier3,premium,4268.0,2,29,8536.0,6352119.0,9927828.0,16279947.0,75,2
Home,tier1,premium,1163.0,4,11,4652.0,6494085.0,8727210.0,15221295.0,76,1
Office,tier2,standard,1429.0,1,5,1429.0,1174744.0,1816224.0,2990968.0,69,1
Hospital,tier2,standard,4565.0,4,32,18260.0,28066139.0,37127588.0,65193727.0,133,7
Apartment,tier3,basic,2644.0,1,7,2644.0,1072379.0,1684874.0,2757253.0,73,1
Road,tier1,premium,86765.0,1,177,86765.0,23910052.0,69003439.0,92913491.0,53,43
School,tier3,standard,904.0,2,4,1808.0,1339777.0,1980527.0,3320304.0,84,2
School,tier3,premium,2971.0,2,4,5942.0,6422766.0,9455286.0,15878052.0,271,2
Hospital,tier3,basic,423.0,3,4,1269.0,1188195.0,1387199.0,2575394.0,102,2
Hospital,tier3,standard,1193.0,4,19,4772.0,4956609.0,5706020.0,10662629.0,93,3
Home,tier1,standard,5552.0,4,79,22208.0,19816474.0,31631054.0,51447528.0,58,4
Home,tier3,standard,4625.0,3,64,13875.0,9041670.0,11141340.0,20183009.0,45,2
Home,tier3,standard,5845.0,1,13,5845.0,2679900.0,6755889.0,9435789.0,79,2
Apartment,tier1,basic,5503.0,4,61,22012.0,18735783.0,20248231.0,38984014.0,75,4
Apartment,tier1,basic,5548.0,2,49,11096.0,7975318.0,11842335.0,19817653.0,61,3
Apartment,tier3,basic,2680.0,3,26,8040.0,3458715.0,6163945.0,9622661.0,69,3
Home,tier1,basic,1822.0,4,26,7288.0,5708820.0,9687015.0,15395836.0,53,2
School,tier3,basic,4236.0,3,74,12708.0,7309370.0,8798134.0,16107504.0,62,4
Home,tier2,basic,3878.0,1,12,3878.0,1962393.0,2644051.0,4606443.0,56,2
Road,tier2,standard,110280.0,1,300,110280.0,15275698.0,39672072.0,54947770.0,42,45
Office,tier1,standard,3198.0,4,28,12792.0,16581853.0,19915955.0,36497808.0,92,4
Apartment,tier2,standard,1525.0,4,18,6100.0,6196804.0,8278631.0,14475435.0,64,2
Home,tier2,basic,3177.0,3,43,9531.0,5127925.0,8923704.0,14051629.0,43,1
School,tier3,basic,5800.0,2,46,11600.0,6031441.0,9540974.0,15572415.0,70,4
Other,tier1,standard,2798.0,4,56,11192.0,11316726.0,17008181.0,28324907.0,47,3
Hospital,tier1,standard,3297.0,3,37,9891.0,16086937.0,22287702.0,38374639.0,108,4
Home,tier1,basic,5670.0,3,12,17010.0,13013110.0,19825881.0,32838991.0,177,3
Apartment,tier1,standard,5178.0,4,84,20712.0,23696749.0,33965036.0,57661786.0,58,5
School,tier3,premium,4828.0,4,67,19312.0,23480889.0,26870712.0,50351601.0,86,5
Road,tier1,standard,43810.0,1,146,43810.0,5831393.0,17035189.0,22866582.0,33,19
School,tier1,premium,5142.0,3,73,15426.0,26004033.0,32172893.0,58176925.0,69,4
Apartment,tier3,basic,830.0,1,3,830.0,275882.0,517702.0,793584.0,57,1
Road,tier1,basic,99789.0,1,300,99789.0,12024095.0,29123204.0,41147299.0,35,45
Bridge,tier1,basic,13036.0,1,27,13036.0,31159315.0,73391616.0,104550931.0,172,10
Road,tier2,standard,149250.0,1,233,149250.0,25532418.0,54692213.0,80224632.0,55,49
Home,tier2,standard,1075.0,2,6,2150.0,1739891.0,2165048.0,3904939.0,60,1
Apartment,tier3,standard,3748.0,1,11,3748.0,2622584.0,4431989.0,7054573.0,73,2
Home,tier2,premium,5555.0,3,66,16665.0,19981336.0,28291438.0,48272774.0,39,2
Road,tier1,standard,47190.0,1,97,47190.0,6418999.0,16999936.0,23418935.0,44,24
Road,tier2,basic,97140.0,1,300,97140.0,10931207.0,27705451.0,38636658.0,34,34
Office,tier3,standard,5411.0,2,24,10822.0,9203773.0,12677953.0,21881726.0,82,4
Road,tier2,basic,14274.0,1,46,14274.0,1228714.0,2997451.0,4226165.0,34,6
School,tier2,standard,1335.0,4,18,5340.0,6366244.0,6175984.0,12542228.0,79,2
Office,tier2,premium,3973.0,1,15,3973.0,4672573.0,9054073.0,13726646.0,76,2
Home,tier2,standard,904.0,4,14,3616.0,2375443.0,3205132.0,5580575.0,54,1
Apartment,tier2,basic,4725.0,1,28,4725.0,2154453.0,3787586.0,5942039.0,52,2
Other,tier1,standard,5401.0,4,57,21604.0,26604015.0,28452669.0,55056683.0,71,4
Road,tier2,basic,101556.0,1,300,101556.0,11219030.0,24341971.0,35561001.0,32,37
Office,tier1,basic,3237.0,1,10,3237.0,2830274.0,4426750.0,7257024.0,61,1
Home,tier2,standard,1113.0,2,10,2226.0,1475684.0,3026835.0,4502518.0,44,1
Home,tier2,basic,3419.0,4,53,13676.0,8381488.0,13540017.0,21921505.0,51,3
Road,tier2,basic,47242.0,1,170,47242.0,4864238.0,13986622.0,18850860.0,28,18
Apartment,tier1,standard,5384.0,4,34,21536.0,20564876.0,30854033.0,51418909.0,117,6
Hospital,tier3,standard,1925.0,2,11,3850.0,4107897.0,5003077.0,9110974.0,124,2
Road,tier2,standard,46912.0,1,103,46912.0,7701092.0,19011794.0,26712886.0,46,18
Other,tier1,premium,4082.0,3,34,12246.0,14990454.0,23634159.0,38624613.0,81,2
Road,tier1,basic,7106.0,1,17,7106.0,812617.0,2708463.0,3521080.0,41,4
Office,tier2,basic,5782.0,1,16,5782.0,3668227.0,5182701.0,8850928.0,58,2
Road,tier1,premium,53169.0,1,152,53169.0,11826160.0,30503132.0,42329292.0,46,14
Office,tier3,basic,475.0,4,5,1900.0,1044595.0,1465384.0,2509979.0,73,1
Apartment,tier2,premium,3879.0,1,12,3879.0,4372833.0,6816363.0,11189196.0,89,2
Road,tier1,standard,31052.0,1,70,31052.0,4914542.0,15992335.0,20906877.0,43,14
School,tier2,standard,2920.0,3,30,8760.0,7852409.0,11656471.0,19508879.0,66,3
Road,tier1,basic,82096.0,1,187,82096.0,10058902.0,27519524.0,37578427.0,44,26
Apartment,tier1,standard,3821.0,1,10,3821.0,3067471.0,4890610.0,7958081.0,83,2
School,tier2,premium,467.0,3,5,1401.0,1961687.0,2350347.0,4312034.0,88,1
Road,tier1,basic,11664.0,1,4,11664.0,1338589.0,3961877.0,5300466.0,179,5
Home,tier3,standard,4761.0,1,30,4761.0,2415025.0,4168668.0,6583694.0,40,1
Apartment,tier2,premium,547.0,3,6,1641.0,1728276.0,3279560.0,5007836.0,73,1
Bridge,tier1,standard,18435.2,1,68,18435.2,67178376.0,124233321.0,191411697.0,180,14
Office,tier3,basic,2325.0,2,13,4650.0,2648106.0,3489476.0,6137582.0,77,2
Apartment,tier2,standard,2307.0,2,16,4614.0,3441187.0,6260240.0,9701427.0,70,2
Home,tier1,standard,2963.0,4,23,11852.0,12120780.0,21818786.0,33939565.0,86,2
Office,tier2,basic,1192.0,2,9,2384.0,1629203.0,2813011.0,4442214.0,70,1
Bridge,tier3,premium,27815.2,1,38,27815.2,115104290.0,186586031.0,301690321.0,347,16
Office,tier2,basic,831.0,4,6,3324.0,2333170.0,3723115.0,6056285.0,84,2
Road,tier2,premium,51832.0,1,130,51832.0,13637362.0,24441571.0,38078934.0,50,27
Office,tier2,basic,3405.0,4,69,13620.0,8670146.0,16336503.0,25006648.0,43,3
Home,tier1,basic,5431.0,4,44,21724.0,16016894.0,24690924.0,40707818.0,76,3
Home,tier1,standard,4363.0,4,65,17452.0,19096508.0,29580797.0,48677305.0,49,3
Home,tier2,basic,2272.0,2,4,4544.0,1999813.0,3911114.0,5910927.0,134,2
Other,tier3,basic,2336.0,3,24,7008.0,3024095.0,4112805.0,7136900.0,55,2
School,tier2,basic,3140.0,2,34,6280.0,4162100.0,5858131.0,10020230.0,48,2
Road,tier1,premium,85212.0,1,300,85212.0,22411527.0,48849450.0,71260977.0,31,32
Road,tier2,basic,37917.0,1,35,37917.0,5493667.0,10669471.0,16163138.0,60,14
Hospital,tier1,standard,1149.0,3,12,3447.0,5358507.0,6851924.0,12210431.0,121,2
Home,tier2,standard,4426.0,2,25,8852.0,7060224.0,11011440.0,18071664.0,70,2
Office,tier2,standard,2493.0,4,48,9972.0,11668323.0,12392780.0,24061103.0,51,3
School,tier1,standard,2516.0,4,32,10064.0,9263676.0,14438898.0,23702574.0,82,3
Road,tier3,basic,86614.0,1,143,86614.0,7852824.0,20025204.0,27878028.0,49,35
Apartment,tier2,premium,1123.0,4,14,4492.0,4437281.0,8243976.0,12681258.0,88,2
Apartment,tier2,standard,1742.0,2,9,3484.0,3130128.0,5316074.0,8446201.0,93,1
Apartment,tier3,premium,1560.0,2,3,3120.0,2336319.0,4572376.0,6908695.0,177,2
Home,tier2,standard,5144.0,2,32,10288.0,6101282.0,11154184.0,17255467.0,64,2
Home,tier3,premium,1324.0,4,18,5296.0,3941111.0,6111990.0,10053101.0,54,1
Home,tier3,premium,1122.0,2,8,2244.0,1713651.0,3006038.0,4719689.0,53,1
Apartment,tier2,standard,1767.0,3,24,5301.0,3957127.0,7522621.0,11479748.0,52,3
Apartment,tier1,premium,2778.0,2,17,5556.0,7525789.0,10087841.0,17613630.0,93,2
Apartment,tier1,basic,3780.0,4,24,15120.0,12904581.0,18167489.0,31072070.0,113,5
Office,tier3,basic,2771.0,1,7,2771.0,1663830.0,2114104.0,3777934.0,81,1
Apartment,tier1,standard,3400.0,3,34,10200.0,8199982.0,15000073.0,23200055.0,72,3
Bridge,tier3,standard,13837.2,1,66,13837.2,39271544.0,64540108.0,103811652.0,153,8
Apartment,tier2,standard,1344.0,4,18,5376.0,4677833.0,5462845.0,10140677.0,76,2
Bridge,tier2,standard,1308.0,1,4,1308.0,4955954.0,7740092.0,12696046.0,195,2
Home,tier2,standard,4216.0,2,26,8432.0,5287047.0,7443528.0,12730575.0,61,2
Home,tier3,premium,5684.0,4,76,22736.0,22680127.0,36751995.0,59432122.0,66,2
Other,tier1,basic,756.0,3,13,2268.0,1239847.0,2319976.0,3559823.0,38,1
Road,tier2,basic,31152.0,1,101,31152.0,2724442.0,8538013.0,11262455.0,39,16
Road,tier3,standard,14976.0,1,45,14976.0,1732658.0,4616983.0,6349641.0,40,8
Road,tier1,standard,92352.0,1,300,92352.0,17464412.0,38318697.0,55783110.0,37,42
Road,tier1,premium,117840.0,1,300,117840.0,44265523.0,78633925.0,122899448.0,46,54
Apartment,tier3,basic,2303.0,2,7,4606.0,2193285.0,3297048.0,5490332.0,110,2
Home,tier3,basic,3706.0,2,10,7412.0,3099528.0,4433524.0,7533052.0,108,1
Home,tier1,premium,463.0,1,3,463.0,723717.0,1103858.0,1827575.0,45,1
Apartment,tier2,basic,2001.0,1,9,2001.0,1010672.0,1925560.0,2936232.0,54,1
Bridge,tier1,standard,65968.0,1,300,65968.0,241744134.0,506349835.0,748093969.0,135,27
Home,tier1,basic,3265.0,4,27,13060.0,11743715.0,17892540.0,29636256.0,68,3
Home,tier2,standard,1926.0,3,18,5778.0,3990683.0,5603687.0,9594370.0,64,2
Office,tier1,premium,2787.0,3,29,8361.0,15456106.0,18077232.0,33533337.0,68,3
Office,tier2,standard,4460.0,1,11,4460.0,3579611.0,4706128.0,8285738.0,96,2
Home,tier1,basic,5724.0,1,28,5724.0,4161844.0,5327254.0,9489099.0,42,1
Office,tier3,standard,5006.0,2,42,10012.0,4659793.0,11067083.0,15726876.0,70,3
Hospital,tier2,basic,826.0,3,9,2478.0,2066546.0,3515608.0,5582154.0,105,1
Apartment,tier1,basic,3700.0,2,25,7400.0,5843687.0,7735142.0,13578828.0,51,2
Apartment,tier3,standard,2968.0,4,18,11872.0,7642740.0,13337140.0,20979880.0,118,3
Road,tier3,standard,44948.0,1,221,44948.0,4697807.0,9365837.0,14063644.0,26,13
Office,tier1,standard,4832.0,4,78,19328.0,23472449.0,36551058.0,60023506.0,57,5
Other,tier3,standard,2230.0,2,17,4460.0,2717472.0,3758497.0,6475969.0,55,2
Apartment,tier1,standard,3449.0,2,17,6898.0,8219183.0,13091913.0,21311096.0,79,2
Bridge,tier1,basic,23078.4,1,59,23078.4,56790804.0,127630358.0,184421162.0,170,13
Office,tier2,premium,3565.0,4,56,14260.0,17195567.0,27456345.0,44651912.0,67,4
Office,tier1,basic,3509.0,2,32,7018.0,5276950.0,9172416.0,14449366.0,59,2
Bridge,tier2,premium,4259.2,1,23,4259.2,15970440.0,32439980.0,48410421.0,161,4
Bridge,tier2,standard,20521.6,1,51,20521.6,78248021.0,128050775.0,206298795.0,202,11
Home,tier3,standard,2503.0,2,16,5006.0,3231914.0,3911308.0,7143222.0,56,2
Other,tier1,standard,3158.0,1,3,3158.0,2521125.0,3598409.0,6119534.0,167,2
School,tier1,standard,411.0,4,3,1644.0,2117103.0,2782981.0,4900084.0,107,1
School,tier2,standard,3057.0,4,48,12228.0,12167495.0,15428875.0,27596370.0,70,3
Office,tier1,premium,5583.0,2,26,11166.0,19197853.0,25638032.0,44835885.0,105,2
Apartment,tier3,premium,4814.0,4,20,19256.0,16245190.0,26806993.0,43052184.0,167,5
Hospital,tier2,standard,585.0,2,3,1170.0,1477397.0,2242603.0,3720000.0,135,1
Home,tier3,standard,5308.0,4,79,21232.0,15581877.0,16612158.0,32194035.0,58,3
School,tier2,standard,4865.0,1,18,4865.0,3781909.0,4269623.0,8051531.0,53,2
School,tier1,standard,5312.0,4,30,21248.0,24928022.0,35939498.0,60867520.0,98,6
Apartment,tier1,basic,1181.0,1,6,1181.0,935148.0,1123305.0,2058453.0,48,1
Office,tier2,basic,5422.0,2,27,10844.0,7897868.0,9356404.0,17254272.0,69,3
Apartment,tier3,standard,515.0,2,4,1030.0,542569.0,1294306.0,1836875.0,66,1
Road,tier2,basic,5180.0,1,17,5180.0,464845.0,1340336.0,1805181.0,28,2
Home,tier1,standard,2386.0,4,32,9544.0,5740776.0,13837347.0,19578123.0,60,2
Home,tier2,basic,4966.0,2,22,9932.0,6278319.0,7127742.0,13406060.0,82,2
Home,tier1,basic,5238.0,2,35,10476.0,5959662.0,12864030.0,18823692.0,48,2
Office,tier2,standard,3946.0,1,14,3946.0,3816183.0,4618122.0,8434304.0,57,2
Road,tier1,standard,9207.0,1,29,9207.0,1324787.0,4100482.0,5425269.0,34,4
Hospital,tier2,premium,5294.0,1,18,5294.0,14326732.0,12349122.0,26675855.0,139,2
Home,tier2,basic,1871.0,2,17,3742.0,2367663.0,3728599.0,6096262.0,44,2
Other,tier3,basic,4570.0,4,51,18280.0,7426861.0,11835555.0,19262416.0,62,5
Home,tier2,basic,1962.0,4,32,7848.0,4222853.0,5881207.0,10104061.0,44,2
School,tier1,standard,3568.0,1,11,3568.0,4805882.0,5296934.0,10102816.0,77,1
Apartment,tier3,basic,930.0,3,14,2790.0,1565362.0,2435817.0,4001179.0,68,2
Apartment,tier3,standard,5987.0,3,30,17961.0,13197310.0,22432292.0,35629602.0,110,6
School,tier2,basic,918.0,4,18,3672.0,2710547.0,3105460.0,5816007.0,56,1
Hospital,tier3,premium,5753.0,1,16,5753.0,8952372.0,10582861.0,19535233.0,155,2
Home,tier3,standard,5485.0,2,64,10970.0,5749239.0,8533159.0,14282399.0,51,2
Home,tier1,standard,1240.0,1,5,1240.0,1080911.0,1749245.0,2830156.0,55,1
Road,tier2,basic,88753.0,1,300,88753.0,10280094.0,19630174.0,29910268.0,32,44
Home,tier2,basic,2326.0,3,22,6978.0,3938288.0,5354565.0,9292854.0,51,1
Road,tier2,standard,73544.0,1,300,73544.0,10525752.0,28036285.0,38562036.0,35,39
Office,tier3,standard,2233.0,1,9,2233.0,1631896.0,2291860.0,3923756.0,62,1
Apartment,tier2,standard,1734.0,1,5,1734.0,1511899.0,2054442.0,3566341.0,91,2
Apartment,tier2,basic,5783.0,1,24,5783.0,2792558.0,5359288.0,8151846.0,57,2
Apartment,tier3,basic,640.0,3,3,1920.0,895710.0,1729087.0,2624797.0,100,2
Hospital,tier2,premium,2383.0,1,6,2383.0,3529034.0,4876088.0,8405122.0,134,2
Home,tier1,basic,2409.0,4,32,9636.0,6715027.0,9479675.0,16194702.0,54,2
Home,tier3,basic,2745.0,3,32,8235.0,4314860.0,6254677.0,10569537.0,38,2
School,tier2,standard,2086.0,1,9,2086.0,1805194.0,3072908.0,4878102.0,71,1
School,tier2,basic,4116.0,4,50,16464.0,11080027.0,17481615.0,28561642.0,59,4
Road,tier2,standard,7176.0,1,21,7176.0,791515.0,2658279.0,3449793.0,30,3
Road,tier3,standard,28577.0,1,124,28577.0,3710114.0,9700900.0,13411014.0,30,14
Road,tier1,standard,23766.0,1,111,23766.0,3565606.0,10383018.0,13948623.0,32,12
Office,tier2,standard,5982.0,3,75,17946.0,13859129.0,23253428.0,37112557.0,60,5
Office,tier2,basic,2668.0,2,17,5336.0,2979404.0,5724932.0,8704335.0,70,2
Road,tier3,basic,52234.0,1,300,52234.0,6153896.0,10425513.0,16579410.0,25,21
School,tier1,standard,4219.0,4,58,16876.0,16901007.0,23815739.0,40716746.0,75,6
Other,tier1,basic,5858.0,4,84,23432.0,15125591.0,26673059.0,41798650.0,57,4
Bridge,tier3,basic,65192.4,1,300,65192.4,93770676.0,215775340.0,309546016.0,139,31
Hospital,tier3,standard,1523.0,4,31,6092.0,7274351.0,8265547.0,15539899.0,100,3
Apartment,tier2,standard,4778.0,4,79,19112.0,14393017.0,25104175.0,39497191.0,51,5
Home,tier2,basic,3072.0,3,21,9216.0,4917467.0,8352129.0,13269596.0,75,3
School,tier2,premium,4467.0,4,62,17868.0,17029078.0,29017746.0,46046824.0,76,5
Road,tier2,basic,134848.0,1,300,134848.0,13031476.0,36001707.0,49033182.0,40,44
School,tier2,premium,598.0,4,13,2392.0,3414943.0,4920097.0,8335039.0,61,2
Home,tier3,basic,2425.0,4,66,9700.0,5764483.0,8266843.0,14031327.0,33,2
Apartment,tier1,standard,5192.0,2,27,10384.0,9797587.0,19436237.0,29233824.0,90,3
Other,tier3,standard,5642.0,4,98,22568.0,12653431.0,23472925.0,36126356.0,51,6
Home,tier1,premium,2437.0,4,23,9748.0,15710398.0,28141900.0,43852297.0,81,2
Office,tier3,standard,4282.0,1,14,4282.0,2615386.0,4447026.0,7062412.0,82,2
Home,tier1,premium,936.0,4,9,3744.0,4883023.0,7631222.0,12514244.0,91,2
Apartment,tier1,standard,1616.0,3,26,4848.0,4980071.0,7362193.0,12342263.0,65,2
School,tier1,standard,4310.0,1,16,4310.0,5245320.0,6420972.0,11666292.0,55,2
Home,tier1,basic,632.0,1,3,632.0,407283.0,727822.0,1135105.0,39,1
Apartment,tier2,basic,4584.0,3,47,13752.0,5355941.0,10646439.0,16002380.0,71,3
Road,tier2,premium,53460.0,1,202,53460.0,9083489.0,24536787.0,33620275.0,32,25
Road,tier3,premium,42784.0,1,163,42784.0,7364080.0,19888764.0,27252844.0,35,18
Road,tier2,basic,94438.0,1,239,94438.0,8409148.0,22567370.0,30976518.0,33,40
Bridge,tier2,basic,8848.0,1,12,8848.0,17807866.0,41147276.0,58955142.0,308,6
Road,tier2,basic,10816.0,1,19,10816.0,1007344.0,3026242.0,4033586.0,45,5
Office,tier3,basic,5414.0,3,24,16242.0,10176683.0,14214642.0,24391325.0,95,4
Road,tier1,basic,13100.0,1,47,13100.0,1662313.0,4740059.0,6402371.0,36,6
Apartment,tier2,premium,4148.0,3,30,12444.0,18329465.0,23016435.0,41345899.0,110,2
Bridge,tier1,basic,68524.0,1,300,68524.0,230344813.0,384399885.0,614744698.0,163,47
Apartment,tier1,premium,3389.0,4,49,13556.0,20362382.0,24890980.0,45253362.0,80,4
School,tier2,premium,2876.0,1,3,2876.0,4010980.0,4818533.0,8829513.0,199,2
Apartment,tier1,basic,3223.0,1,9,3223.0,2611952.0,3750046.0,6361998.0,77,2
Office,tier1,standard,4688.0,4,16,18752.0,27481215.0,29377965.0,56859179.0,151,5
Apartment,tier3,standard,3807.0,2,15,7614.0,4786188.0,9582239.0,14368427.0,122,3
Office,tier1,basic,2339.0,3,19,7017.0,6361111.0,8771781.0,15132892.0,84,3
Home,tier2,standard,4056.0,2,18,8112.0,6161079.0,8759657.0,14920736.0,72,2
Home,tier2,standard,3743.0,4,83,14972.0,11841493.0,15415443.0,27256936.0,35,3
Home,tier3,basic,785.0,1,3,785.0,409093.0,674946.0,1084038.0,42,1
Apartment,tier2,premium,3835.0,2,23,7670.0,6360370.0,13223925.0,19584295.0,80,2
Other,tier1,basic,2271.0,1,11,2271.0,1371433.0,2246241.0,3617674.0,43,2
Apartment,tier3,basic,1219.0,3,8,3657.0,1673255.0,2897486.0,4570741.0,82,2
Home,tier2,premium,3349.0,3,30,10047.0,11646214.0,12668510.0,24314724.0,68,2
Apartment,tier1,basic,3293.0,2,29,6586.0,5077329.0,8142989.0,13220317.0,61,2
Hospital,tier2,basic,4489.0,4,36,17956.0,18553081.0,25192801.0,43745883.0,143,6
Office,tier2,basic,2821.0,4,47,11284.0,7082026.0,13035499.0,20117525.0,62,3
Bridge,tier2,basic,15606.0,1,57,15606.0,32160739.0,66570937.0,98731676.0,166,10
Hospital,tier2,standard,1979.0,4,32,7916.0,9481693.0,16390252.0,25871945.0,128,3
Home,tier1,standard,3790.0,4,82,15160.0,15752453.0,20954921.0,36707374.0,53,2
Bridge,tier2,standard,45259.2,1,175,45259.2,161862709.0,265063957.0,426926666.0,180,28
Hospital,tier3,standard,3684.0,4,51,14736.0,19264332.0,25055514.0,44319846.0,114,5
Home,tier2,basic,4215.0,3,20,12645.0,4815516.0,8986807.0,13802323.0,86,2
Road,tier3,standard,28581.0,1,102,28581.0,2853900.0,9975734.0,12829634.0,37,10
Bridge,tier1,premium,18620.8,1,52,18620.8,162145607.0,213700726.0,375846334.0,260,12
Hospital,tier3,standard,5074.0,2,32,10148.0,13055240.0,16244020.0,29299260.0,100,5
Other,tier3,standard,5289.0,3,44,15867.0,9564702.0,16864412.0,26429114.0,69,3
Apartment,tier2,basic,5531.0,1,22,5531.0,3034293.0,5811654.0,8845947.0,58,2
School,tier1,standard,2117.0,3,14,6351.0,6177885.0,9367654.0,15545539.0,94,2
School,tier2,premium,5139.0,3,55,15417.0,20742244.0,28246428.0,48988672.0,79,3
School,tier1,premium,2351.0,3,15,7053.0,14589153.0,12357370.0,26946523.0,104,2
Bridge,tier2,standard,19297.6,1,24,19297.6,44329941.0,121234932.0,165564874.0,298,14
Home,tier3,standard,433.0,2,3,866.0,565861.0,941024.0,1506885.0,47,1
Hospital,tier2,basic,5489.0,1,21,5489.0,5483195.0,5816055.0,11299250.0,101,3
Hospital,tier1,basic,1610.0,4,16,6440.0,7044394.0,8171767.0,15216160.0,126,3
Bridge,tier1,basic,63055.2,1,220,63055.2,188584795.0,366770959.0,555355755.0,170,50
Apartment,tier2,standard,3532.0,3,31,10596.0,7754809.0,13727110.0,21481918.0,81,2
Hospital,tier2,basic,3277.0,3,21,9831.0,11942774.0,11678629.0,23621403.0,128,4
Road,tier1,standard,28503.0,1,114,28503.0,5242408.0,11158706.0,16401114.0,27,11
Home,tier3,standard,3393.0,1,9,3393.0,1632787.0,2664140.0,4296927.0,74,1
Home,tier1,standard,4886.0,3,55,14658.0,13475449.0,18375240.0,31850689.0,56,2
Road,tier2,standard,13712.0,1,22,13712.0,2099604.0,3879711.0,5979314.0,52,6
Road,tier2,basic,56916.0,1,199,56916.0,5729547.0,12654607.0,18384154.0,34,23
Home,tier1,standard,5151.0,2,42,10302.0,9067509.0,13573398.0,22640907.0,45,3
Home,tier2,premium,1407.0,4,21,5628.0,8106256.0,9305596.0,17411852.0,63,2
Office,tier2,standard,2220.0,2,19,4440.0,2783022.0,5534376.0,8317399.0,62,2
Apartment,tier2,premium,5407.0,1,22,5407.0,5389967.0,10821711.0,16211678.0,69,2
Apartment,tier3,standard,1303.0,4,19,5212.0,2788002.0,5332197.0,8120199.0,72,2
Road,tier2,standard,92484.0,1,300,92484.0,11800958.0,30899472.0,42700430.0,31,32
Home,tier1,standard,1936.0,1,6,1936.0,1950737.0,2389740.0,4340477.0,60,1
Home,tier3,standard,5017.0,2,40,10034.0,6682675.0,8730489.0,15413164.0,51,2
Home,tier3,premium,1201.0,2,8,2402.0,2033284.0,3825048.0,5858331.0,59,1
Road,tier1,standard,164931.0,1,300,164931.0,30515451.0,67370386.0,97885838.0,55,79
Home,tier3,standard,2666.0,4,39,10664.0,7121633.0,10624590.0,17746223.0,60,2
Office,tier3,premium,855.0,3,5,2565.0,2228924.0,3186571.0,5415495.0,115,1
Other,tier1,standard,1054.0,2,8,2108.0,1959046.0,2863037.0,4822083.0,53,1
Bridge,tier2,basic,1632.0,1,4,1632.0,4645816.0,8439713.0,13085529.0,200,2
Apartment,tier1,basic,890.0,3,11,2670.0,1884834.0,2953683.0,4838517.0,59,2
Home,tier2,premium,5883.0,3,74,17649.0,21966430.0,30577366.0,52543795.0,54,3
Office,tier3,standard,2925.0,2,15,5850.0,4093595.0,5823776.0,9917370.0,82,1
Apartment,tier2,premium,437.0,3,3,1311.0,1648713.0,2596739.0,4245452.0,105,1
Road,tier2,basic,99613.0,1,300,99613.0,11987049.0,25734622.0,37721671.0,39,37
School,tier1,standard,4628.0,2,21,9256.0,10982955.0,12088976.0,23071931.0,88,3
Other,tier2,premium,3802.0,1,9,3802.0,3719466.0,5247164.0,8966630.0,78,1
School,tier3,premium,3599.0,1,10,3599.0,4297161.0,5146894.0,9444055.0,75,2
Office,tier1,standard,916.0,4,15,3664.0,4296724.0,6374654.0,10671378.0,69,2
Bridge,tier2,basic,41580.0,1,67,41580.0,96639640.0,149465055.0,246104695.0,303,18
Home,tier2,standard,5840.0,2,29,11680.0,8769393.0,9665424.0,18434816.0,62,2
Home,tier2,standard,2439.0,2,30,4878.0,3289049.0,6333244.0,9622294.0,43,2
Home,tier2,basic,1081.0,4,24,4324.0,2534001.0,3424109.0,5958110.0,41,1
Apartment,tier2,basic,1598.0,3,23,4794.0,3439957.0,3895481.0,7335438.0,55,2
Hospital,tier2,premium,4098.0,1,14,4098.0,7403596.0,10212748.0,17616344.0,118,2
Office,tier2,basic,3998.0,3,51,11994.0,7462911.0,10319448.0,17782359.0,59,4
Office,tier2,standard,5376.0,4,62,21504.0,18057722.0,26781378.0,44839100.0,86,5
Hospital,tier2,standard,2674.0,1,3,2674.0,3875154.0,4826945.0,8702099.0,271,2
Apartment,tier2,premium,5354.0,4,57,21416.0,21452388.0,41055842.0,62508231.0,102,6
Office,tier3,standard,1943.0,4,22,7772.0,6611984.0,10279800.0,16891784.0,84,3
Office,tier1,basic,3267.0,1,11,3267.0,3697899.0,4346658.0,8044558.0,52,2
Apartment,tier1,basic,4086.0,4,64,16344.0,14213292.0,18725766.0,32939058.0,65,5
Apartment,tier3,basic,1953.0,3,31,5859.0,3060861.0,3878039.0,6938901.0,56,2
Apartment,tier1,basic,2465.0,1,8,2465.0,1794394.0,2652163.0,4446557.0,65,1
Office,tier3,premium,5036.0,4,44,20144.0,21935559.0,34588987.0,56524546.0,107,4
Home,tier2,standard,3636.0,4,45,14544.0,12701350.0,16420880.0,29122230.0,57,2
Road,tier3,basic,41076.0,1,168,41076.0,4186261.0,9284324.0,13470585.0,24,16
Office,tier2,premium,3892.0,4,50,15568.0,24535362.0,32202823.0,56738185.0,87,4
Apartment,tier3,basic,4829.0,4,46,19316.0,8412831.0,12257365.0,20670196.0,96,5
Home,tier2,basic,5840.0,2,46,11680.0,6873591.0,11388276.0,18261867.0,43,2
School,tier2,standard,2639.0,1,5,2639.0,2358698.0,3063729.0,5422427.0,102,1
Apartment,tier2,basic,2385.0,4,22,9540.0,4801028.0,9359299.0,14160327.0,72,4
Other,tier1,basic,5515.0,4,84,22060.0,17703832.0,23998050.0,41701882.0,49,5
School,tier1,premium,3083.0,2,15,6166.0,8736937.0,11966971.0,20703908.0,93,2
Apartment,tier3,premium,5605.0,3,49,16815.0,14814876.0,23088420.0,37903296.0,90,4
Home,tier1,standard,5337.0,3,54,16011.0,16690153.0,25938313.0,42628466.0,63,3
Road,tier3,standard,13244.0,1,43,13244.0,1422962.0,4016807.0,5439769.0,37,8
Home,tier2,basic,4433.0,3,29,13299.0,8928791.0,13293210.0,22222000.0,68,3
Other,tier2,premium,5678.0,3,63,17034.0,12345017.0,29500313.0,41845330.0,56,3
Apartment,tier3,standard,1932.0,4,17,7728.0,4564626.0,9628360.0,14192986.0,101,2
Home,tier1,basic,2939.0,2,31,5878.0,4523437.0,6140583.0,10664020.0,36,1
Home,tier2,basic,3456.0,1,10,3456.0,1691841.0,3163130.0,4854971.0,64,1
Road,tier2,standard,7083.0,1,29,7083.0,840656.0,2770230.0,3610886.0,32,4
Office,tier1,basic,3297.0,1,14,3297.0,3080880.0,3708422.0,6789302.0,51,1
Apartment,tier1,basic,4073.0,1,12,4073.0,3385711.0,3883234.0,7268945.0,60,2
Home,tier2,basic,3218.0,3,21,9654.0,4410943.0,6826649.0,11237592.0,67,2
Apartment,tier1,standard,4058.0,4,68,16232.0,17883461.0,28396667.0,46280128.0,62,5
School,tier3,basic,968.0,1,3,968.0,489668.0,451557.0,941225.0,72,1
Road,tier2,standard,2835.0,1,5,2835.0,329181.0,863737.0,1192917.0,47,2
Home,tier1,basic,5604.0,1,23,5604.0,3508953.0,5281392.0,8790345.0,49,2
Other,tier1,standard,1859.0,2,12,3718.0,3792755.0,5123087.0,8915841.0,44,2
School,tier1,basic,2952.0,3,22,8856.0,6217925.0,11154595.0,17372520.0,78,3
Road,tier3,standard,63336.0,1,174,63336.0,8898649.0,21787520.0,30686169.0,36,25
Road,tier2,standard,155016.0,1,300,155016.0,19023155.0,45065696.0,64088852.0,50,69
Apartment,tier1,standard,1412.0,4,33,5648.0,5026654.0,8165862.0,13192516.0,61,3
Apartment,tier2,basic,1032.0,2,9,2064.0,1027492.0,1331583.0,2359075.0,63,1
Apartment,tier2,standard,4618.0,4,44,18472.0,14340714.0,19993834.0,34334548.0,93,4
School,tier2,premium,3385.0,2,20,6770.0,10159856.0,8874788.0,19034644.0,100,2
Apartment,tier1,basic,5478.0,1,22,5478.0,4089866.0,7097261.0,11187127.0,68,3
Office,tier1,standard,5944.0,4,52,23776.0,27758496.0,48419021.0,76177517.0,105,6
Hospital,tier2,standard,1333.0,4,14,5332.0,7427676.0,9462909.0,16890585.0,128,3
Road,tier2,premium,148998.0,1,300,148998.0,27415926.0,73059008.0,100474934.0,61,57
School,tier2,standard,4993.0,1,12,4993.0,4565126.0,6184527.0,10749653.0,94,3
Other,tier1,premium,2048.0,4,38,8192.0,10723610.0,20718330.0,31441940.0,54,2
Other,tier1,standard,1511.0,2,8,3022.0,2532665.0,3683988.0,6216652.0,74,1
Bridge,tier2,standard,53460.0,1,171,53460.0,143601170.0,311209580.0,454810750.0,195,35
School,tier1,basic,3202.0,4,44,12808.0,9898167.0,15493448.0,25391615.0,56,4
Apartment,tier2,standard,2538.0,3,39,7614.0,5587647.0,7206743.0,12794390.0,65,2
Other,tier2,basic,5603.0,1,18,5603.0,3007005.0,5001890.0,8008895.0,50,2
Apartment,tier1,standard,5803.0,3,101,17409.0,17760174.0,23899399.0,41659572.0,45,5
Home,tier2,basic,863.0,1,3,863.0,479895.0,651445.0,1131340.0,67,1
Office,tier1,standard,5457.0,3,50,16371.0,21541931.0,31135018.0,52676950.0,66,5
Apartment,tier2,standard,902.0,3,12,2706.0,1725876.0,3478571.0,5204448.0,66,1
Apartment,tier1,premium,4425.0,2,49,8850.0,14582842.0,20954727.0,35537569.0,56,4
Hospital,tier2,basic,5768.0,2,35,11536.0,9071714.0,11618483.0,20690197.0,111,5
Hospital,tier2,premium,2335.0,4,45,9340.0,22752221.0,21502387.0,44254608.0,104,3
Road,tier1,premium,43344.0,1,187,43344.0,10418800.0,25610656.0,36029455.0,31,18
Road,tier2,premium,71325.0,1,174,71325.0,12574447.0,29227276.0,41801722.0,53,35
Apartment,tier3,standard,2315.0,4,31,9260.0,4851979.0,9796739.0,14648717.0,89,3
Office,tier3,basic,5733.0,4,75,22932.0,14849037.0,19550993.0,34400030.0,65,6
Hospital,tier1,premium,2970.0,4,25,11880.0,30967933.0,29258213.0,60226146.0,147,4
Hospital,tier1,standard,2740.0,3,29,8220.0,14987842.0,16975098.0,31962940.0,104,3
Apartment,tier2,standard,437.0,4,6,1748.0,1379822.0,2016572.0,3396394.0,66,1
Office,tier3,basic,4132.0,3,47,12396.0,5830976.0,9050227.0,14881203.0,60,4
Hospital,tier2,basic,1453.0,1,5,1453.0,1334584.0,2012634.0,3347218.0,105,2
Home,tier2,basic,4258.0,1,11,4258.0,2455430.0,3462098.0,5917528.0,74,2
Home,tier2,standard,5039.0,3,94,15117.0,9232368.0,14633450.0,23865818.0,40,3
Road,tier1,standard,42948.0,1,154,42948.0,7835128.0,19616492.0,27451620.0,36,12
Home,tier2,premium,3305.0,4,64,13220.0,14719455.0,23873577.0,38593032.0,51,2
Apartment,tier2,basic,4040.0,3,47,12120.0,7435361.0,10247046.0,17682407.0,61,4
Apartment,tier2,basic,2605.0,1,13,2605.0,1363551.0,2203084.0,3566636.0,52,1
Home,tier2,basic,4370.0,4,42,17480.0,10751851.0,18819194.0,29571045.0,64,4
Apartment,tier2,basic,4219.0,2,27,8438.0,5288926.0,7553208.0,12842134.0,65,3
Bridge,tier2,standard,25898.4,1,73,25898.4,95121968.0,170342954.0,265464921.0,209,18
Hospital,tier2,standard,2218.0,1,6,2218.0,2954592.0,3551285.0,6505878.0,126,1
Apartment,tier1,premium,4742.0,1,17,4742.0,7366298.0,9347465.0,16713764.0,98,2
School,tier3,basic,2855.0,1,9,2855.0,1320737.0,2043725.0,3364462.0,71,2
Home,tier3,basic,1719.0,4,11,6876.0,3756875.0,5099382.0,8856256.0,91,2
Home,tier3,standard,5964.0,1,18,5964.0,4055576.0,6000999.0,10056575.0,60,2
Road,tier2,basic,58740.0,1,169,58740.0,5475522.0,15842626.0,21318148.0,30,25
Apartment,tier1,standard,4736.0,3,62,14208.0,15204698.0,27892927.0,43097625.0,54,3
School,tier2,standard,2762.0,4,18,11048.0,12617396.0,14287918.0,26905314.0,110,3
Road,tier2,premium,14700.0,1,40,14700.0,2384870.0,6620384.0,9005254.0,45,4
Home,tier1,basic,5695.0,1,14,5695.0,3310469.0,5833836.0,9144305.0,66,1
Apartment,tier2,premium,3349.0,1,14,3349.0,4014449.0,5833298.0,9847747.0,74,2
Office,tier2,premium,5020.0,1,14,5020.0,4787108.0,8164717.0,12951825.0,86,2
Hospital,tier1,basic,5127.0,3,70,15381.0,18567182.0,24131099.0,42698280.0,123,6
Hospital,tier3,standard,4905.0,2,32,9810.0,9457114.0,12454116.0,21911230.0,126,5
Office,tier1,standard,3764.0,1,15,3764.0,3638418.0,6282298.0,9920716.0,61,2
Home,tier2,basic,2332.0,1,11,2332.0,1247455.0,1609651.0,2857106.0,41,1
Road,tier3,premium,53768.0,1,104,53768.0,11215853.0,23944125.0,35159978.0,62,23
Office,tier2,basic,4942.0,2,30,9884.0,5423622.0,9868117.0,15291740.0,66,2
Hospital,tier1,basic,2739.0,4,42,10956.0,15705771.0,18185660.0,33891430.0,114,4
Apartment,tier2,basic,1784.0,4,25,7136.0,4195829.0,5362471.0,9558300.0,64,2
Office,tier3,standard,1426.0,2,5,2852.0,2080238.0,3028224.0,5108462.0,102,1
Bridge,tier3,premium,11770.0,1,49,11770.0,40413007.0,73440022.0,113853029.0,163,7
Home,tier2,standard,5773.0,4,78,23092.0,20091966.0,31319203.0,51411169.0,63,3
Office,tier1,standard,2520.0,4,35,10080.0,11220743.0,15753366.0,26974110.0,61,3
Apartment,tier2,basic,4052.0,2,25,8104.0,3685514.0,8162576.0,11848091.0,75,2
Apartment,tier1,standard,2129.0,2,3,4258.0,4511598.0,6323433.0,10835031.0,219,2
Apartment,tier3,standard,2631.0,1,10,2631.0,1801606.0,2130285.0,3931891.0,73,2
Home,tier2,standard,2686.0,1,11,2686.0,1953869.0,2300602.0,4254471.0,57,1
School,tier3,standard,2415.0,4,27,9660.0,8318039.0,10165062.0,18483100.0,74,3
Road,tier3,premium,28688.0,1,46,28688.0,3581353.0,10111052.0,13692406.0,61,11
Other,tier2,standard,5479.0,1,15,5479.0,4318794.0,6245291.0,10564086.0,80,2
School,tier3,standard,1906.0,2,17,3812.0,2690931.0,3924609.0,6615539.0,66,2
Apartment,tier2,standard,2417.0,2,14,4834.0,3302538.0,4802180.0,8104719.0,85,2
Home,tier1,basic,511.0,1,3,511.0,322548.0,516944.0,839492.0,33,1
Road,tier3,standard,22457.0,1,66,22457.0,3334538.0,6357322.0,9691860.0,34,12
Apartment,tier2,standard,4364.0,3,48,13092.0,9149796.0,15291542.0,24441338.0,70,4
Road,tier3,standard,42696.0,1,77,42696.0,3605553.0,10431459.0,14037012.0,50,15
School,tier1,standard,3534.0,4,44,14136.0,17652869.0,20916085.0,38568954.0,68,4
Bridge,tier2,basic,46608.0,1,215,46608.0,96003173.0,242547832.0,338551005.0,156,30
Other,tier3,basic,1190.0,2,5,2380.0,1299922.0,1431893.0,2731815.0,59,2
Home,tier1,basic,2489.0,4,30,9956.0,7199542.0,12113042.0,19312584.0,57,2
Apartment,tier2,standard,2908.0,3,40,8724.0,6751562.0,12681162.0,19432725.0,56,3
Road,tier2,premium,10998.0,1,46,10998.0,2797035.0,6069256.0,8866291.0,37,7
Road,tier1,standard,108724.0,1,300,108724.0,12783450.0,34880589.0,47664039.0,40,45
Bridge,tier1,standard,26355.2,1,100,26355.2,99088614.0,158129408.0,257218023.0,187,11
Office,tier3,standard,927.0,4,14,3708.0,2893984.0,4542553.0,7436537.0,74,1
Other,tier1,basic,5686.0,3,52,17058.0,12250880.0,17644275.0,29895155.0,51,3
Apartment,tier2,basic,2938.0,4,54,11752.0,5956370.0,9682483.0,15638854.0,51,3
Other,tier2,basic,462.0,1,3,462.0,230390.0,312586.0,542976.0,41,1
Other,tier2,premium,1717.0,3,11,5151.0,6753987.0,9171635.0,15925622.0,109,2
Hospital,tier2,basic,3593.0,3,19,10779.0,11257637.0,12105213.0,23362850.0,176,5
Road,tier1,standard,4608.0,1,12,4608.0,720474.0,2102477.0,2822951.0,31,3
Apartment,tier3,standard,3255.0,2,17,6510.0,4031265.0,8799078.0,12830344.0,90,2
Home,tier1,standard,749.0,1,3,749.0,527061.0,1174061.0,1701122.0,46,1
Apartment,tier1,basic,5314.0,4,42,21256.0,15502513.0,29629484.0,45131997.0,100,5
Road,tier3,premium,144846.0,1,300,144846.0,25463069.0,65121131.0,90584200.0,54,86
Hospital,tier2,basic,1611.0,4,14,6444.0,5939172.0,8511791.0,14450963.0,134,3
Road,tier1,premium,15780.0,1,63,15780.0,3518826.0,9670124.0,13188950.0,34,7
Road,tier3,standard,30943.0,1,129,30943.0,4158138.0,9958357.0,14116494.0,29,12
Home,tier1,standard,1115.0,2,14,2230.0,1670323.0,3518606.0,5188929.0,35,1
Road,tier1,standard,8879.0,1,25,8879.0,1157452.0,3632495.0,4789947.0,37,4
Road,tier2,standard,68152.0,1,214,68152.0,11254037.0,24999504.0,36253540.0,37,30
Office,tier3,basic,2360.0,4,23,9440.0,3613528.0,6364546.0,9978074.0,88,3
Office,tier3,standard,5963.0,2,23,11926.0,9631864.0,15878573.0,25510437.0,104,3
School,tier3,standard,2219.0,1,6,2219.0,1695805.0,2006121.0,3701927.0,79,2
Office,tier3,standard,4246.0,1,10,4246.0,3015690.0,4569468.0,7585158.0,83,2
Apartment,tier1,standard,989.0,1,3,989.0,906663.0,1461713.0,2368377.0,54,1
Home,tier2,standard,5292.0,2,38,10584.0,11268871.0,11072973.0,22341844.0,53,2
School,tier1,standard,5552.0,2,23,11104.0,13939707.0,15292316.0,29232024.0,97,4
Home,tier3,basic,5511.0,3,66,16533.0,7226715.0,13026863.0,20253578.0,44,3
Bridge,tier3,basic,1260.0,1,5,1260.0,2479716.0,4061070.0,6540786.0,153,2
School,tier2,standard,5843.0,2,27,11686.0,8911890.0,13551856.0,22463746.0,67,3
School,tier3,basic,4276.0,1,21,4276.0,2143733.0,3658216.0,5801950.0,49,2
Road,tier2,basic,3938.0,1,15,3938.0,525992.0,923257.0,1449249.0,27,3
Bridge,tier1,standard,14042.0,1,46,14042.0,52735840.0,131888454.0,184624295.0,178,9
Home,tier2,basic,1929.0,3,7,5787.0,3124462.0,4553712.0,7678174.0,75,1
Road,tier3,basic,19056.0,1,25,19056.0,1364715.0,3793580.0,5158295.0,57,9
Road,tier2,premium,43209.0,1,223,43209.0,6273073.0,24701941.0,30975013.0,31,19
Hospital,tier1,standard,2930.0,4,57,11720.0,18491341.0,26448590.0,44939931.0,105,4
Road,tier3,standard,68169.0,1,300,68169.0,7029019.0,17450491.0,24479510.0,29,27
Apartment,tier2,standard,1294.0,2,14,2588.0,1936682.0,2888476.0,4825158.0,61,1
Road,tier2,standard,14976.0,1,74,14976.0,2293038.0,5402063.0,7695101.0,34,7
Office,tier2,premium,4164.0,4,60,16656.0,20558689.0,28085175.0,48643864.0,66,4
Office,tier2,basic,3704.0,3,44,11112.0,5800596.0,10795653.0,16596249.0,51,3
Home,tier2,basic,4044.0,3,31,12132.0,6148545.0,10099884.0,16248429.0,64,2
Bridge,tier1,basic,50050.0,1,181,50050.0,134055887.0,258354657.0,392410544.0,178,23
Apartment,tier3,premium,663.0,2,6,1326.0,1348532.0,2120182.0,3468714.0,61,1
Apartment,tier2,basic,1873.0,1,8,1873.0,884496.0,1636341.0,2520838.0,68,1
Road,tier2,standard,24440.0,1,78,24440.0,4849233.0,8795793.0,13645026.0,33,8
Home,tier3,standard,3222.0,2,6,6444.0,2975047.0,6165007.0,9140054.0,150,1
Apartment,tier1,premium,2277.0,2,7,4554.0,6573416.0,10250530.0,16823945.0,156,2
Home,tier3,basic,4126.0,3,48,12378.0,6631361.0,8505675.0,15137037.0,54,3
Road,tier3,standard,89718.0,1,246,89718.0,8573397.0,28043290.0,36616686.0,35,34
Apartment,tier3,premium,1204.0,2,10,2408.0,1474147.0,2925348.0,4399495.0,78,1
Road,tier1,basic,40464.0,1,77,40464.0,4587048.0,11623473.0,16210521.0,44,19
Home,tier2,standard,4305.0,3,64,12915.0,8484426.0,15973414.0,24457840.0,39,2
Office,tier2,basic,5507.0,1,12,5507.0,2506663.0,4458558.0,6965221.0,77,3
School,tier3,basic,2460.0,4,50,9840.0,3971519.0,5839390.0,9810910.0,49,3
Home,tier3,basic,1354.0,2,4,2708.0,1312592.0,1506495.0,2819087.0,98,1
School,tier2,basic,5247.0,4,85,20988.0,14921819.0,21039247.0,35961066.0,53,6
Road,tier2,basic,47956.0,1,108,47956.0,5058267.0,13029783.0,18088051.0,42,24
Office,tier1,standard,1283.0,3,13,3849.0,3889649.0,5598437.0,9488086.0,69,1
Office,tier2,standard,3207.0,4,59,12828.0,12099623.0,17068373.0,29167996.0,61,4
Apartment,tier3,standard,734.0,1,3,734.0,432395.0,803241.0,1235635.0,65,1
Road,tier3,standard,67287.0,1,160,67287.0,10253664.0,20837188.0,31090852.0,39,23
Hospital,tier2,premium,4765.0,1,12,4765.0,8782553.0,13051565.0,21834118.0,165,2
Road,tier3,basic,90846.0,1,136,90846.0,8554123.0,21778024.0,30332147.0,54,37
Home,tier1,basic,3453.0,3,13,10359.0,7674379.0,10021396.0,17695775.0,99,2
Road,tier2,basic,69286.0,1,164,69286.0,7237680.0,17582358.0,24820038.0,49,24
Bridge,tier2,premium,66272.8,1,155,66272.8,297923379.0,573100753.0,871024132.0,236,32
Road,tier2,premium,35970.0,1,57,35970.0,5444979.0,19047919.0,24492898.0,71,13
Apartment,tier3,standard,4467.0,4,55,17868.0,9667879.0,17829527.0,27497405.0,81,5
Apartment,tier2,basic,4104.0,2,27,8208.0,4608720.0,9241608.0,13850328.0,65,2
Apartment,tier1,standard,5869.0,2,39,11738.0,11514909.0,18587308.0,30102218.0,75,3
School,tier1,standard,1316.0,3,9,3948.0,4918924.0,6560791.0,11479714.0,94,2
Bridge,tier2,basic,45764.4,1,122,45764.4,90799481.0,238513475.0,329312956.0,195,34
School,tier2,basic,1384.0,2,8,2768.0,1749298.0,2361763.0,4111061.0,68,1
Office,tier2,basic,1852.0,3,24,5556.0,3358247.0,4601396.0,7959643.0,56,2
Apartment,tier2,standard,4008.0,1,10,4008.0,3323836.0,4863088.0,8186924.0,82,2
Apartment,tier1,premium,1164.0,4,6,4656.0,6971545.0,11962304.0,18933849.0,192,2
Office,tier3,basic,3015.0,3,27,9045.0,5910892.0,7421048.0,13331940.0,74,4
Apartment,tier2,premium,2281.0,4,26,9124.0,12579509.0,21175059.0,33754568.0,93,3
Apartment,tier2,standard,450.0,3,3,1350.0,966896.0,1622240.0,2589136.0,87,1
Road,tier2,standard,106975.0,1,300,106975.0,12749053.0,36983234.0,49732286.0,38,50
Apartment,tier1,premium,2912.0,2,13,5824.0,9534124.0,11653270.0,21187394.0,103,2
Home,tier1,standard,872.0,3,8,2616.0,2872367.0,3112500.0,5984867.0,60,1
Home,tier1,basic,5662.0,4,87,22648.0,17218189.0,24021822.0,41240011.0,40,3
Road,tier2,basic,1386.0,1,4,1386.0,157205.0,393275.0,550480.0,33,2
School,tier1,premium,4585.0,4,72,18340.0,31926931.0,36779590.0,68706522.0,67,5
Road,tier1,standard,1798.0,1,5,1798.0,340192.0,676107.0,1016300.0,36,2
Apartment,tier3,basic,3528.0,3,32,10584.0,5262669.0,9246860.0,14509529.0,83,3
Office,tier2,standard,1035.0,3,9,3105.0,2498012.0,3558132.0,6056144.0,74,2
Office,tier2,basic,1493.0,1,5,1493.0,857448.0,1474764.0,2332212.0,65,1
School,tier2,basic,4231.0,2,15,8462.0,6156840.0,6803914.0,12960754.0,93,3
Home,tier1,premium,2279.0,3,8,6837.0,10254868.0,15107891.0,25362758.0,163,1
Hospital,tier1,standard,5902.0,3,82,17706.0,27443646.0,44191893.0,71635539.0,99,5
Road,tier3,basic,67850.0,1,243,67850.0,5963458.0,14466744.0,20430203.0,29,27
Other,tier2,standard,1137.0,3,9,3411.0,2604073.0,3547227.0,6151300.0,63,1
Hospital,tier2,premium,4090.0,3,56,12270.0,21964264.0,31151520.0,53115785.0,106,4
Home,tier3,basic,4783.0,3,96,14349.0,5997878.0,11077622.0,17075500.0,41,2
Home,tier1,basic,1947.0,3,9,5841.0,5066295.0,6842970.0,11909265.0,92,2
Home,tier2,standard,5111.0,2,34,10222.0,8449044.0,11550085.0,19999129.0,54,2
Other,tier1,basic,4532.0,1,19,4532.0,2973316.0,5164137.0,8137452.0,49,1
Hospital,tier2,basic,2218.0,3,10,6654.0,5974573.0,7666042.0,13640615.0,193,3
Road,tier3,basic,20139.0,1,31,20139.0,1851943.0,5081650.0,6933592.0,48,9
Office,tier1,basic,2882.0,4,51,11528.0,9911162.0,15467389.0,25378550.0,54,3
Apartment,tier3,standard,2475.0,4,32,9900.0,7211132.0,11664935.0,18876067.0,74,3
Office,tier2,basic,3356.0,2,17,6712.0,3186044.0,5666628.0,8852672.0,69,2
Hospital,tier2,standard,1683.0,1,3,1683.0,2161159.0,3317648.0,5478807.0,164,1
Apartment,tier1,standard,2146.0,1,8,2146.0,2241265.0,3079989.0,5321253.0,65,2
Office,tier2,basic,5417.0,3,28,16251.0,11843553.0,20647701.0,32491254.0,94,3
Bridge,tier2,basic,48728.8,1,105,48728.8,128563238.0,236926097.0,365489335.0,289,34
Office,tier1,premium,4516.0,4,40,18064.0,27276413.0,33144773.0,60421186.0,96,4
Road,tier2,standard,61410.0,1,180,61410.0,10764998.0,23196946.0,33961944.0,32,34
Other,tier1,standard,3185.0,1,7,3185.0,2870772.0,4023842.0,6894614.0,84,1
Hospital,tier3,standard,2040.0,1,5,2040.0,2106396.0,3060467.0,5166863.0,144,2
Apartment,tier2,premium,2683.0,4,48,10732.0,14512618.0,19929048.0,34441666.0,68,2
Bridge,tier2,basic,36955.6,1,130,36955.6,104235599.0,142752226.0,246987825.0,185,27
Office,tier3,basic,5208.0,4,70,20832.0,12141513.0,17429221.0,29570734.0,56,5
Hospital,tier2,premium,4857.0,4,75,19428.0,43771481.0,49538693.0,93310174.0,129,5
Bridge,tier3,basic,4086.4,1,9,4086.4,6602580.0,14891968.0,21494548.0,215,3
Home,tier3,standard,5694.0,2,43,11388.0,7047918.0,11036498.0,18084416.0,53,2
Road,tier1,basic,54375.0,1,208,54375.0,7016613.0,20882286.0,27898898.0,30,26
School,tier2,basic,667.0,3,4,2001.0,1228756.0,1591200.0,2819956.0,109,1
Hospital,tier2,standard,5169.0,4,83,20676.0,31268522.0,31430547.0,62699069.0,104,6
Office,tier1,standard,1986.0,4,29,7944.0,8942969.0,16791206.0,25734175.0,61,2
Apartment,tier2,standard,5196.0,1,19,5196.0,3658466.0,5406271.0,9064737.0,73,2
Road,tier1,basic,18072.0,1,95,18072.0,1672167.0,4908478.0,6580646.0,28,8
Office,tier3,basic,1761.0,3,18,5283.0,2516483.0,3551406.0,6067889.0,55,2
Home,tier2,standard,5021.0,3,34,15063.0,10331691.0,17315610.0,27647301.0,78,2
Apartment,tier2,basic,1493.0,2,10,2986.0,1893195.0,3252495.0,5145690.0,59,2
Road,tier2,standard,63952.0,1,214,63952.0,7794214.0,20561355.0,28355570.0,30,26
Road,tier3,standard,55180.0,1,113,55180.0,5760782.0,16104347.0,21865129.0,46,24
Office,tier2,basic,2353.0,1,3,2353.0,1526185.0,2199463.0,3725648.0,111,2
Hospital,tier3,basic,1202.0,3,12,3606.0,3963715.0,3685377.0,7649091.0,97,2
Apartment,tier3,standard,5066.0,4,90,20264.0,14465785.0,24796042.0,39261827.0,57,6
Office,tier1,standard,3882.0,4,69,15528.0,15707940.0,28641999.0,44349939.0,57,4
Apartment,tier1,basic,5507.0,1,20,5507.0,3969447.0,6427933.0,10397380.0,67,2
Home,tier1,premium,4326.0,1,22,4326.0,6440190.0,9170783.0,15610973.0,46,2
Home,tier2,basic,4568.0,3,48,13704.0,6442525.0,10095623.0,16538149.0,51,3
School,tier2,standard,3883.0,1,12,3883.0,2846090.0,4627287.0,7473377.0,62,2
Hospital,tier2,basic,4152.0,4,59,16608.0,15641459.0,18270138.0,33911596.0,105,4
Office,tier3,standard,2790.0,4,28,11160.0,9385481.0,11027368.0,20412849.0,89,4
School,tier1,standard,5589.0,4,41,22356.0,27209237.0,38564055.0,65773291.0,98,5
Office,tier3,basic,4970.0,2,22,9940.0,4671169.0,7448622.0,12119791.0,86,3
School,tier2,standard,1757.0,2,10,3514.0,3698260.0,5255596.0,8953856.0,64,1
School,tier2,basic,5607.0,3,73,16821.0,12655637.0,16121285.0,28776922.0,53,5
Other,tier1,standard,1710.0,1,3,1710.0,1322756.0,2098561.0,3421317.0,96,1
Road,tier2,standard,56650.0,1,124,56650.0,7761401.0,19073018.0,26834419.0,48,22
School,tier3,standard,5556.0,4,95,22224.0,15911206.0,20458471.0,36369677.0,76,6
School,tier2,standard,2746.0,1,8,2746.0,2020034.0,2662147.0,4682181.0,83,2
Office,tier2,basic,1435.0,1,4,1435.0,854165.0,1318849.0,2173014.0,79,1
Office,tier2,basic,5975.0,2,35,11950.0,8564167.0,13464844.0,22029011.0,62,3
Other,tier2,premium,4844.0,4,108,19376.0,19072589.0,26279239.0,45351828.0,48,3
Office,tier2,standard,2916.0,2,23,5832.0,5582158.0,8656657.0,14238815.0,55,3
Apartment,tier2,standard,5950.0,3,65,17850.0,12989799.0,22625394.0,35615193.0,77,5
Home,tier3,standard,1051.0,4,15,4204.0,2748592.0,4528524.0,7277117.0,53,1
Apartment,tier2,standard,3352.0,2,26,6704.0,4790324.0,8489380.0,13279704.0,70,2
Home,tier1,basic,1422.0,1,8,1422.0,899464.0,1686001.0,2585466.0,30,1
Other,tier3,basic,1435.0,4,17,5740.0,2841991.0,4786438.0,7628429.0,42,2
Hospital,tier2,standard,2348.0,2,17,4696.0,4925073.0,8391943.0,13317016.0,136,3
Home,tier3,basic,3615.0,3,37,10845.0,5020428.0,8974232.0,13994659.0,69,2
Hospital,tier2,basic,1358.0,4,24,5432.0,5840430.0,8404126.0,14244555.0,102,2
School,tier1,standard,3313.0,4,71,13252.0,18569261.0,21019638.0,39588899.0,67,4
Office,tier2,standard,4758.0,4,50,19032.0,15654763.0,26684291.0,42339054.0,75,6
Office,tier1,standard,1221.0,2,9,2442.0,2380619.0,4124559.0,6505178.0,56,1
Hospital,tier3,standard,478.0,3,5,1434.0,1487026.0,1804540.0,3291566.0,137,1
Hospital,tier3,standard,4582.0,2,16,9164.0,14189748.0,12487253.0,26677000.0,172,3
Office,tier2,basic,2672.0,3,36,8016.0,6866382.0,7056598.0,13922980.0,54,2
Apartment,tier2,standard,1464.0,2,15,2928.0,1936287.0,3013550.0,4949838.0,68,2
Office,tier2,standard,5317.0,4,91,21268.0,19055881.0,26151821.0,45207702.0,59,5
Home,tier2,standard,2792.0,4,29,11168.0,10053615.0,11818413.0,21872027.0,60,2
School,tier1,premium,1059.0,4,7,4236.0,7784896.0,11460132.0,19245028.0,112,1
Home,tier3,basic,2129.0,2,17,4258.0,2209096.0,2751381.0,4960477.0,47,2
Office,tier2,standard,3626.0,4,30,14504.0,16653725.0,19035502.0,35689227.0,103,5
Bridge,tier2,basic,28432.0,1,62,28432.0,47662933.0,130538522.0,178201456.0,214,19
Office,tier1,basic,5629.0,3,60,16887.0,14381903.0,23483808.0,37865711.0,61,5
Office,tier3,standard,3913.0,1,16,3913.0,3291891.0,4601670.0,7893561.0,58,2
Hospital,tier3,basic,800.0,3,7,2400.0,2505094.0,2440775.0,4945869.0,112,2
Bridge,tier2,basic,72852.0,1,225,72852.0,142966021.0,227963983.0,370930003.0,210,47
Apartment,tier1,standard,2358.0,4,30,9432.0,9869641.0,14505800.0,24375441.0,74,3
School,tier3,basic,1217.0,2,6,2434.0,1268796.0,1603437.0,2872233.0,72,1
Road,tier2,standard,16443.0,1,48,16443.0,2466984.0,5955449.0,8422433.0,44,7
Office,tier3,basic,1027.0,1,3,1027.0,619228.0,765326.0,1384554.0,67,1
Apartment,tier3,standard,4220.0,3,53,12660.0,10631469.0,14990277.0,25621746.0,63,3
Home,tier3,standard,1790.0,2,24,3580.0,2567390.0,2913301.0,5480691.0,38,2
Office,tier1,standard,2737.0,1,9,2737.0,3467923.0,3769027.0,7236950.0,59,2
Apartment,tier2,standard,1199.0,4,23,4796.0,4390016.0,5555145.0,9945161.0,57,2
Hospital,tier3,premium,5704.0,4,69,22816.0,44241125.0,49017597.0,93258722.0,145,7
School,tier2,basic,5924.0,1,10,5924.0,3468336.0,4554302.0,8022638.0,94,2
Home,tier3,standard,4271.0,2,51,8542.0,4642957.0,7530906.0,12173862.0,45,2
Home,tier2,premium,2257.0,3,16,6771.0,6841305.0,11002911.0,17844216.0,77,2
Road,tier3,standard,69200.0,1,300,69200.0,7622036.0,22262562.0,29884598.0,31,16
Hospital,tier2,premium,2561.0,2,18,5122.0,10981678.0,12777973.0,23759651.0,124,3
Road,tier1,standard,43757.0,1,206,43757.0,6600942.0,19409026.0,26009968.0,32,19
Home,tier2,standard,3788.0,1,12,3788.0,3507834.0,3713907.0,7221740.0,68,1
Home,tier1,basic,1126.0,1,3,1126.0,750438.0,1246206.0,1996644.0,67,1
School,tier2,basic,941.0,3,7,2823.0,1899210.0,2605642.0,4504853.0,78,2
Hospital,tier3,standard,4787.0,3,87,14361.0,14928092.0,21346335.0,36274427.0,93,5
Home,tier1,standard,4475.0,2,33,8950.0,11377287.0,11054317.0,22431604.0,53,2
Home,tier3,standard,4486.0,1,26,4486.0,2972975.0,5205404.0,8178380.0,37,2
Office,tier1,premium,2265.0,4,26,9060.0,19471826.0,22398578.0,41870404.0,96,2
Home,tier2,basic,4170.0,3,52,12510.0,7191461.0,13052899.0,20244360.0,36,3
Bridge,tier3,standard,13070.4,1,24,13070.4,46191528.0,74185763.0,120377291.0,260,7
Home,tier2,premium,3973.0,4,54,15892.0,16345052.0,26288756.0,42633808.0,77,2
School,tier3,premium,2240.0,3,40,6720.0,8031784.0,10935824.0,18967608.0,51,2
Apartment,tier3,premium,1096.0,1,3,1096.0,997963.0,1942357.0,2940320.0,100,1
Other,tier2,standard,5059.0,4,51,20236.0,16381919.0,25201611.0,41583530.0,75,4
Apartment,tier3,premium,4958.0,1,21,4958.0,3462048.0,7452808.0,10914856.0,68,2
Office,tier1,standard,4788.0,3,50,14364.0,15921488.0,21208687.0,37130175.0,61,4
Home,tier2,basic,3956.0,1,22,3956.0,2742286.0,3470461.0,6212747.0,32,2
Office,tier1,basic,3978.0,4,49,15912.0,15364578.0,20690441.0,36055019.0,64,4
Hospital,tier3,standard,4720.0,4,64,18880.0,21730097.0,29439661.0,51169758.0,109,7
Home,tier2,premium,3555.0,4,53,14220.0,15327367.0,25763772.0,41091139.0,53,3
Road,tier2,standard,18577.0,1,39,18577.0,3402184.0,6861305.0,10263490.0,51,9
Office,tier3,standard,4691.0,3,26,14073.0,12799411.0,16697626.0,29497038.0,93,4
Office,tier1,standard,3437.0,1,6,3437.0,3439564.0,5414712.0,8854276.0,111,1
Hospital,tier3,standard,3687.0,4,3,14748.0,16936123.0,25384658.0,42320781.0,950,6
School,tier1,basic,5758.0,1,19,5758.0,4923926.0,6064709.0,10988635.0,71,2
Bridge,tier2,standard,31555.2,1,57,31555.2,125682972.0,183073850.0,308756822.0,280,25
Apartment,tier2,basic,1011.0,1,3,1011.0,556053.0,1080007.0,1636060.0,78,1
Home,tier2,standard,5122.0,2,46,10244.0,10077214.0,11366919.0,21444133.0,40,2
Home,tier2,standard,422.0,3,3,1266.0,763436.0,1254089.0,2017525.0,67,1
Road,tier3,standard,13744.0,1,57,13744.0,2162167.0,3733423.0,5895590.0,34,7
School,tier3,standard,2247.0,3,10,6741.0,5978978.0,8095324.0,14074302.0,111,2
School,tier1,premium,544.0,2,3,1088.0,1644748.0,2143868.0,3788616.0,88,1
Home,tier1,premium,1612.0,2,17,3224.0,5629317.0,7422707.0,13052024.0,52,1
Other,tier1,basic,1385.0,3,12,4155.0,2576833.0,4948539.0,7525372.0,55,2
Office,tier2,basic,3500.0,2,34,7000.0,5043514.0,7461066.0,12504580.0,54,2
Road,tier1,basic,65025.0,1,300,65025.0,9193465.0,22869768.0,32063233.0,27,27
School,tier2,basic,1969.0,3,17,5907.0,3530859.0,4675238.0,8206097.0,69,2
Apartment,tier3,basic,2589.0,2,13,5178.0,2931526.0,4206003.0,7137529.0,67,2
Hospital,tier3,premium,4253.0,4,14,17012.0,25655984.0,42416182.0,68072166.0,346,6
Other,tier3,premium,4175.0,1,15,4175.0,3468283.0,4887518.0,8355801.0,67,2
Home,tier1,basic,5693.0,3,64,17079.0,11678594.0,24166295.0,35844889.0,47,2
School,tier2,standard,3326.0,4,56,13304.0,10795860.0,13034867.0,23830727.0,68,3
Apartment,tier1,premium,4707.0,4,93,18828.0,25509185.0,41749196.0,67258380.0,64,5
Bridge,tier2,standard,38380.0,1,82,38380.0,146035879.0,249588256.0,395624135.0,257,24
Road,tier2,premium,73100.0,1,300,73100.0,17483348.0,38527942.0,56011289.0,33,37
Other,tier3,premium,5085.0,2,31,10170.0,8505278.0,12363507.0,20868786.0,63,2
Home,tier2,premium,5918.0,2,44,11836.0,9901068.0,19795251.0,29696320.0,67,2
Road,tier1,standard,47754.0,1,155,47754.0,6440961.0,21747615.0,28188575.0,32,22
Apartment,tier2,standard,4718.0,1,11,4718.0,3530700.0,5784647.0,9315347.0,85,2
Apartment,tier3,basic,3890.0,4,30,15560.0,8741420.0,11369136.0,20110556.0,93,5
Other,tier1,premium,4940.0,3,53,14820.0,18941349.0,29987379.0,48928728.0,52,2
Apartment,tier3,basic,3475.0,3,23,10425.0,5524578.0,8246955.0,13771532.0,80,3
Home,tier1,standard,1546.0,1,5,1546.0,1491779.0,1909421.0,3401200.0,55,1
Apartment,tier1,basic,2801.0,3,24,8403.0,5490749.0,10000008.0,15490757.0,70,3
Road,tier3,standard,34794.0,1,101,34794.0,4208619.0,8497489.0,12706108.0,37,12
School,tier1,basic,5420.0,1,7,5420.0,4268632.0,5996318.0,10264949.0,111,2
Road,tier2,premium,45917.0,1,3,45917.0,8445300.0,23771662.0,32216962.0,1265,16
Apartment,tier1,standard,1451.0,4,25,5804.0,4950485.0,9048079.0,13998565.0,72,2
School,tier2,standard,1717.0,3,24,5151.0,5407905.0,6066415.0,11474320.0,76,2
Apartment,tier2,standard,3711.0,1,3,3711.0,2495814.0,5474875.0,7970689.0,217,2
Home,tier3,standard,492.0,2,4,984.0,618222.0,969673.0,1587895.0,49,1
Home,tier3,standard,5733.0,3,62,17199.0,11921155.0,17801837.0,29722992.0,50,3
Road,tier2,premium,67527.0,1,121,67527.0,17452482.0,34782449.0,52234931.0,57,20
Home,tier2,premium,5469.0,3,72,16407.0,20071459.0,26169651.0,46241110.0,54,3
Hospital,tier1,standard,517.0,1,3,517.0,928019.0,1065853.0,1993872.0,105,2
Office,tier2,premium,1937.0,4,35,7748.0,8204706.0,12189942.0,20394648.0,60,2
School,tier2,standard,2915.0,1,16,2915.0,2237125.0,3253666.0,5490791.0,60,2
Home,tier1,standard,4715.0,4,85,18860.0,17574578.0,24740700.0,42315278.0,45,3
Home,tier3,standard,4033.0,2,19,8066.0,5058188.0,9676807.0,14734995.0,80,2
School,tier2,standard,2740.0,4,37,10960.0,11369887.0,14686774.0,26056661.0,69,4
Office,tier1,standard,2107.0,1,8,2107.0,1940445.0,2991243.0,4931688.0,60,1
Office,tier3,standard,2251.0,3,34,6753.0,4197914.0,7602981.0,11800894.0,52,2
Office,tier2,basic,2456.0,4,30,9824.0,6333695.0,8633414.0,14967109.0,79,3
Office,tier2,standard,4261.0,4,44,17044.0,18846359.0,22493784.0,41340143.0,81,7
School,tier1,standard,5261.0,2,15,10522.0,12299209.0,15794703.0,28093912.0,136,3
Home,tier2,standard,3068.0,2,27,6136.0,4044999.0,7046150.0,11091149.0,50,2
Road,tier2,premium,126468.0,1,300,126468.0,22668402.0,58736137.0,81404539.0,53,60
Hospital,tier1,basic,2079.0,3,14,6237.0,7499991.0,10182208.0,17682200.0,130,3
Bridge,tier2,basic,1152.0,1,5,1152.0,3987322.0,5889484.0,9876806.0,153,2
School,tier1,standard,405.0,1,3,405.0,479083.0,507189.0,986272.0,46,1
Office,tier1,basic,4599.0,2,16,9198.0,7982697.0,13136822.0,21119519.0,85,3
Apartment,tier1,basic,5717.0,2,56,11434.0,7604486.0,13106268.0,20710754.0,53,3
Road,tier1,standard,13143.0,1,12,13143.0,2779779.0,5967923.0,8747702.0,85,7
Office,tier1,basic,4217.0,4,59,16868.0,17594657.0,21767065.0,39361723.0,61,5
Apartment,tier3,standard,818.0,4,10,3272.0,2284517.0,3607285.0,5891802.0,82,2
School,tier2,basic,5167.0,3,22,15501.0,11324338.0,15450348.0,26774685.0,130,4
School,tier1,basic,3136.0,1,12,3136.0,3128185.0,3528665.0,6656850.0,56,1
Apartment,tier2,standard,2778.0,2,14,5556.0,4274371.0,6859217.0,11133588.0,90,2
Home,tier1,premium,5576.0,2,59,11152.0,17188835.0,20247276.0,37436111.0,46,2
Apartment,tier2,standard,5583.0,3,75,16749.0,14935397.0,21797154.0,36732551.0,51,4
Hospital,tier3,basic,1650.0,2,12,3300.0,3609242.0,3556289.0,7165530.0,132,2
Road,tier2,standard,31990.0,1,14,31990.0,3827470.0,9580442.0,13407912.0,165,12
Office,tier2,standard,1573.0,4,17,6292.0,5516673.0,7412115.0,12928788.0,76,2
Home,tier1,standard,4948.0,3,39,14844.0,14310857.0,26918500.0,41229356.0,73,3
Apartment,tier1,basic,4766.0,4,90,19064.0,13261851.0,22688572.0,35950423.0,69,4
Home,tier3,basic,3221.0,2,23,6442.0,3944660.0,4751996.0,8696656.0,51,1
Office,tier2,standard,3715.0,3,41,11145.0,8628071.0,15033602.0,23661672.0,83,3
Hospital,tier2,standard,2607.0,2,24,5214.0,6695307.0,7891486.0,14586792.0,103,3
Hospital,tier3,premium,2664.0,2,28,5328.0,8939802.0,12302291.0,21242093.0,118,3
Home,tier2,standard,3284.0,2,33,6568.0,6015337.0,7268249.0,13283586.0,41,2
Apartment,tier3,standard,5230.0,3,62,15690.0,8701266.0,15667855.0,24369122.0,61,4
Bridge,tier2,standard,14617.6,1,44,14617.6,37948034.0,103067965.0,141015999.0,206,11
Apartment,tier1,standard,3662.0,3,42,10986.0,9442066.0,16951810.0,26393876.0,76,3
Home,tier1,standard,4361.0,4,57,17444.0,19452040.0,26337968.0,45790008.0,55,3
Home,tier2,basic,5553.0,3,71,16659.0,8701578.0,15803475.0,24505054.0,49,3
School,tier1,premium,5218.0,3,42,15654.0,27095681.0,33326579.0,60422259.0,97,5
Home,tier2,basic,2461.0,4,43,9844.0,5328813.0,8629942.0,13958755.0,43,2
Bridge,tier2,standard,18520.0,1,63,18520.0,36797911.0,104078824.0,140876735.0,201,13
Home,tier2,standard,2886.0,1,11,2886.0,2091681.0,2839186.0,4930867.0,49,1
Apartment,tier2,premium,926.0,1,3,926.0,995055.0,1764643.0,2759698.0,94,1
Apartment,tier2,basic,816.0,1,3,816.0,370056.0,860104.0,1230160.0,62,1
Apartment,tier2,premium,1550.0,1,6,1550.0,1355468.0,2611770.0,3967239.0,82,1
Other,tier3,basic,2459.0,1,8,2459.0,1114754.0,1877988.0,2992742.0,54,2
Apartment,tier1,basic,2640.0,3,5,7920.0,7279071.0,8558758.0,15837829.0,224,2
Road,tier3,premium,37552.0,1,71,37552.0,7630013.0,16248630.0,23878642.0,39,16
Road,tier1,basic,137844.0,1,300,137844.0,13898592.0,42521604.0,56420196.0,39,57
Apartment,tier1,standard,583.0,4,12,2332.0,2874891.0,4432747.0,7307638.0,52,2
Apartment,tier2,standard,5504.0,4,67,22016.0,19671838.0,29410458.0,49082297.0,81,4
Other,tier1,premium,1832.0,2,10,3664.0,4829743.0,8815374.0,13645117.0,75,1
Apartment,tier1,standard,4034.0,1,18,4034.0,3231229.0,5882249.0,9113478.0,52,2
Office,tier1,basic,3147.0,2,21,6294.0,4626717.0,6036476.0,10663193.0,68,2
Apartment,tier2,premium,2417.0,4,41,9668.0,9491843.0,17584662.0,27076505.0,71,4
Apartment,tier2,basic,1785.0,4,21,7140.0,5275996.0,7300781.0,12576777.0,71,2
Hospital,tier1,standard,759.0,1,3,759.0,1232659.0,1162379.0,2395038.0,116,1
Apartment,tier2,standard,1010.0,1,4,1010.0,822895.0,1410455.0,2233350.0,68,1
School,tier1,standard,4192.0,3,52,12576.0,14922232.0,16774597.0,31696829.0,78,5
Apartment,tier3,standard,2928.0,4,35,11712.0,9500187.0,12518190.0,22018377.0,85,4
Home,tier1,premium,5820.0,4,47,23280.0,38520891.0,48606142.0,87127033.0,98,4
Apartment,tier2,standard,1227.0,4,7,4908.0,3799099.0,6336884.0,10135983.0,134,3
Home,tier2,premium,5609.0,2,17,11218.0,11036626.0,18790306.0,29826933.0,120,2
Office,tier2,basic,881.0,4,9,3524.0,2321814.0,3296822.0,5618637.0,71,2
Home,tier3,standard,4503.0,3,50,13509.0,12040218.0,14732053.0,26772270.0,59,2
Road,tier2,standard,109450.0,1,152,109450.0,18299280.0,37722915.0,56022194.0,73,45
Office,tier2,basic,1262.0,1,3,1262.0,785476.0,908239.0,1693715.0,76,1
Other,tier2,standard,3065.0,3,35,9195.0,5482498.0,9217169.0,14699667.0,56,2
